evaluation_mode,normalization,classifier,feature_name,fold_count,variance_survival_count,variance_survival_frequency,top_k_survival_count,top_k_survival_frequency,final_selection_count,final_selection_frequency,variance_removal_count,top_k_removal_count,correlation_pruning_removal_count,median_ranking_position,mean_ranking_position,ranking_position_standard_deviation,median_model_input_position,mean_model_input_position,mean_feature_importance,median_feature_importance,feature_importance_standard_deviation,minimum_feature_importance,maximum_feature_importance,importance_cv,stability_category
common_rows,calibration_median,extra_trees,minimum,20,20,1.0,0,0.0,0,0.0,0,20,0,25.0,25.05,1.9861361590045288,,,0.020124343641106504,0.0201461034427877,0.0018527739227992492,0.0160869069725422,0.0230968214149796,0.09206630317198149,low
common_rows,calibration_median,extra_trees,maximum,20,20,1.0,1,0.05,1,0.05,0,19,0,24.5,24.4,2.5214866124653734,15.0,15.0,0.020564888688093596,0.0208505228378567,0.0023829858349862436,0.0139163149810679,0.0240833186717649,0.1158764275911649,low
common_rows,calibration_median,extra_trees,mean,20,20,1.0,0,0.0,0,0.0,0,20,0,34.0,34.0,0.0,,,0.007981540716827402,0.0080430333092586,0.0008151008699760502,0.0054142936018711,0.0091651596777493,0.1021232489934658,low
common_rows,calibration_median,extra_trees,median,20,20,1.0,20,1.0,20,1.0,0,0,0,1.0,1.15,0.36634754853252327,1.0,1.15,0.07222812516770219,0.07286902075168825,0.007190120500474276,0.056045725138244,0.0809013480386564,0.09954737830699555,very_high
common_rows,calibration_median,extra_trees,kurtosis,20,20,1.0,18,0.9,18,0.9,0,2,0,15.0,14.7,3.628831912975796,12.0,11.777777777777779,0.03017541693941317,0.030089653833629798,0.0035804888484658065,0.0226825964425488,0.0360137590464356,0.11865582025444045,very_high
common_rows,calibration_median,extra_trees,skewness,20,20,1.0,20,1.0,20,1.0,0,0,0,7.5,8.2,3.2702808506465106,7.0,7.4,0.03819832953425916,0.0378053004428104,0.0041229432347977685,0.0321690722884334,0.0470619693863097,0.10793517112050673,very_high
common_rows,calibration_median,extra_trees,mean_absolute_value,20,20,1.0,17,0.85,17,0.85,0,3,0,18.0,17.3,3.9349981609037368,14.0,13.294117647058824,0.02765695813409269,0.0267922030006158,0.0037726153462469604,0.0214117552802719,0.0388549192948489,0.13640745768047655,high
common_rows,calibration_median,extra_trees,root_mean_square,20,20,1.0,7,0.35,7,0.35,0,13,0,22.0,21.25,2.29128784747792,16.0,15.285714285714286,0.02378270642131194,0.0235448902157,0.0022860759618603126,0.0198313364294181,0.0306239254218719,0.09612345716094511,low
common_rows,calibration_median,extra_trees,peak_to_peak,20,20,1.0,0,0.0,0,0.0,0,20,0,29.0,28.6,1.5694450913417908,,,0.016685735663160707,0.01626416487515195,0.0011644965681288438,0.0144012783911352,0.0192229360560004,0.0697899446351566,low
common_rows,calibration_median,extra_trees,waveform_length,20,20,1.0,20,1.0,20,1.0,0,0,0,6.0,7.45,3.7623480910057667,6.0,6.75,0.04052359417497505,0.0396982183011555,0.006911000910012579,0.0308410815588416,0.0573078862426439,0.17054264437087863,very_high
common_rows,calibration_median,extra_trees,zero_crossing_count,20,20,1.0,0,0.0,0,0.0,0,20,0,27.0,26.75,1.118033988749895,,,0.018493118304791393,0.01852398692485125,0.0016923781207496924,0.0159848107870562,0.0226840288700939,0.09151394009690692,low
common_rows,calibration_median,extra_trees,slope_sign_change_count,20,20,1.0,20,1.0,20,1.0,0,0,0,10.0,10.85,4.648429276308516,9.0,9.7,0.03442582361917024,0.03474318433029995,0.006362154310334615,0.0256130427273514,0.048046087524427,0.1848076136308271,very_high
common_rows,calibration_median,extra_trees,approximate_entropy,20,20,1.0,20,1.0,20,1.0,0,0,0,6.0,7.6,3.9256243217849405,6.0,6.9,0.03945805897349731,0.0393466044375609,0.006304258114523179,0.029287412011861,0.0538784955289035,0.15977111592735832,very_high
common_rows,calibration_median,extra_trees,permutation_entropy,20,20,1.0,18,0.9,0,0.0,0,2,18,15.5,15.4,4.083342284272324,,,0.02907791707772901,0.0290147742275987,0.004241950690772048,0.0213998302900031,0.0384156265014443,0.1458822060546073,low
common_rows,calibration_median,extra_trees,fuzzy_entropy,20,20,1.0,20,1.0,20,1.0,0,0,0,2.0,2.2,0.6958523739384594,2.0,2.2,0.06005190497976729,0.06206309092376615,0.0072835691036533595,0.0437906235815934,0.0721118404115792,0.12128789429922901,very_high
common_rows,calibration_median,extra_trees,distribution_entropy,20,20,1.0,0,0.0,0,0.0,0,20,0,32.0,32.2,0.6155870112510924,,,0.012932602433730036,0.012959809552514651,0.0009350756062367803,0.0104960666262652,0.0142915377200622,0.07230374636724102,low
common_rows,calibration_median,extra_trees,svd_entropy,20,20,1.0,20,1.0,20,1.0,0,0,0,3.0,3.15,1.0399898784932577,3.0,3.15,0.05356206369303188,0.053642572793929144,0.007121150611487598,0.0417190700869885,0.0649129298470062,0.13295138612095744,very_high
common_rows,calibration_median,extra_trees,lempel_ziv_complexity,20,20,1.0,20,1.0,20,1.0,0,0,0,5.5,6.05,2.30502882731146,5.5,5.7,0.04111055668412076,0.041685643114777945,0.005335677554932989,0.0311426864701492,0.054574251251636,0.12978850167197886,very_high
common_rows,calibration_median,extra_trees,hjorth_mobility,20,20,1.0,20,1.0,0,0.0,0,0,20,11.5,11.6,3.604091242492416,,,0.033240163523221844,0.03330289724034015,0.0045461619212190585,0.0256810006459495,0.0428592718662195,0.13676713467558826,low
common_rows,calibration_median,extra_trees,hjorth_complexity,20,20,1.0,10,0.5,9,0.45,0,10,1,20.5,20.55,3.2521248114845904,15.0,14.88888888888889,0.02404179861682077,0.024526216407636553,0.002747318364395983,0.0176896433245832,0.0293401914564641,0.11427258035818626,low
common_rows,calibration_median,extra_trees,katz_fractal_dimension,20,20,1.0,0,0.0,0,0.0,0,20,0,33.0,32.65,0.5871429486124,,,0.012169464029483395,0.0122389902425284,0.000994662760039212,0.0099496458580695,0.0135501114248637,0.08173431119311475,low
common_rows,calibration_median,extra_trees,higuchi_fractal_dimension,20,20,1.0,14,0.7,14,0.7,0,6,0,19.5,19.55,3.940010686600522,14.5,14.071428571428571,0.025461834059182214,0.025384405378616498,0.0032083644784390037,0.0195246803614186,0.0309698929668096,0.1260068096815666,moderate
common_rows,calibration_median,extra_trees,detrended_fluctuation_analysis,20,20,1.0,19,0.95,19,0.95,0,1,0,14.5,14.45,3.9666371810786765,12.0,11.526315789473685,0.03051257722360115,0.03030110439266495,0.004271282014597501,0.0225249813341268,0.0383182912186449,0.13998430821811111,very_high
common_rows,calibration_median,extra_trees,mean_frequency,20,20,1.0,20,1.0,0,0.0,0,0,20,15.0,14.9,2.653696528082647,,,0.029872730759818212,0.0295728720201118,0.003425482151649989,0.0238375902318733,0.0369436476017662,0.11466920045547369,low
common_rows,calibration_median,extra_trees,median_frequency,20,20,1.0,20,1.0,20,1.0,0,0,0,11.0,10.7,3.700640058436549,10.0,9.6,0.034552537556359696,0.0342532879256707,0.004630330065995432,0.0275341094540116,0.0438900526576765,0.1340083939838792,very_high
common_rows,calibration_median,extra_trees,spectral_edge_frequency_95,20,20,1.0,20,1.0,0,0.0,0,0,20,9.5,10.55,3.9533463506782516,,,0.03517408819587657,0.03550859148483365,0.005989132062460525,0.0276445483016909,0.0533308709853703,0.17027113905862742,low
common_rows,calibration_median,extra_trees,spectral_entropy,20,20,1.0,20,1.0,20,1.0,0,0,0,10.5,10.65,3.0655127501043986,10.0,9.4,0.03484736132438583,0.0331575693835135,0.0044963901404076675,0.0279092625520005,0.0447895710150592,0.12903100750016155,very_high
common_rows,calibration_median,extra_trees,AvgSampEn,20,20,1.0,0,0.0,0,0.0,0,20,0,30.5,30.4,0.8207826816681233,,,0.015182767632352434,0.0148763977611032,0.0012856869072917652,0.0127154436754354,0.0178994259469372,0.08468066813801059,low
common_rows,calibration_median,extra_trees,MaxSampEn,20,20,1.0,7,0.35,7,0.35,0,13,0,22.0,21.45,3.456115860631015,14.0,14.142857142857142,0.02323553195612834,0.023001949141574198,0.003123695796698915,0.0176855395792472,0.0287187161790829,0.13443616451720808,low
common_rows,calibration_median,extra_trees,MedianSampEn,20,20,1.0,19,0.95,19,0.95,0,1,0,8.0,8.95,4.547700402111865,7.0,7.2631578947368425,0.036809113296455795,0.03714374212260475,0.005313964929411851,0.0195522146529749,0.0453386806395512,0.14436546967632366,very_high
common_rows,calibration_median,extra_trees,StdSampEn,20,20,1.0,3,0.15,3,0.15,0,17,0,24.0,23.05,2.4596747752497685,15.0,15.333333333333334,0.02185185384314379,0.02154688148180755,0.0027164880650228525,0.0173889101155617,0.026963439054585,0.12431384927440262,low
common_rows,calibration_median,extra_trees,KurtosisSampEn,20,20,1.0,0,0.0,0,0.0,0,20,0,28.0,28.15,0.9333020044867295,,,0.01702422878660504,0.01681098297308695,0.0012491482504875693,0.0149230496082748,0.0191621778694544,0.0733747335133572,low
common_rows,calibration_median,extra_trees,SkewnessSampEn,20,20,1.0,0,0.0,0,0.0,0,20,0,30.0,30.15,1.0399898784932577,,,0.01514662003291865,0.01511871737427185,0.0010307093145099624,0.0132672665194079,0.0172261801468527,0.06804879981605717,low
common_rows,calibration_median,extra_trees,AUC_SampEn,20,20,1.0,7,0.35,7,0.35,0,13,0,21.0,20.95,2.781044862334261,16.0,15.142857142857142,0.023843644316864258,0.02415871563192865,0.0027591209663506183,0.0200703092459256,0.0318169470009671,0.11571725067208509,low
common_rows,calibration_median,logistic_regression,minimum,20,20,1.0,0,0.0,0,0.0,0,20,0,25.0,25.05,1.9861361590045288,,,0.020124343641106504,0.0201461034427877,0.0018527739227992492,0.0160869069725422,0.0230968214149796,0.09206630317198149,low
common_rows,calibration_median,logistic_regression,maximum,20,20,1.0,1,0.05,1,0.05,0,19,0,24.5,24.4,2.5214866124653734,15.0,15.0,0.020564888688093596,0.0208505228378567,0.0023829858349862436,0.0139163149810679,0.0240833186717649,0.1158764275911649,low
common_rows,calibration_median,logistic_regression,mean,20,20,1.0,0,0.0,0,0.0,0,20,0,34.0,34.0,0.0,,,0.007981540716827402,0.0080430333092586,0.0008151008699760502,0.0054142936018711,0.0091651596777493,0.1021232489934658,low
common_rows,calibration_median,logistic_regression,median,20,20,1.0,20,1.0,20,1.0,0,0,0,1.0,1.15,0.36634754853252327,1.0,1.15,0.07222812516770219,0.07286902075168825,0.007190120500474276,0.056045725138244,0.0809013480386564,0.09954737830699555,very_high
common_rows,calibration_median,logistic_regression,kurtosis,20,20,1.0,18,0.9,18,0.9,0,2,0,15.0,14.7,3.628831912975796,12.0,11.777777777777779,0.03017541693941317,0.030089653833629798,0.0035804888484658065,0.0226825964425488,0.0360137590464356,0.11865582025444045,very_high
common_rows,calibration_median,logistic_regression,skewness,20,20,1.0,20,1.0,20,1.0,0,0,0,7.5,8.2,3.2702808506465106,7.0,7.4,0.03819832953425916,0.0378053004428104,0.0041229432347977685,0.0321690722884334,0.0470619693863097,0.10793517112050673,very_high
common_rows,calibration_median,logistic_regression,mean_absolute_value,20,20,1.0,17,0.85,17,0.85,0,3,0,18.0,17.3,3.9349981609037368,14.0,13.294117647058824,0.02765695813409269,0.0267922030006158,0.0037726153462469604,0.0214117552802719,0.0388549192948489,0.13640745768047655,high
common_rows,calibration_median,logistic_regression,root_mean_square,20,20,1.0,7,0.35,7,0.35,0,13,0,22.0,21.25,2.29128784747792,16.0,15.285714285714286,0.02378270642131194,0.0235448902157,0.0022860759618603126,0.0198313364294181,0.0306239254218719,0.09612345716094511,low
common_rows,calibration_median,logistic_regression,peak_to_peak,20,20,1.0,0,0.0,0,0.0,0,20,0,29.0,28.6,1.5694450913417908,,,0.016685735663160707,0.01626416487515195,0.0011644965681288438,0.0144012783911352,0.0192229360560004,0.0697899446351566,low
common_rows,calibration_median,logistic_regression,waveform_length,20,20,1.0,20,1.0,20,1.0,0,0,0,6.0,7.45,3.7623480910057667,6.0,6.75,0.04052359417497505,0.0396982183011555,0.006911000910012579,0.0308410815588416,0.0573078862426439,0.17054264437087863,very_high
common_rows,calibration_median,logistic_regression,zero_crossing_count,20,20,1.0,0,0.0,0,0.0,0,20,0,27.0,26.75,1.118033988749895,,,0.018493118304791393,0.01852398692485125,0.0016923781207496924,0.0159848107870562,0.0226840288700939,0.09151394009690692,low
common_rows,calibration_median,logistic_regression,slope_sign_change_count,20,20,1.0,20,1.0,20,1.0,0,0,0,10.0,10.85,4.648429276308516,9.0,9.7,0.03442582361917024,0.03474318433029995,0.006362154310334615,0.0256130427273514,0.048046087524427,0.1848076136308271,very_high
common_rows,calibration_median,logistic_regression,approximate_entropy,20,20,1.0,20,1.0,20,1.0,0,0,0,6.0,7.6,3.9256243217849405,6.0,6.9,0.03945805897349731,0.0393466044375609,0.006304258114523179,0.029287412011861,0.0538784955289035,0.15977111592735832,very_high
common_rows,calibration_median,logistic_regression,permutation_entropy,20,20,1.0,18,0.9,0,0.0,0,2,18,15.5,15.4,4.083342284272324,,,0.02907791707772901,0.0290147742275987,0.004241950690772048,0.0213998302900031,0.0384156265014443,0.1458822060546073,low
common_rows,calibration_median,logistic_regression,fuzzy_entropy,20,20,1.0,20,1.0,20,1.0,0,0,0,2.0,2.2,0.6958523739384594,2.0,2.2,0.06005190497976729,0.06206309092376615,0.0072835691036533595,0.0437906235815934,0.0721118404115792,0.12128789429922901,very_high
common_rows,calibration_median,logistic_regression,distribution_entropy,20,20,1.0,0,0.0,0,0.0,0,20,0,32.0,32.2,0.6155870112510924,,,0.012932602433730036,0.012959809552514651,0.0009350756062367803,0.0104960666262652,0.0142915377200622,0.07230374636724102,low
common_rows,calibration_median,logistic_regression,svd_entropy,20,20,1.0,20,1.0,20,1.0,0,0,0,3.0,3.15,1.0399898784932577,3.0,3.15,0.05356206369303188,0.053642572793929144,0.007121150611487598,0.0417190700869885,0.0649129298470062,0.13295138612095744,very_high
common_rows,calibration_median,logistic_regression,lempel_ziv_complexity,20,20,1.0,20,1.0,20,1.0,0,0,0,5.5,6.05,2.30502882731146,5.5,5.7,0.04111055668412076,0.041685643114777945,0.005335677554932989,0.0311426864701492,0.054574251251636,0.12978850167197886,very_high
common_rows,calibration_median,logistic_regression,hjorth_mobility,20,20,1.0,20,1.0,0,0.0,0,0,20,11.5,11.6,3.604091242492416,,,0.033240163523221844,0.03330289724034015,0.0045461619212190585,0.0256810006459495,0.0428592718662195,0.13676713467558826,low
common_rows,calibration_median,logistic_regression,hjorth_complexity,20,20,1.0,10,0.5,9,0.45,0,10,1,20.5,20.55,3.2521248114845904,15.0,14.88888888888889,0.02404179861682077,0.024526216407636553,0.002747318364395983,0.0176896433245832,0.0293401914564641,0.11427258035818626,low
common_rows,calibration_median,logistic_regression,katz_fractal_dimension,20,20,1.0,0,0.0,0,0.0,0,20,0,33.0,32.65,0.5871429486124,,,0.012169464029483395,0.0122389902425284,0.000994662760039212,0.0099496458580695,0.0135501114248637,0.08173431119311475,low
common_rows,calibration_median,logistic_regression,higuchi_fractal_dimension,20,20,1.0,14,0.7,14,0.7,0,6,0,19.5,19.55,3.940010686600522,14.5,14.071428571428571,0.025461834059182214,0.025384405378616498,0.0032083644784390037,0.0195246803614186,0.0309698929668096,0.1260068096815666,moderate
common_rows,calibration_median,logistic_regression,detrended_fluctuation_analysis,20,20,1.0,19,0.95,19,0.95,0,1,0,14.5,14.45,3.9666371810786765,12.0,11.526315789473685,0.03051257722360115,0.03030110439266495,0.004271282014597501,0.0225249813341268,0.0383182912186449,0.13998430821811111,very_high
common_rows,calibration_median,logistic_regression,mean_frequency,20,20,1.0,20,1.0,0,0.0,0,0,20,15.0,14.9,2.653696528082647,,,0.029872730759818212,0.0295728720201118,0.003425482151649989,0.0238375902318733,0.0369436476017662,0.11466920045547369,low
common_rows,calibration_median,logistic_regression,median_frequency,20,20,1.0,20,1.0,20,1.0,0,0,0,11.0,10.7,3.700640058436549,10.0,9.6,0.034552537556359696,0.0342532879256707,0.004630330065995432,0.0275341094540116,0.0438900526576765,0.1340083939838792,very_high
common_rows,calibration_median,logistic_regression,spectral_edge_frequency_95,20,20,1.0,20,1.0,0,0.0,0,0,20,9.5,10.55,3.9533463506782516,,,0.03517408819587657,0.03550859148483365,0.005989132062460525,0.0276445483016909,0.0533308709853703,0.17027113905862742,low
common_rows,calibration_median,logistic_regression,spectral_entropy,20,20,1.0,20,1.0,20,1.0,0,0,0,10.5,10.65,3.0655127501043986,10.0,9.4,0.03484736132438583,0.0331575693835135,0.0044963901404076675,0.0279092625520005,0.0447895710150592,0.12903100750016155,very_high
common_rows,calibration_median,logistic_regression,AvgSampEn,20,20,1.0,0,0.0,0,0.0,0,20,0,30.5,30.4,0.8207826816681233,,,0.015182767632352434,0.0148763977611032,0.0012856869072917652,0.0127154436754354,0.0178994259469372,0.08468066813801059,low
common_rows,calibration_median,logistic_regression,MaxSampEn,20,20,1.0,7,0.35,7,0.35,0,13,0,22.0,21.45,3.456115860631015,14.0,14.142857142857142,0.02323553195612834,0.023001949141574198,0.003123695796698915,0.0176855395792472,0.0287187161790829,0.13443616451720808,low
common_rows,calibration_median,logistic_regression,MedianSampEn,20,20,1.0,19,0.95,19,0.95,0,1,0,8.0,8.95,4.547700402111865,7.0,7.2631578947368425,0.036809113296455795,0.03714374212260475,0.005313964929411851,0.0195522146529749,0.0453386806395512,0.14436546967632366,very_high
common_rows,calibration_median,logistic_regression,StdSampEn,20,20,1.0,3,0.15,3,0.15,0,17,0,24.0,23.05,2.4596747752497685,15.0,15.333333333333334,0.02185185384314379,0.02154688148180755,0.0027164880650228525,0.0173889101155617,0.026963439054585,0.12431384927440262,low
common_rows,calibration_median,logistic_regression,KurtosisSampEn,20,20,1.0,0,0.0,0,0.0,0,20,0,28.0,28.15,0.9333020044867295,,,0.01702422878660504,0.01681098297308695,0.0012491482504875693,0.0149230496082748,0.0191621778694544,0.0733747335133572,low
common_rows,calibration_median,logistic_regression,SkewnessSampEn,20,20,1.0,0,0.0,0,0.0,0,20,0,30.0,30.15,1.0399898784932577,,,0.01514662003291865,0.01511871737427185,0.0010307093145099624,0.0132672665194079,0.0172261801468527,0.06804879981605717,low
common_rows,calibration_median,logistic_regression,AUC_SampEn,20,20,1.0,7,0.35,7,0.35,0,13,0,21.0,20.95,2.781044862334261,16.0,15.142857142857142,0.023843644316864258,0.02415871563192865,0.0027591209663506183,0.0200703092459256,0.0318169470009671,0.11571725067208509,low
common_rows,calibration_median,random_forest,minimum,20,20,1.0,0,0.0,0,0.0,0,20,0,25.0,25.05,1.9861361590045288,,,0.020124343641106504,0.0201461034427877,0.0018527739227992492,0.0160869069725422,0.0230968214149796,0.09206630317198149,low
common_rows,calibration_median,random_forest,maximum,20,20,1.0,1,0.05,1,0.05,0,19,0,24.5,24.4,2.5214866124653734,15.0,15.0,0.020564888688093596,0.0208505228378567,0.0023829858349862436,0.0139163149810679,0.0240833186717649,0.1158764275911649,low
common_rows,calibration_median,random_forest,mean,20,20,1.0,0,0.0,0,0.0,0,20,0,34.0,34.0,0.0,,,0.007981540716827402,0.0080430333092586,0.0008151008699760502,0.0054142936018711,0.0091651596777493,0.1021232489934658,low
common_rows,calibration_median,random_forest,median,20,20,1.0,20,1.0,20,1.0,0,0,0,1.0,1.15,0.36634754853252327,1.0,1.15,0.07222812516770219,0.07286902075168825,0.007190120500474276,0.056045725138244,0.0809013480386564,0.09954737830699555,very_high
common_rows,calibration_median,random_forest,kurtosis,20,20,1.0,18,0.9,18,0.9,0,2,0,15.0,14.7,3.628831912975796,12.0,11.777777777777779,0.03017541693941317,0.030089653833629798,0.0035804888484658065,0.0226825964425488,0.0360137590464356,0.11865582025444045,very_high
common_rows,calibration_median,random_forest,skewness,20,20,1.0,20,1.0,20,1.0,0,0,0,7.5,8.2,3.2702808506465106,7.0,7.4,0.03819832953425916,0.0378053004428104,0.0041229432347977685,0.0321690722884334,0.0470619693863097,0.10793517112050673,very_high
common_rows,calibration_median,random_forest,mean_absolute_value,20,20,1.0,17,0.85,17,0.85,0,3,0,18.0,17.3,3.9349981609037368,14.0,13.294117647058824,0.02765695813409269,0.0267922030006158,0.0037726153462469604,0.0214117552802719,0.0388549192948489,0.13640745768047655,high
common_rows,calibration_median,random_forest,root_mean_square,20,20,1.0,7,0.35,7,0.35,0,13,0,22.0,21.25,2.29128784747792,16.0,15.285714285714286,0.02378270642131194,0.0235448902157,0.0022860759618603126,0.0198313364294181,0.0306239254218719,0.09612345716094511,low
common_rows,calibration_median,random_forest,peak_to_peak,20,20,1.0,0,0.0,0,0.0,0,20,0,29.0,28.6,1.5694450913417908,,,0.016685735663160707,0.01626416487515195,0.0011644965681288438,0.0144012783911352,0.0192229360560004,0.0697899446351566,low
common_rows,calibration_median,random_forest,waveform_length,20,20,1.0,20,1.0,20,1.0,0,0,0,6.0,7.45,3.7623480910057667,6.0,6.75,0.04052359417497505,0.0396982183011555,0.006911000910012579,0.0308410815588416,0.0573078862426439,0.17054264437087863,very_high
common_rows,calibration_median,random_forest,zero_crossing_count,20,20,1.0,0,0.0,0,0.0,0,20,0,27.0,26.75,1.118033988749895,,,0.018493118304791393,0.01852398692485125,0.0016923781207496924,0.0159848107870562,0.0226840288700939,0.09151394009690692,low
common_rows,calibration_median,random_forest,slope_sign_change_count,20,20,1.0,20,1.0,20,1.0,0,0,0,10.0,10.85,4.648429276308516,9.0,9.7,0.03442582361917024,0.03474318433029995,0.006362154310334615,0.0256130427273514,0.048046087524427,0.1848076136308271,very_high
common_rows,calibration_median,random_forest,approximate_entropy,20,20,1.0,20,1.0,20,1.0,0,0,0,6.0,7.6,3.9256243217849405,6.0,6.9,0.03945805897349731,0.0393466044375609,0.006304258114523179,0.029287412011861,0.0538784955289035,0.15977111592735832,very_high
common_rows,calibration_median,random_forest,permutation_entropy,20,20,1.0,18,0.9,0,0.0,0,2,18,15.5,15.4,4.083342284272324,,,0.02907791707772901,0.0290147742275987,0.004241950690772048,0.0213998302900031,0.0384156265014443,0.1458822060546073,low
common_rows,calibration_median,random_forest,fuzzy_entropy,20,20,1.0,20,1.0,20,1.0,0,0,0,2.0,2.2,0.6958523739384594,2.0,2.2,0.06005190497976729,0.06206309092376615,0.0072835691036533595,0.0437906235815934,0.0721118404115792,0.12128789429922901,very_high
common_rows,calibration_median,random_forest,distribution_entropy,20,20,1.0,0,0.0,0,0.0,0,20,0,32.0,32.2,0.6155870112510924,,,0.012932602433730036,0.012959809552514651,0.0009350756062367803,0.0104960666262652,0.0142915377200622,0.07230374636724102,low
common_rows,calibration_median,random_forest,svd_entropy,20,20,1.0,20,1.0,20,1.0,0,0,0,3.0,3.15,1.0399898784932577,3.0,3.15,0.05356206369303188,0.053642572793929144,0.007121150611487598,0.0417190700869885,0.0649129298470062,0.13295138612095744,very_high
common_rows,calibration_median,random_forest,lempel_ziv_complexity,20,20,1.0,20,1.0,20,1.0,0,0,0,5.5,6.05,2.30502882731146,5.5,5.7,0.04111055668412076,0.041685643114777945,0.005335677554932989,0.0311426864701492,0.054574251251636,0.12978850167197886,very_high
common_rows,calibration_median,random_forest,hjorth_mobility,20,20,1.0,20,1.0,0,0.0,0,0,20,11.5,11.6,3.604091242492416,,,0.033240163523221844,0.03330289724034015,0.0045461619212190585,0.0256810006459495,0.0428592718662195,0.13676713467558826,low
common_rows,calibration_median,random_forest,hjorth_complexity,20,20,1.0,10,0.5,9,0.45,0,10,1,20.5,20.55,3.2521248114845904,15.0,14.88888888888889,0.02404179861682077,0.024526216407636553,0.002747318364395983,0.0176896433245832,0.0293401914564641,0.11427258035818626,low
common_rows,calibration_median,random_forest,katz_fractal_dimension,20,20,1.0,0,0.0,0,0.0,0,20,0,33.0,32.65,0.5871429486124,,,0.012169464029483395,0.0122389902425284,0.000994662760039212,0.0099496458580695,0.0135501114248637,0.08173431119311475,low
common_rows,calibration_median,random_forest,higuchi_fractal_dimension,20,20,1.0,14,0.7,14,0.7,0,6,0,19.5,19.55,3.940010686600522,14.5,14.071428571428571,0.025461834059182214,0.025384405378616498,0.0032083644784390037,0.0195246803614186,0.0309698929668096,0.1260068096815666,moderate
common_rows,calibration_median,random_forest,detrended_fluctuation_analysis,20,20,1.0,19,0.95,19,0.95,0,1,0,14.5,14.45,3.9666371810786765,12.0,11.526315789473685,0.03051257722360115,0.03030110439266495,0.004271282014597501,0.0225249813341268,0.0383182912186449,0.13998430821811111,very_high
common_rows,calibration_median,random_forest,mean_frequency,20,20,1.0,20,1.0,0,0.0,0,0,20,15.0,14.9,2.653696528082647,,,0.029872730759818212,0.0295728720201118,0.003425482151649989,0.0238375902318733,0.0369436476017662,0.11466920045547369,low
common_rows,calibration_median,random_forest,median_frequency,20,20,1.0,20,1.0,20,1.0,0,0,0,11.0,10.7,3.700640058436549,10.0,9.6,0.034552537556359696,0.0342532879256707,0.004630330065995432,0.0275341094540116,0.0438900526576765,0.1340083939838792,very_high
common_rows,calibration_median,random_forest,spectral_edge_frequency_95,20,20,1.0,20,1.0,0,0.0,0,0,20,9.5,10.55,3.9533463506782516,,,0.03517408819587657,0.03550859148483365,0.005989132062460525,0.0276445483016909,0.0533308709853703,0.17027113905862742,low
common_rows,calibration_median,random_forest,spectral_entropy,20,20,1.0,20,1.0,20,1.0,0,0,0,10.5,10.65,3.0655127501043986,10.0,9.4,0.03484736132438583,0.0331575693835135,0.0044963901404076675,0.0279092625520005,0.0447895710150592,0.12903100750016155,very_high
common_rows,calibration_median,random_forest,AvgSampEn,20,20,1.0,0,0.0,0,0.0,0,20,0,30.5,30.4,0.8207826816681233,,,0.015182767632352434,0.0148763977611032,0.0012856869072917652,0.0127154436754354,0.0178994259469372,0.08468066813801059,low
common_rows,calibration_median,random_forest,MaxSampEn,20,20,1.0,7,0.35,7,0.35,0,13,0,22.0,21.45,3.456115860631015,14.0,14.142857142857142,0.02323553195612834,0.023001949141574198,0.003123695796698915,0.0176855395792472,0.0287187161790829,0.13443616451720808,low
common_rows,calibration_median,random_forest,MedianSampEn,20,20,1.0,19,0.95,19,0.95,0,1,0,8.0,8.95,4.547700402111865,7.0,7.2631578947368425,0.036809113296455795,0.03714374212260475,0.005313964929411851,0.0195522146529749,0.0453386806395512,0.14436546967632366,very_high
common_rows,calibration_median,random_forest,StdSampEn,20,20,1.0,3,0.15,3,0.15,0,17,0,24.0,23.05,2.4596747752497685,15.0,15.333333333333334,0.02185185384314379,0.02154688148180755,0.0027164880650228525,0.0173889101155617,0.026963439054585,0.12431384927440262,low
common_rows,calibration_median,random_forest,KurtosisSampEn,20,20,1.0,0,0.0,0,0.0,0,20,0,28.0,28.15,0.9333020044867295,,,0.01702422878660504,0.01681098297308695,0.0012491482504875693,0.0149230496082748,0.0191621778694544,0.0733747335133572,low
common_rows,calibration_median,random_forest,SkewnessSampEn,20,20,1.0,0,0.0,0,0.0,0,20,0,30.0,30.15,1.0399898784932577,,,0.01514662003291865,0.01511871737427185,0.0010307093145099624,0.0132672665194079,0.0172261801468527,0.06804879981605717,low
common_rows,calibration_median,random_forest,AUC_SampEn,20,20,1.0,7,0.35,7,0.35,0,13,0,21.0,20.95,2.781044862334261,16.0,15.142857142857142,0.023843644316864258,0.02415871563192865,0.0027591209663506183,0.0200703092459256,0.0318169470009671,0.11571725067208509,low
common_rows,calibration_median_iqr,extra_trees,minimum,20,20,1.0,0,0.0,0,0.0,0,20,0,32.0,31.45,0.8870412083230168,,,0.014945253505708142,0.01487279477671345,0.0014810717673176819,0.0129270898822967,0.0175880392602327,0.09909980896289287,low
common_rows,calibration_median_iqr,extra_trees,maximum,20,20,1.0,0,0.0,0,0.0,0,20,0,26.0,26.2,2.041671142136162,,,0.019840664924717342,0.01998469860317675,0.0013638964576131632,0.0177589564495452,0.022644044325934,0.0687424772702064,low
common_rows,calibration_median_iqr,extra_trees,mean,20,20,1.0,0,0.0,0,0.0,0,20,0,34.0,34.0,0.0,,,0.005700473674650279,0.00569386237318535,0.0005807795966068082,0.0043419086286578,0.0065800495657813,0.10188269076471768,low
common_rows,calibration_median_iqr,extra_trees,median,20,20,1.0,1,0.05,1,0.05,0,19,0,25.0,24.75,2.4251966822029964,17.0,17.0,0.020921233975916272,0.0208611285395264,0.0014642153179172902,0.0175397701655628,0.0235853572093264,0.06998704376629214,low
common_rows,calibration_median_iqr,extra_trees,kurtosis,20,20,1.0,20,1.0,20,1.0,0,0,0,13.0,13.25,3.0757968586675997,10.0,10.2,0.03241797508811825,0.03233163746503205,0.0042131593323690665,0.0245920860455747,0.0403367412646593,0.1299636797460944,very_high
common_rows,calibration_median_iqr,extra_trees,skewness,20,20,1.0,18,0.9,18,0.9,0,2,0,18.0,16.85,3.9772378672429913,14.0,12.722222222222221,0.028396556504696024,0.0275894545643611,0.004842893611253666,0.0226670443470707,0.0450885499843319,0.17054510149682345,very_high
common_rows,calibration_median_iqr,extra_trees,mean_absolute_value,20,20,1.0,20,1.0,20,1.0,0,0,0,13.0,12.7,3.357630743623592,9.0,9.75,0.032860792019127935,0.033122507528852055,0.003896855126410016,0.025888988695574,0.0403907048537784,0.11858676821123776,very_high
common_rows,calibration_median_iqr,extra_trees,root_mean_square,20,20,1.0,7,0.35,7,0.35,0,13,0,21.0,21.15,1.598519051464429,16.0,15.714285714285714,0.023862711365838243,0.0238693284357831,0.0018426511310970517,0.0193800391477593,0.0270143991646301,0.07721885006474927,low
common_rows,calibration_median_iqr,extra_trees,peak_to_peak,20,20,1.0,13,0.65,13,0.65,0,7,0,20.0,19.55,2.8372521918222215,15.0,14.307692307692308,0.025524291478218886,0.024896720664887302,0.002612731650676072,0.0206714644036021,0.030058093028277,0.10236255344857045,moderate
common_rows,calibration_median_iqr,extra_trees,waveform_length,20,20,1.0,20,1.0,20,1.0,0,0,0,10.0,10.05,3.8997300851266754,8.0,7.7,0.03608987825305875,0.0360439652240217,0.0057100477587212085,0.0266721385216919,0.0482330867220971,0.15821742923827292,very_high
common_rows,calibration_median_iqr,extra_trees,zero_crossing_count,20,20,1.0,0,0.0,0,0.0,0,20,0,28.0,27.25,2.8996370008747827,,,0.01873899546554526,0.0184738259686826,0.002419082554453061,0.0142107824354795,0.023291588534021,0.12909350231184719,low
common_rows,calibration_median_iqr,extra_trees,slope_sign_change_count,20,20,1.0,20,1.0,20,1.0,0,0,0,8.0,6.85,4.120232492162752,5.5,5.3,0.04330966216549192,0.0425887767931277,0.008714755721654905,0.0325901248314754,0.0651328375704259,0.20121966521822954,very_high
common_rows,calibration_median_iqr,extra_trees,approximate_entropy,20,20,1.0,20,1.0,20,1.0,0,0,0,8.0,9.05,4.058454463410788,6.0,7.1,0.03849742898295554,0.03934958281089155,0.005562523163765279,0.0272071054632834,0.0460303055503478,0.144490770181771,very_high
common_rows,calibration_median_iqr,extra_trees,permutation_entropy,20,20,1.0,18,0.9,0,0.0,0,2,18,15.5,15.5,4.67355381515586,,,0.03044902027374586,0.0294049960418131,0.005888673547021506,0.0193497911304558,0.0425130348859967,0.19339451627936,low
common_rows,calibration_median_iqr,extra_trees,fuzzy_entropy,20,20,1.0,20,1.0,20,1.0,0,0,0,1.5,3.35,3.3759988775253817,1.5,2.85,0.05239334974846392,0.05396070698217875,0.009614948282839202,0.034361100335584,0.0714512820885231,0.18351466987699322,very_high
common_rows,calibration_median_iqr,extra_trees,distribution_entropy,20,20,1.0,0,0.0,0,0.0,0,20,0,26.5,26.9,2.653696528082647,,,0.019200635771623335,0.019764656360242848,0.002261608735523732,0.013166752964203,0.0240546159255326,0.11778822130807609,low
common_rows,calibration_median_iqr,extra_trees,svd_entropy,20,20,1.0,20,1.0,6,0.3,0,0,14,4.0,4.7,2.5975697143777743,2.5,3.1666666666666665,0.045999855415283245,0.0463192514412388,0.005305000963906242,0.0340395226656658,0.0539244394087727,0.11532647039894128,low
common_rows,calibration_median_iqr,extra_trees,lempel_ziv_complexity,20,20,1.0,20,1.0,20,1.0,0,0,0,10.5,10.95,2.6847522673129647,8.0,8.05,0.03491777554853464,0.03507581084300475,0.00370556777114019,0.0291052288581701,0.0410600924798339,0.10612267571253398,very_high
common_rows,calibration_median_iqr,extra_trees,hjorth_mobility,20,20,1.0,20,1.0,8,0.4,0,0,12,4.0,4.35,2.1588252165910684,2.0,2.875,0.04678234664897273,0.0468348756440857,0.005069190048297905,0.0371493337811453,0.0572191837680802,0.10835689980098971,low
common_rows,calibration_median_iqr,extra_trees,hjorth_complexity,20,20,1.0,12,0.6,11,0.55,0,8,1,20.0,19.55,2.892367451359562,15.0,14.181818181818182,0.02578929028996217,0.0256607244859184,0.0035301397915744742,0.0203133303984187,0.0332497996330413,0.13688394491989925,moderate
common_rows,calibration_median_iqr,extra_trees,katz_fractal_dimension,20,20,1.0,0,0.0,0,0.0,0,20,0,33.0,33.0,0.0,,,0.009963826112942734,0.0098917512996613,0.0008535714481827237,0.008437765909807,0.0115199860954603,0.08566703578597765,low
common_rows,calibration_median_iqr,extra_trees,higuchi_fractal_dimension,20,20,1.0,16,0.8,16,0.8,0,4,0,17.5,17.6,3.7752657626910677,13.0,12.8125,0.027868278583423722,0.0278407871032147,0.003872725378128932,0.017372577483832,0.0368874888634264,0.13896536043788726,high
common_rows,calibration_median_iqr,extra_trees,detrended_fluctuation_analysis,20,20,1.0,19,0.95,19,0.95,0,1,0,14.5,14.2,3.805812728750036,11.0,10.789473684210526,0.03125272790829427,0.030825643696555348,0.004075389044008765,0.0230502856491528,0.0420229284429721,0.1304010662994696,very_high
common_rows,calibration_median_iqr,extra_trees,mean_frequency,20,20,1.0,20,1.0,0,0.0,0,0,20,9.0,9.6,2.7414940221864814,,,0.03771724890226452,0.03755246702329645,0.004197456338682466,0.0291369761651352,0.0466416171178468,0.11128744701288257,low
common_rows,calibration_median_iqr,extra_trees,median_frequency,20,20,1.0,20,1.0,20,1.0,0,0,0,4.0,5.05,3.3003189638515087,3.0,3.9,0.0460450008643726,0.04762204182794315,0.006908355948278649,0.0350049128303063,0.0592722142333352,0.15003487498300824,very_high
common_rows,calibration_median_iqr,extra_trees,spectral_edge_frequency_95,20,20,1.0,20,1.0,6,0.3,0,0,14,5.0,5.65,2.978431236671236,3.5,3.3333333333333335,0.04535936509956236,0.0451551499180482,0.006513178343236648,0.0309241653022492,0.0629065162442898,0.14359059764043058,low
common_rows,calibration_median_iqr,extra_trees,spectral_entropy,20,20,1.0,19,0.95,19,0.95,0,1,0,16.0,15.95,2.8186409565791215,12.0,12.052631578947368,0.02954468933468541,0.029929786832107702,0.0027489428817419753,0.0246517146162131,0.0339111391967048,0.0930435534657906,very_high
common_rows,calibration_median_iqr,extra_trees,AvgSampEn,20,20,1.0,0,0.0,0,0.0,0,20,0,28.0,28.1,1.7441631985447619,,,0.018426795836266906,0.01859331280604175,0.001591312067221558,0.014918307747875,0.0209031686739895,0.08635858786092367,low
common_rows,calibration_median_iqr,extra_trees,MaxSampEn,20,20,1.0,2,0.1,2,0.1,0,18,0,24.0,24.8,3.5481648332920677,14.5,14.5,0.02103343466564503,0.0209159032910309,0.003107026197291732,0.0151910433036135,0.0276007539213183,0.1477184419321964,low
common_rows,calibration_median_iqr,extra_trees,MedianSampEn,20,20,1.0,20,1.0,20,1.0,0,0,0,3.0,3.4,2.348571794449599,3.0,2.8,0.05073647449451548,0.05194805009332025,0.00505578253611437,0.0380322703641465,0.0587162189052173,0.09964788816102882,very_high
common_rows,calibration_median_iqr,extra_trees,StdSampEn,20,20,1.0,0,0.0,0,0.0,0,20,0,24.5,24.95,2.438183102661747,,,0.02064031398083959,0.02053335482953755,0.0023894049721148655,0.0146840811674723,0.0239448282905435,0.11576398374234766,low
common_rows,calibration_median_iqr,extra_trees,KurtosisSampEn,20,20,1.0,0,0.0,0,0.0,0,20,0,31.0,30.9,1.209610637658599,,,0.015836417087924815,0.0159022646051458,0.0012636988693524127,0.0133737997502228,0.0177189374300662,0.07979701862714746,low
common_rows,calibration_median_iqr,extra_trees,SkewnessSampEn,20,20,1.0,0,0.0,0,0.0,0,20,0,28.0,27.75,1.9701723141310308,,,0.018583398732286135,0.0187235153796418,0.0013035862516605852,0.0158306124468172,0.0205729697320166,0.07014789223651435,low
common_rows,calibration_median_iqr,extra_trees,AUC_SampEn,20,20,1.0,15,0.75,15,0.75,0,5,0,15.5,15.65,4.847951276461776,10.0,10.466666666666667,0.030353837296346033,0.02950272121857445,0.005721782291251435,0.0219087956635063,0.0417721759060167,0.18850276607169592,high
common_rows,calibration_median_iqr,logistic_regression,minimum,20,20,1.0,0,0.0,0,0.0,0,20,0,32.0,31.45,0.8870412083230168,,,0.014945253505708142,0.01487279477671345,0.0014810717673176819,0.0129270898822967,0.0175880392602327,0.09909980896289287,low
common_rows,calibration_median_iqr,logistic_regression,maximum,20,20,1.0,0,0.0,0,0.0,0,20,0,26.0,26.2,2.041671142136162,,,0.019840664924717342,0.01998469860317675,0.0013638964576131632,0.0177589564495452,0.022644044325934,0.0687424772702064,low
common_rows,calibration_median_iqr,logistic_regression,mean,20,20,1.0,0,0.0,0,0.0,0,20,0,34.0,34.0,0.0,,,0.005700473674650279,0.00569386237318535,0.0005807795966068082,0.0043419086286578,0.0065800495657813,0.10188269076471768,low
common_rows,calibration_median_iqr,logistic_regression,median,20,20,1.0,1,0.05,1,0.05,0,19,0,25.0,24.75,2.4251966822029964,17.0,17.0,0.020921233975916272,0.0208611285395264,0.0014642153179172902,0.0175397701655628,0.0235853572093264,0.06998704376629214,low
common_rows,calibration_median_iqr,logistic_regression,kurtosis,20,20,1.0,20,1.0,20,1.0,0,0,0,13.0,13.25,3.0757968586675997,10.0,10.2,0.03241797508811825,0.03233163746503205,0.0042131593323690665,0.0245920860455747,0.0403367412646593,0.1299636797460944,very_high
common_rows,calibration_median_iqr,logistic_regression,skewness,20,20,1.0,18,0.9,18,0.9,0,2,0,18.0,16.85,3.9772378672429913,14.0,12.722222222222221,0.028396556504696024,0.0275894545643611,0.004842893611253666,0.0226670443470707,0.0450885499843319,0.17054510149682345,very_high
common_rows,calibration_median_iqr,logistic_regression,mean_absolute_value,20,20,1.0,20,1.0,20,1.0,0,0,0,13.0,12.7,3.357630743623592,9.0,9.75,0.032860792019127935,0.033122507528852055,0.003896855126410016,0.025888988695574,0.0403907048537784,0.11858676821123776,very_high
common_rows,calibration_median_iqr,logistic_regression,root_mean_square,20,20,1.0,7,0.35,7,0.35,0,13,0,21.0,21.15,1.598519051464429,16.0,15.714285714285714,0.023862711365838243,0.0238693284357831,0.0018426511310970517,0.0193800391477593,0.0270143991646301,0.07721885006474927,low
common_rows,calibration_median_iqr,logistic_regression,peak_to_peak,20,20,1.0,13,0.65,13,0.65,0,7,0,20.0,19.55,2.8372521918222215,15.0,14.307692307692308,0.025524291478218886,0.024896720664887302,0.002612731650676072,0.0206714644036021,0.030058093028277,0.10236255344857045,moderate
common_rows,calibration_median_iqr,logistic_regression,waveform_length,20,20,1.0,20,1.0,20,1.0,0,0,0,10.0,10.05,3.8997300851266754,8.0,7.7,0.03608987825305875,0.0360439652240217,0.0057100477587212085,0.0266721385216919,0.0482330867220971,0.15821742923827292,very_high
common_rows,calibration_median_iqr,logistic_regression,zero_crossing_count,20,20,1.0,0,0.0,0,0.0,0,20,0,28.0,27.25,2.8996370008747827,,,0.01873899546554526,0.0184738259686826,0.002419082554453061,0.0142107824354795,0.023291588534021,0.12909350231184719,low
common_rows,calibration_median_iqr,logistic_regression,slope_sign_change_count,20,20,1.0,20,1.0,20,1.0,0,0,0,8.0,6.85,4.120232492162752,5.5,5.3,0.04330966216549192,0.0425887767931277,0.008714755721654905,0.0325901248314754,0.0651328375704259,0.20121966521822954,very_high
common_rows,calibration_median_iqr,logistic_regression,approximate_entropy,20,20,1.0,20,1.0,20,1.0,0,0,0,8.0,9.05,4.058454463410788,6.0,7.1,0.03849742898295554,0.03934958281089155,0.005562523163765279,0.0272071054632834,0.0460303055503478,0.144490770181771,very_high
common_rows,calibration_median_iqr,logistic_regression,permutation_entropy,20,20,1.0,18,0.9,0,0.0,0,2,18,15.5,15.5,4.67355381515586,,,0.03044902027374586,0.0294049960418131,0.005888673547021506,0.0193497911304558,0.0425130348859967,0.19339451627936,low
common_rows,calibration_median_iqr,logistic_regression,fuzzy_entropy,20,20,1.0,20,1.0,20,1.0,0,0,0,1.5,3.35,3.3759988775253817,1.5,2.85,0.05239334974846392,0.05396070698217875,0.009614948282839202,0.034361100335584,0.0714512820885231,0.18351466987699322,very_high
common_rows,calibration_median_iqr,logistic_regression,distribution_entropy,20,20,1.0,0,0.0,0,0.0,0,20,0,26.5,26.9,2.653696528082647,,,0.019200635771623335,0.019764656360242848,0.002261608735523732,0.013166752964203,0.0240546159255326,0.11778822130807609,low
common_rows,calibration_median_iqr,logistic_regression,svd_entropy,20,20,1.0,20,1.0,6,0.3,0,0,14,4.0,4.7,2.5975697143777743,2.5,3.1666666666666665,0.045999855415283245,0.0463192514412388,0.005305000963906242,0.0340395226656658,0.0539244394087727,0.11532647039894128,low
common_rows,calibration_median_iqr,logistic_regression,lempel_ziv_complexity,20,20,1.0,20,1.0,20,1.0,0,0,0,10.5,10.95,2.6847522673129647,8.0,8.05,0.03491777554853464,0.03507581084300475,0.00370556777114019,0.0291052288581701,0.0410600924798339,0.10612267571253398,very_high
common_rows,calibration_median_iqr,logistic_regression,hjorth_mobility,20,20,1.0,20,1.0,8,0.4,0,0,12,4.0,4.35,2.1588252165910684,2.0,2.875,0.04678234664897273,0.0468348756440857,0.005069190048297905,0.0371493337811453,0.0572191837680802,0.10835689980098971,low
common_rows,calibration_median_iqr,logistic_regression,hjorth_complexity,20,20,1.0,12,0.6,11,0.55,0,8,1,20.0,19.55,2.892367451359562,15.0,14.181818181818182,0.02578929028996217,0.0256607244859184,0.0035301397915744742,0.0203133303984187,0.0332497996330413,0.13688394491989925,moderate
common_rows,calibration_median_iqr,logistic_regression,katz_fractal_dimension,20,20,1.0,0,0.0,0,0.0,0,20,0,33.0,33.0,0.0,,,0.009963826112942734,0.0098917512996613,0.0008535714481827237,0.008437765909807,0.0115199860954603,0.08566703578597765,low
common_rows,calibration_median_iqr,logistic_regression,higuchi_fractal_dimension,20,20,1.0,16,0.8,16,0.8,0,4,0,17.5,17.6,3.7752657626910677,13.0,12.8125,0.027868278583423722,0.0278407871032147,0.003872725378128932,0.017372577483832,0.0368874888634264,0.13896536043788726,high
common_rows,calibration_median_iqr,logistic_regression,detrended_fluctuation_analysis,20,20,1.0,19,0.95,19,0.95,0,1,0,14.5,14.2,3.805812728750036,11.0,10.789473684210526,0.03125272790829427,0.030825643696555348,0.004075389044008765,0.0230502856491528,0.0420229284429721,0.1304010662994696,very_high
common_rows,calibration_median_iqr,logistic_regression,mean_frequency,20,20,1.0,20,1.0,0,0.0,0,0,20,9.0,9.6,2.7414940221864814,,,0.03771724890226452,0.03755246702329645,0.004197456338682466,0.0291369761651352,0.0466416171178468,0.11128744701288257,low
common_rows,calibration_median_iqr,logistic_regression,median_frequency,20,20,1.0,20,1.0,20,1.0,0,0,0,4.0,5.05,3.3003189638515087,3.0,3.9,0.0460450008643726,0.04762204182794315,0.006908355948278649,0.0350049128303063,0.0592722142333352,0.15003487498300824,very_high
common_rows,calibration_median_iqr,logistic_regression,spectral_edge_frequency_95,20,20,1.0,20,1.0,6,0.3,0,0,14,5.0,5.65,2.978431236671236,3.5,3.3333333333333335,0.04535936509956236,0.0451551499180482,0.006513178343236648,0.0309241653022492,0.0629065162442898,0.14359059764043058,low
common_rows,calibration_median_iqr,logistic_regression,spectral_entropy,20,20,1.0,19,0.95,19,0.95,0,1,0,16.0,15.95,2.8186409565791215,12.0,12.052631578947368,0.02954468933468541,0.029929786832107702,0.0027489428817419753,0.0246517146162131,0.0339111391967048,0.0930435534657906,very_high
common_rows,calibration_median_iqr,logistic_regression,AvgSampEn,20,20,1.0,0,0.0,0,0.0,0,20,0,28.0,28.1,1.7441631985447619,,,0.018426795836266906,0.01859331280604175,0.001591312067221558,0.014918307747875,0.0209031686739895,0.08635858786092367,low
common_rows,calibration_median_iqr,logistic_regression,MaxSampEn,20,20,1.0,2,0.1,2,0.1,0,18,0,24.0,24.8,3.5481648332920677,14.5,14.5,0.02103343466564503,0.0209159032910309,0.003107026197291732,0.0151910433036135,0.0276007539213183,0.1477184419321964,low
common_rows,calibration_median_iqr,logistic_regression,MedianSampEn,20,20,1.0,20,1.0,20,1.0,0,0,0,3.0,3.4,2.348571794449599,3.0,2.8,0.05073647449451548,0.05194805009332025,0.00505578253611437,0.0380322703641465,0.0587162189052173,0.09964788816102882,very_high
common_rows,calibration_median_iqr,logistic_regression,StdSampEn,20,20,1.0,0,0.0,0,0.0,0,20,0,24.5,24.95,2.438183102661747,,,0.02064031398083959,0.02053335482953755,0.0023894049721148655,0.0146840811674723,0.0239448282905435,0.11576398374234766,low
common_rows,calibration_median_iqr,logistic_regression,KurtosisSampEn,20,20,1.0,0,0.0,0,0.0,0,20,0,31.0,30.9,1.209610637658599,,,0.015836417087924815,0.0159022646051458,0.0012636988693524127,0.0133737997502228,0.0177189374300662,0.07979701862714746,low
common_rows,calibration_median_iqr,logistic_regression,SkewnessSampEn,20,20,1.0,0,0.0,0,0.0,0,20,0,28.0,27.75,1.9701723141310308,,,0.018583398732286135,0.0187235153796418,0.0013035862516605852,0.0158306124468172,0.0205729697320166,0.07014789223651435,low
common_rows,calibration_median_iqr,logistic_regression,AUC_SampEn,20,20,1.0,15,0.75,15,0.75,0,5,0,15.5,15.65,4.847951276461776,10.0,10.466666666666667,0.030353837296346033,0.02950272121857445,0.005721782291251435,0.0219087956635063,0.0417721759060167,0.18850276607169592,high
common_rows,calibration_median_iqr,random_forest,minimum,20,20,1.0,0,0.0,0,0.0,0,20,0,32.0,31.45,0.8870412083230168,,,0.014945253505708142,0.01487279477671345,0.0014810717673176819,0.0129270898822967,0.0175880392602327,0.09909980896289287,low
common_rows,calibration_median_iqr,random_forest,maximum,20,20,1.0,0,0.0,0,0.0,0,20,0,26.0,26.2,2.041671142136162,,,0.019840664924717342,0.01998469860317675,0.0013638964576131632,0.0177589564495452,0.022644044325934,0.0687424772702064,low
common_rows,calibration_median_iqr,random_forest,mean,20,20,1.0,0,0.0,0,0.0,0,20,0,34.0,34.0,0.0,,,0.005700473674650279,0.00569386237318535,0.0005807795966068082,0.0043419086286578,0.0065800495657813,0.10188269076471768,low
common_rows,calibration_median_iqr,random_forest,median,20,20,1.0,1,0.05,1,0.05,0,19,0,25.0,24.75,2.4251966822029964,17.0,17.0,0.020921233975916272,0.0208611285395264,0.0014642153179172902,0.0175397701655628,0.0235853572093264,0.06998704376629214,low
common_rows,calibration_median_iqr,random_forest,kurtosis,20,20,1.0,20,1.0,20,1.0,0,0,0,13.0,13.25,3.0757968586675997,10.0,10.2,0.03241797508811825,0.03233163746503205,0.0042131593323690665,0.0245920860455747,0.0403367412646593,0.1299636797460944,very_high
common_rows,calibration_median_iqr,random_forest,skewness,20,20,1.0,18,0.9,18,0.9,0,2,0,18.0,16.85,3.9772378672429913,14.0,12.722222222222221,0.028396556504696024,0.0275894545643611,0.004842893611253666,0.0226670443470707,0.0450885499843319,0.17054510149682345,very_high
common_rows,calibration_median_iqr,random_forest,mean_absolute_value,20,20,1.0,20,1.0,20,1.0,0,0,0,13.0,12.7,3.357630743623592,9.0,9.75,0.032860792019127935,0.033122507528852055,0.003896855126410016,0.025888988695574,0.0403907048537784,0.11858676821123776,very_high
common_rows,calibration_median_iqr,random_forest,root_mean_square,20,20,1.0,7,0.35,7,0.35,0,13,0,21.0,21.15,1.598519051464429,16.0,15.714285714285714,0.023862711365838243,0.0238693284357831,0.0018426511310970517,0.0193800391477593,0.0270143991646301,0.07721885006474927,low
common_rows,calibration_median_iqr,random_forest,peak_to_peak,20,20,1.0,13,0.65,13,0.65,0,7,0,20.0,19.55,2.8372521918222215,15.0,14.307692307692308,0.025524291478218886,0.024896720664887302,0.002612731650676072,0.0206714644036021,0.030058093028277,0.10236255344857045,moderate
common_rows,calibration_median_iqr,random_forest,waveform_length,20,20,1.0,20,1.0,20,1.0,0,0,0,10.0,10.05,3.8997300851266754,8.0,7.7,0.03608987825305875,0.0360439652240217,0.0057100477587212085,0.0266721385216919,0.0482330867220971,0.15821742923827292,very_high
common_rows,calibration_median_iqr,random_forest,zero_crossing_count,20,20,1.0,0,0.0,0,0.0,0,20,0,28.0,27.25,2.8996370008747827,,,0.01873899546554526,0.0184738259686826,0.002419082554453061,0.0142107824354795,0.023291588534021,0.12909350231184719,low
common_rows,calibration_median_iqr,random_forest,slope_sign_change_count,20,20,1.0,20,1.0,20,1.0,0,0,0,8.0,6.85,4.120232492162752,5.5,5.3,0.04330966216549192,0.0425887767931277,0.008714755721654905,0.0325901248314754,0.0651328375704259,0.20121966521822954,very_high
common_rows,calibration_median_iqr,random_forest,approximate_entropy,20,20,1.0,20,1.0,20,1.0,0,0,0,8.0,9.05,4.058454463410788,6.0,7.1,0.03849742898295554,0.03934958281089155,0.005562523163765279,0.0272071054632834,0.0460303055503478,0.144490770181771,very_high
common_rows,calibration_median_iqr,random_forest,permutation_entropy,20,20,1.0,18,0.9,0,0.0,0,2,18,15.5,15.5,4.67355381515586,,,0.03044902027374586,0.0294049960418131,0.005888673547021506,0.0193497911304558,0.0425130348859967,0.19339451627936,low
common_rows,calibration_median_iqr,random_forest,fuzzy_entropy,20,20,1.0,20,1.0,20,1.0,0,0,0,1.5,3.35,3.3759988775253817,1.5,2.85,0.05239334974846392,0.05396070698217875,0.009614948282839202,0.034361100335584,0.0714512820885231,0.18351466987699322,very_high
common_rows,calibration_median_iqr,random_forest,distribution_entropy,20,20,1.0,0,0.0,0,0.0,0,20,0,26.5,26.9,2.653696528082647,,,0.019200635771623335,0.019764656360242848,0.002261608735523732,0.013166752964203,0.0240546159255326,0.11778822130807609,low
common_rows,calibration_median_iqr,random_forest,svd_entropy,20,20,1.0,20,1.0,6,0.3,0,0,14,4.0,4.7,2.5975697143777743,2.5,3.1666666666666665,0.045999855415283245,0.0463192514412388,0.005305000963906242,0.0340395226656658,0.0539244394087727,0.11532647039894128,low
common_rows,calibration_median_iqr,random_forest,lempel_ziv_complexity,20,20,1.0,20,1.0,20,1.0,0,0,0,10.5,10.95,2.6847522673129647,8.0,8.05,0.03491777554853464,0.03507581084300475,0.00370556777114019,0.0291052288581701,0.0410600924798339,0.10612267571253398,very_high
common_rows,calibration_median_iqr,random_forest,hjorth_mobility,20,20,1.0,20,1.0,8,0.4,0,0,12,4.0,4.35,2.1588252165910684,2.0,2.875,0.04678234664897273,0.0468348756440857,0.005069190048297905,0.0371493337811453,0.0572191837680802,0.10835689980098971,low
common_rows,calibration_median_iqr,random_forest,hjorth_complexity,20,20,1.0,12,0.6,11,0.55,0,8,1,20.0,19.55,2.892367451359562,15.0,14.181818181818182,0.02578929028996217,0.0256607244859184,0.0035301397915744742,0.0203133303984187,0.0332497996330413,0.13688394491989925,moderate
common_rows,calibration_median_iqr,random_forest,katz_fractal_dimension,20,20,1.0,0,0.0,0,0.0,0,20,0,33.0,33.0,0.0,,,0.009963826112942734,0.0098917512996613,0.0008535714481827237,0.008437765909807,0.0115199860954603,0.08566703578597765,low
common_rows,calibration_median_iqr,random_forest,higuchi_fractal_dimension,20,20,1.0,16,0.8,16,0.8,0,4,0,17.5,17.6,3.7752657626910677,13.0,12.8125,0.027868278583423722,0.0278407871032147,0.003872725378128932,0.017372577483832,0.0368874888634264,0.13896536043788726,high
common_rows,calibration_median_iqr,random_forest,detrended_fluctuation_analysis,20,20,1.0,19,0.95,19,0.95,0,1,0,14.5,14.2,3.805812728750036,11.0,10.789473684210526,0.03125272790829427,0.030825643696555348,0.004075389044008765,0.0230502856491528,0.0420229284429721,0.1304010662994696,very_high
common_rows,calibration_median_iqr,random_forest,mean_frequency,20,20,1.0,20,1.0,0,0.0,0,0,20,9.0,9.6,2.7414940221864814,,,0.03771724890226452,0.03755246702329645,0.004197456338682466,0.0291369761651352,0.0466416171178468,0.11128744701288257,low
common_rows,calibration_median_iqr,random_forest,median_frequency,20,20,1.0,20,1.0,20,1.0,0,0,0,4.0,5.05,3.3003189638515087,3.0,3.9,0.0460450008643726,0.04762204182794315,0.006908355948278649,0.0350049128303063,0.0592722142333352,0.15003487498300824,very_high
common_rows,calibration_median_iqr,random_forest,spectral_edge_frequency_95,20,20,1.0,20,1.0,6,0.3,0,0,14,5.0,5.65,2.978431236671236,3.5,3.3333333333333335,0.04535936509956236,0.0451551499180482,0.006513178343236648,0.0309241653022492,0.0629065162442898,0.14359059764043058,low
common_rows,calibration_median_iqr,random_forest,spectral_entropy,20,20,1.0,19,0.95,19,0.95,0,1,0,16.0,15.95,2.8186409565791215,12.0,12.052631578947368,0.02954468933468541,0.029929786832107702,0.0027489428817419753,0.0246517146162131,0.0339111391967048,0.0930435534657906,very_high
common_rows,calibration_median_iqr,random_forest,AvgSampEn,20,20,1.0,0,0.0,0,0.0,0,20,0,28.0,28.1,1.7441631985447619,,,0.018426795836266906,0.01859331280604175,0.001591312067221558,0.014918307747875,0.0209031686739895,0.08635858786092367,low
common_rows,calibration_median_iqr,random_forest,MaxSampEn,20,20,1.0,2,0.1,2,0.1,0,18,0,24.0,24.8,3.5481648332920677,14.5,14.5,0.02103343466564503,0.0209159032910309,0.003107026197291732,0.0151910433036135,0.0276007539213183,0.1477184419321964,low
common_rows,calibration_median_iqr,random_forest,MedianSampEn,20,20,1.0,20,1.0,20,1.0,0,0,0,3.0,3.4,2.348571794449599,3.0,2.8,0.05073647449451548,0.05194805009332025,0.00505578253611437,0.0380322703641465,0.0587162189052173,0.09964788816102882,very_high
common_rows,calibration_median_iqr,random_forest,StdSampEn,20,20,1.0,0,0.0,0,0.0,0,20,0,24.5,24.95,2.438183102661747,,,0.02064031398083959,0.02053335482953755,0.0023894049721148655,0.0146840811674723,0.0239448282905435,0.11576398374234766,low
common_rows,calibration_median_iqr,random_forest,KurtosisSampEn,20,20,1.0,0,0.0,0,0.0,0,20,0,31.0,30.9,1.209610637658599,,,0.015836417087924815,0.0159022646051458,0.0012636988693524127,0.0133737997502228,0.0177189374300662,0.07979701862714746,low
common_rows,calibration_median_iqr,random_forest,SkewnessSampEn,20,20,1.0,0,0.0,0,0.0,0,20,0,28.0,27.75,1.9701723141310308,,,0.018583398732286135,0.0187235153796418,0.0013035862516605852,0.0158306124468172,0.0205729697320166,0.07014789223651435,low
common_rows,calibration_median_iqr,random_forest,AUC_SampEn,20,20,1.0,15,0.75,15,0.75,0,5,0,15.5,15.65,4.847951276461776,10.0,10.466666666666667,0.030353837296346033,0.02950272121857445,0.005721782291251435,0.0219087956635063,0.0417721759060167,0.18850276607169592,high
common_rows,jackknife_median,extra_trees,minimum,20,20,1.0,0,0.0,0,0.0,0,20,0,24.0,23.7,1.0310954828418375,,,0.01835714343710502,0.0182551214004793,0.0018391848617706453,0.0152068838858835,0.0217840821508589,0.10018905545255631,low
common_rows,jackknife_median,extra_trees,maximum,20,20,1.0,0,0.0,0,0.0,0,20,0,30.0,30.1,1.4104870379448817,,,0.013532047397717331,0.013600350370996151,0.0013350212073689628,0.0106855280485048,0.0153371307812515,0.09865626154946533,low
common_rows,jackknife_median,extra_trees,mean,20,20,1.0,0,0.0,0,0.0,0,20,0,34.0,34.0,0.0,,,0.007042503400462104,0.0072329915752582,0.0006849320926831105,0.0049862026785515,0.0081868025863614,0.09725690620726825,low
common_rows,jackknife_median,extra_trees,median,20,20,1.0,20,1.0,20,1.0,0,0,0,1.0,1.65,1.2258187382102494,1.0,1.6,0.06901030619794146,0.0694157361605685,0.008200293854493954,0.0469573921964641,0.082610112180699,0.11882708984036595,very_high
common_rows,jackknife_median,extra_trees,kurtosis,20,20,1.0,20,1.0,20,1.0,0,0,0,5.5,5.85,2.0332758116683993,5.0,5.2,0.048816488281576476,0.04852923433589305,0.007364692913801559,0.0293017926045037,0.0677597052883704,0.1508648649882712,very_high
common_rows,jackknife_median,extra_trees,skewness,20,20,1.0,19,0.95,19,0.95,0,1,0,19.0,17.85,2.758241239783443,15.0,14.421052631578947,0.025666463343632977,0.0255643429482487,0.003082509548349992,0.021721212951177,0.036538965029137,0.12009872599431053,very_high
common_rows,jackknife_median,extra_trees,mean_absolute_value,20,20,1.0,20,1.0,20,1.0,0,0,0,8.0,8.3,1.9221698265515625,7.0,7.15,0.04042470978677072,0.04054397816176075,0.004107707478798758,0.0325164030806563,0.0470288659492015,0.10161377782217339,very_high
common_rows,jackknife_median,extra_trees,root_mean_square,20,20,1.0,20,1.0,19,0.95,0,0,1,13.5,13.85,2.058998223459779,11.0,11.526315789473685,0.029690920958573414,0.029064076653994,0.0030238609901020387,0.0245200908797407,0.0349412787974192,0.10184463440258772,very_high
common_rows,jackknife_median,extra_trees,peak_to_peak,20,20,1.0,0,0.0,0,0.0,0,20,0,29.0,29.0,1.3764944032233706,,,0.014244276711863619,0.0144889135061291,0.0010665091834895124,0.0121279728208975,0.0163303457612596,0.07487282120834186,low
common_rows,jackknife_median,extra_trees,waveform_length,20,20,1.0,20,1.0,20,1.0,0,0,0,3.0,3.0,1.7167901505579042,3.0,2.8,0.05945734022512963,0.0589811399855242,0.007112712883380058,0.040519558330655,0.0728592470994749,0.11962716220484199,very_high
common_rows,jackknife_median,extra_trees,zero_crossing_count,20,20,1.0,0,0.0,0,0.0,0,20,0,26.0,26.35,2.058998223459779,,,0.0157994725298082,0.01610321608372845,0.0016538432930725058,0.0113997256757047,0.0183449740848468,0.10467712070464817,low
common_rows,jackknife_median,extra_trees,slope_sign_change_count,20,20,1.0,19,0.95,19,0.95,0,1,0,14.5,14.45,3.979883626968322,12.0,11.842105263157896,0.029548000442056254,0.0290142786958321,0.004758274218351877,0.0218667492154588,0.038628680546096,0.16103540500762045,very_high
common_rows,jackknife_median,extra_trees,approximate_entropy,20,20,1.0,20,1.0,20,1.0,0,0,0,9.5,10.15,2.8520537383288884,8.5,8.8,0.03701154541545606,0.0377106115017884,0.005354499285316227,0.025034896447875,0.0449609946377222,0.14467105399711797,very_high
common_rows,jackknife_median,extra_trees,permutation_entropy,20,20,1.0,12,0.6,0,0.0,0,8,12,19.0,18.85,2.9249381459946697,,,0.024453982463826858,0.023676246775180702,0.003430362657482934,0.0191542790652408,0.030577258316315,0.14027828238436174,low
common_rows,jackknife_median,extra_trees,fuzzy_entropy,20,20,1.0,20,1.0,20,1.0,0,0,0,9.0,9.7,2.903718124640961,8.0,8.3,0.03822302031067758,0.03958791970928825,0.0058100454196655105,0.0287817151116932,0.046685909663178,0.15200382838512838,very_high
common_rows,jackknife_median,extra_trees,distribution_entropy,20,20,1.0,0,0.0,0,0.0,0,20,0,32.0,31.75,0.5501196042201808,,,0.012095359748628945,0.0119051029610114,0.0008048661660980586,0.0108066066935509,0.0136105783228553,0.06654338381206835,low
common_rows,jackknife_median,extra_trees,svd_entropy,20,20,1.0,20,1.0,19,0.95,0,0,1,2.0,2.25,0.910465468000326,2.0,2.210526315789474,0.06343745001687202,0.06329682718465,0.006525728567592774,0.0529195980748192,0.077867708918299,0.10286870871791301,very_high
common_rows,jackknife_median,extra_trees,lempel_ziv_complexity,20,20,1.0,13,0.65,13,0.65,0,7,0,19.0,19.25,2.653200649067184,15.0,14.615384615384615,0.02410567004762235,0.02306268403282245,0.0026225791081595285,0.0198855025811932,0.0300266758188346,0.10879511347240917,moderate
common_rows,jackknife_median,extra_trees,hjorth_mobility,20,20,1.0,20,1.0,0,0.0,0,0,20,11.0,11.6,2.998245100756529,,,0.034699138940181416,0.0347327432239541,0.005389878437840304,0.0261772651364357,0.0495846196702672,0.155331763336607,low
common_rows,jackknife_median,extra_trees,hjorth_complexity,20,20,1.0,20,1.0,20,1.0,0,0,0,14.5,14.45,2.139232523470435,11.5,11.65,0.02933390996310952,0.02906925255373505,0.002236005340954184,0.0259532871229774,0.0348697691851271,0.07622595636811444,very_high
common_rows,jackknife_median,extra_trees,katz_fractal_dimension,20,20,1.0,0,0.0,0,0.0,0,20,0,33.0,32.95,0.223606797749979,,,0.010160289877462996,0.010290611749862701,0.0009147117012330571,0.0068963287836603,0.0112385407351394,0.09002811064101833,low
common_rows,jackknife_median,extra_trees,higuchi_fractal_dimension,20,20,1.0,7,0.35,7,0.35,0,13,0,21.0,21.4,2.9982451007565283,16.0,15.142857142857142,0.021388547714968117,0.0217114862609179,0.0028988032410964823,0.015111298830536,0.0276114021773152,0.13553062506753763,low
common_rows,jackknife_median,extra_trees,detrended_fluctuation_analysis,20,20,1.0,11,0.55,11,0.55,0,9,0,20.0,20.15,2.4338619949632134,16.0,15.181818181818182,0.022970229487703518,0.02275751235821455,0.002396787507112821,0.0187216667531252,0.0267737360671828,0.104343211215886,moderate
common_rows,jackknife_median,extra_trees,mean_frequency,20,20,1.0,20,1.0,0,0.0,0,0,20,13.0,13.25,3.306691779757495,,,0.031384411196310566,0.03127161478012805,0.004365939391471436,0.0249385678644453,0.0437650255787898,0.13911171900477393,low
common_rows,jackknife_median,extra_trees,median_frequency,20,20,1.0,20,1.0,20,1.0,0,0,0,4.0,4.3,1.4179302929937967,4.0,4.0,0.05220637899742288,0.0523988896332061,0.006176496579036754,0.0404354396253138,0.0654520644667615,0.11830923150869459,very_high
common_rows,jackknife_median,extra_trees,spectral_edge_frequency_95,20,20,1.0,20,1.0,1,0.05,0,0,19,5.5,5.6,2.0104987598001385,2.0,2.0,0.04755945820723283,0.047186168887136004,0.007141325548083619,0.0369788671889758,0.0646832101343845,0.15015573804407992,low
common_rows,jackknife_median,extra_trees,spectral_entropy,20,20,1.0,20,1.0,20,1.0,0,0,0,8.0,7.85,1.7554426642213128,6.5,6.85,0.04195517744926227,0.04128809057410675,0.005328562114077748,0.034229401042138,0.0536114811293134,0.12700606785710172,very_high
common_rows,jackknife_median,extra_trees,AvgSampEn,20,20,1.0,0,0.0,0,0.0,0,20,0,26.0,25.7,1.5927467172350906,,,0.016527426234645464,0.0160346731198479,0.0020328675977653978,0.0143974311830846,0.023503697181547,0.12299964730769863,low
common_rows,jackknife_median,extra_trees,MaxSampEn,20,20,1.0,5,0.25,5,0.25,0,15,0,22.5,22.25,3.5522416940055725,15.0,14.4,0.020483665516335847,0.0206882537732774,0.0043221011384644206,0.0124484688494578,0.0293902494370101,0.21100232939351204,low
common_rows,jackknife_median,extra_trees,MedianSampEn,20,20,1.0,19,0.95,19,0.95,0,1,0,15.5,14.8,4.034065469291037,12.0,11.736842105263158,0.028543636401809257,0.02806245597279805,0.004895859027486285,0.0158688735300761,0.0383902686136293,0.17152190977236376,very_high
common_rows,jackknife_median,extra_trees,StdSampEn,20,20,1.0,0,0.0,0,0.0,0,20,0,29.0,29.35,1.6311119875071345,,,0.014104582514288328,0.0142896836085533,0.001447655080989298,0.0113975775384369,0.0162231122401534,0.10263721592062605,low
common_rows,jackknife_median,extra_trees,KurtosisSampEn,20,20,1.0,0,0.0,0,0.0,0,20,0,25.5,25.8,1.7044832524535807,,,0.016243192752015422,0.01592094758804655,0.00122801352411276,0.0141902197088732,0.0180559198223009,0.07560173316051985,low
common_rows,jackknife_median,extra_trees,SkewnessSampEn,20,20,1.0,0,0.0,0,0.0,0,20,0,29.0,28.35,2.1343062474478063,,,0.014841986140764828,0.01493502229339475,0.001149129644733542,0.0125726187239369,0.0172856359645698,0.07742424995111373,low
common_rows,jackknife_median,extra_trees,AUC_SampEn,20,20,1.0,15,0.75,15,0.75,0,5,0,18.0,17.15,3.5876249290552855,12.0,12.866666666666667,0.026681267890764186,0.026696743960906648,0.0036853023672817594,0.0203073144195649,0.0326261956955077,0.13812320997524408,high
common_rows,jackknife_median,logistic_regression,minimum,20,20,1.0,0,0.0,0,0.0,0,20,0,24.0,23.7,1.0310954828418375,,,0.01835714343710502,0.0182551214004793,0.0018391848617706453,0.0152068838858835,0.0217840821508589,0.10018905545255631,low
common_rows,jackknife_median,logistic_regression,maximum,20,20,1.0,0,0.0,0,0.0,0,20,0,30.0,30.1,1.4104870379448817,,,0.013532047397717331,0.013600350370996151,0.0013350212073689628,0.0106855280485048,0.0153371307812515,0.09865626154946533,low
common_rows,jackknife_median,logistic_regression,mean,20,20,1.0,0,0.0,0,0.0,0,20,0,34.0,34.0,0.0,,,0.007042503400462104,0.0072329915752582,0.0006849320926831105,0.0049862026785515,0.0081868025863614,0.09725690620726825,low
common_rows,jackknife_median,logistic_regression,median,20,20,1.0,20,1.0,20,1.0,0,0,0,1.0,1.65,1.2258187382102494,1.0,1.6,0.06901030619794146,0.0694157361605685,0.008200293854493954,0.0469573921964641,0.082610112180699,0.11882708984036595,very_high
common_rows,jackknife_median,logistic_regression,kurtosis,20,20,1.0,20,1.0,20,1.0,0,0,0,5.5,5.85,2.0332758116683993,5.0,5.2,0.048816488281576476,0.04852923433589305,0.007364692913801559,0.0293017926045037,0.0677597052883704,0.1508648649882712,very_high
common_rows,jackknife_median,logistic_regression,skewness,20,20,1.0,19,0.95,19,0.95,0,1,0,19.0,17.85,2.758241239783443,15.0,14.421052631578947,0.025666463343632977,0.0255643429482487,0.003082509548349992,0.021721212951177,0.036538965029137,0.12009872599431053,very_high
common_rows,jackknife_median,logistic_regression,mean_absolute_value,20,20,1.0,20,1.0,20,1.0,0,0,0,8.0,8.3,1.9221698265515625,7.0,7.15,0.04042470978677072,0.04054397816176075,0.004107707478798758,0.0325164030806563,0.0470288659492015,0.10161377782217339,very_high
common_rows,jackknife_median,logistic_regression,root_mean_square,20,20,1.0,20,1.0,19,0.95,0,0,1,13.5,13.85,2.058998223459779,11.0,11.526315789473685,0.029690920958573414,0.029064076653994,0.0030238609901020387,0.0245200908797407,0.0349412787974192,0.10184463440258772,very_high
common_rows,jackknife_median,logistic_regression,peak_to_peak,20,20,1.0,0,0.0,0,0.0,0,20,0,29.0,29.0,1.3764944032233706,,,0.014244276711863619,0.0144889135061291,0.0010665091834895124,0.0121279728208975,0.0163303457612596,0.07487282120834186,low
common_rows,jackknife_median,logistic_regression,waveform_length,20,20,1.0,20,1.0,20,1.0,0,0,0,3.0,3.0,1.7167901505579042,3.0,2.8,0.05945734022512963,0.0589811399855242,0.007112712883380058,0.040519558330655,0.0728592470994749,0.11962716220484199,very_high
common_rows,jackknife_median,logistic_regression,zero_crossing_count,20,20,1.0,0,0.0,0,0.0,0,20,0,26.0,26.35,2.058998223459779,,,0.0157994725298082,0.01610321608372845,0.0016538432930725058,0.0113997256757047,0.0183449740848468,0.10467712070464817,low
common_rows,jackknife_median,logistic_regression,slope_sign_change_count,20,20,1.0,19,0.95,19,0.95,0,1,0,14.5,14.45,3.979883626968322,12.0,11.842105263157896,0.029548000442056254,0.0290142786958321,0.004758274218351877,0.0218667492154588,0.038628680546096,0.16103540500762045,very_high
common_rows,jackknife_median,logistic_regression,approximate_entropy,20,20,1.0,20,1.0,20,1.0,0,0,0,9.5,10.15,2.8520537383288884,8.5,8.8,0.03701154541545606,0.0377106115017884,0.005354499285316227,0.025034896447875,0.0449609946377222,0.14467105399711797,very_high
common_rows,jackknife_median,logistic_regression,permutation_entropy,20,20,1.0,12,0.6,0,0.0,0,8,12,19.0,18.85,2.9249381459946697,,,0.024453982463826858,0.023676246775180702,0.003430362657482934,0.0191542790652408,0.030577258316315,0.14027828238436174,low
common_rows,jackknife_median,logistic_regression,fuzzy_entropy,20,20,1.0,20,1.0,20,1.0,0,0,0,9.0,9.7,2.903718124640961,8.0,8.3,0.03822302031067758,0.03958791970928825,0.0058100454196655105,0.0287817151116932,0.046685909663178,0.15200382838512838,very_high
common_rows,jackknife_median,logistic_regression,distribution_entropy,20,20,1.0,0,0.0,0,0.0,0,20,0,32.0,31.75,0.5501196042201808,,,0.012095359748628945,0.0119051029610114,0.0008048661660980586,0.0108066066935509,0.0136105783228553,0.06654338381206835,low
common_rows,jackknife_median,logistic_regression,svd_entropy,20,20,1.0,20,1.0,19,0.95,0,0,1,2.0,2.25,0.910465468000326,2.0,2.210526315789474,0.06343745001687202,0.06329682718465,0.006525728567592774,0.0529195980748192,0.077867708918299,0.10286870871791301,very_high
common_rows,jackknife_median,logistic_regression,lempel_ziv_complexity,20,20,1.0,13,0.65,13,0.65,0,7,0,19.0,19.25,2.653200649067184,15.0,14.615384615384615,0.02410567004762235,0.02306268403282245,0.0026225791081595285,0.0198855025811932,0.0300266758188346,0.10879511347240917,moderate
common_rows,jackknife_median,logistic_regression,hjorth_mobility,20,20,1.0,20,1.0,0,0.0,0,0,20,11.0,11.6,2.998245100756529,,,0.034699138940181416,0.0347327432239541,0.005389878437840304,0.0261772651364357,0.0495846196702672,0.155331763336607,low
common_rows,jackknife_median,logistic_regression,hjorth_complexity,20,20,1.0,20,1.0,20,1.0,0,0,0,14.5,14.45,2.139232523470435,11.5,11.65,0.02933390996310952,0.02906925255373505,0.002236005340954184,0.0259532871229774,0.0348697691851271,0.07622595636811444,very_high
common_rows,jackknife_median,logistic_regression,katz_fractal_dimension,20,20,1.0,0,0.0,0,0.0,0,20,0,33.0,32.95,0.223606797749979,,,0.010160289877462996,0.010290611749862701,0.0009147117012330571,0.0068963287836603,0.0112385407351394,0.09002811064101833,low
common_rows,jackknife_median,logistic_regression,higuchi_fractal_dimension,20,20,1.0,7,0.35,7,0.35,0,13,0,21.0,21.4,2.9982451007565283,16.0,15.142857142857142,0.021388547714968117,0.0217114862609179,0.0028988032410964823,0.015111298830536,0.0276114021773152,0.13553062506753763,low
common_rows,jackknife_median,logistic_regression,detrended_fluctuation_analysis,20,20,1.0,11,0.55,11,0.55,0,9,0,20.0,20.15,2.4338619949632134,16.0,15.181818181818182,0.022970229487703518,0.02275751235821455,0.002396787507112821,0.0187216667531252,0.0267737360671828,0.104343211215886,moderate
common_rows,jackknife_median,logistic_regression,mean_frequency,20,20,1.0,20,1.0,0,0.0,0,0,20,13.0,13.25,3.306691779757495,,,0.031384411196310566,0.03127161478012805,0.004365939391471436,0.0249385678644453,0.0437650255787898,0.13911171900477393,low
common_rows,jackknife_median,logistic_regression,median_frequency,20,20,1.0,20,1.0,20,1.0,0,0,0,4.0,4.3,1.4179302929937967,4.0,4.0,0.05220637899742288,0.0523988896332061,0.006176496579036754,0.0404354396253138,0.0654520644667615,0.11830923150869459,very_high
common_rows,jackknife_median,logistic_regression,spectral_edge_frequency_95,20,20,1.0,20,1.0,1,0.05,0,0,19,5.5,5.6,2.0104987598001385,2.0,2.0,0.04755945820723283,0.047186168887136004,0.007141325548083619,0.0369788671889758,0.0646832101343845,0.15015573804407992,low
common_rows,jackknife_median,logistic_regression,spectral_entropy,20,20,1.0,20,1.0,20,1.0,0,0,0,8.0,7.85,1.7554426642213128,6.5,6.85,0.04195517744926227,0.04128809057410675,0.005328562114077748,0.034229401042138,0.0536114811293134,0.12700606785710172,very_high
common_rows,jackknife_median,logistic_regression,AvgSampEn,20,20,1.0,0,0.0,0,0.0,0,20,0,26.0,25.7,1.5927467172350906,,,0.016527426234645464,0.0160346731198479,0.0020328675977653978,0.0143974311830846,0.023503697181547,0.12299964730769863,low
common_rows,jackknife_median,logistic_regression,MaxSampEn,20,20,1.0,5,0.25,5,0.25,0,15,0,22.5,22.25,3.5522416940055725,15.0,14.4,0.020483665516335847,0.0206882537732774,0.0043221011384644206,0.0124484688494578,0.0293902494370101,0.21100232939351204,low
common_rows,jackknife_median,logistic_regression,MedianSampEn,20,20,1.0,19,0.95,19,0.95,0,1,0,15.5,14.8,4.034065469291037,12.0,11.736842105263158,0.028543636401809257,0.02806245597279805,0.004895859027486285,0.0158688735300761,0.0383902686136293,0.17152190977236376,very_high
common_rows,jackknife_median,logistic_regression,StdSampEn,20,20,1.0,0,0.0,0,0.0,0,20,0,29.0,29.35,1.6311119875071345,,,0.014104582514288328,0.0142896836085533,0.001447655080989298,0.0113975775384369,0.0162231122401534,0.10263721592062605,low
common_rows,jackknife_median,logistic_regression,KurtosisSampEn,20,20,1.0,0,0.0,0,0.0,0,20,0,25.5,25.8,1.7044832524535807,,,0.016243192752015422,0.01592094758804655,0.00122801352411276,0.0141902197088732,0.0180559198223009,0.07560173316051985,low
common_rows,jackknife_median,logistic_regression,SkewnessSampEn,20,20,1.0,0,0.0,0,0.0,0,20,0,29.0,28.35,2.1343062474478063,,,0.014841986140764828,0.01493502229339475,0.001149129644733542,0.0125726187239369,0.0172856359645698,0.07742424995111373,low
common_rows,jackknife_median,logistic_regression,AUC_SampEn,20,20,1.0,15,0.75,15,0.75,0,5,0,18.0,17.15,3.5876249290552855,12.0,12.866666666666667,0.026681267890764186,0.026696743960906648,0.0036853023672817594,0.0203073144195649,0.0326261956955077,0.13812320997524408,high
common_rows,jackknife_median,random_forest,minimum,20,20,1.0,0,0.0,0,0.0,0,20,0,24.0,23.7,1.0310954828418375,,,0.01835714343710502,0.0182551214004793,0.0018391848617706453,0.0152068838858835,0.0217840821508589,0.10018905545255631,low
common_rows,jackknife_median,random_forest,maximum,20,20,1.0,0,0.0,0,0.0,0,20,0,30.0,30.1,1.4104870379448817,,,0.013532047397717331,0.013600350370996151,0.0013350212073689628,0.0106855280485048,0.0153371307812515,0.09865626154946533,low
common_rows,jackknife_median,random_forest,mean,20,20,1.0,0,0.0,0,0.0,0,20,0,34.0,34.0,0.0,,,0.007042503400462104,0.0072329915752582,0.0006849320926831105,0.0049862026785515,0.0081868025863614,0.09725690620726825,low
common_rows,jackknife_median,random_forest,median,20,20,1.0,20,1.0,20,1.0,0,0,0,1.0,1.65,1.2258187382102494,1.0,1.6,0.06901030619794146,0.0694157361605685,0.008200293854493954,0.0469573921964641,0.082610112180699,0.11882708984036595,very_high
common_rows,jackknife_median,random_forest,kurtosis,20,20,1.0,20,1.0,20,1.0,0,0,0,5.5,5.85,2.0332758116683993,5.0,5.2,0.048816488281576476,0.04852923433589305,0.007364692913801559,0.0293017926045037,0.0677597052883704,0.1508648649882712,very_high
common_rows,jackknife_median,random_forest,skewness,20,20,1.0,19,0.95,19,0.95,0,1,0,19.0,17.85,2.758241239783443,15.0,14.421052631578947,0.025666463343632977,0.0255643429482487,0.003082509548349992,0.021721212951177,0.036538965029137,0.12009872599431053,very_high
common_rows,jackknife_median,random_forest,mean_absolute_value,20,20,1.0,20,1.0,20,1.0,0,0,0,8.0,8.3,1.9221698265515625,7.0,7.15,0.04042470978677072,0.04054397816176075,0.004107707478798758,0.0325164030806563,0.0470288659492015,0.10161377782217339,very_high
common_rows,jackknife_median,random_forest,root_mean_square,20,20,1.0,20,1.0,19,0.95,0,0,1,13.5,13.85,2.058998223459779,11.0,11.526315789473685,0.029690920958573414,0.029064076653994,0.0030238609901020387,0.0245200908797407,0.0349412787974192,0.10184463440258772,very_high
common_rows,jackknife_median,random_forest,peak_to_peak,20,20,1.0,0,0.0,0,0.0,0,20,0,29.0,29.0,1.3764944032233706,,,0.014244276711863619,0.0144889135061291,0.0010665091834895124,0.0121279728208975,0.0163303457612596,0.07487282120834186,low
common_rows,jackknife_median,random_forest,waveform_length,20,20,1.0,20,1.0,20,1.0,0,0,0,3.0,3.0,1.7167901505579042,3.0,2.8,0.05945734022512963,0.0589811399855242,0.007112712883380058,0.040519558330655,0.0728592470994749,0.11962716220484199,very_high
common_rows,jackknife_median,random_forest,zero_crossing_count,20,20,1.0,0,0.0,0,0.0,0,20,0,26.0,26.35,2.058998223459779,,,0.0157994725298082,0.01610321608372845,0.0016538432930725058,0.0113997256757047,0.0183449740848468,0.10467712070464817,low
common_rows,jackknife_median,random_forest,slope_sign_change_count,20,20,1.0,19,0.95,19,0.95,0,1,0,14.5,14.45,3.979883626968322,12.0,11.842105263157896,0.029548000442056254,0.0290142786958321,0.004758274218351877,0.0218667492154588,0.038628680546096,0.16103540500762045,very_high
common_rows,jackknife_median,random_forest,approximate_entropy,20,20,1.0,20,1.0,20,1.0,0,0,0,9.5,10.15,2.8520537383288884,8.5,8.8,0.03701154541545606,0.0377106115017884,0.005354499285316227,0.025034896447875,0.0449609946377222,0.14467105399711797,very_high
common_rows,jackknife_median,random_forest,permutation_entropy,20,20,1.0,12,0.6,0,0.0,0,8,12,19.0,18.85,2.9249381459946697,,,0.024453982463826858,0.023676246775180702,0.003430362657482934,0.0191542790652408,0.030577258316315,0.14027828238436174,low
common_rows,jackknife_median,random_forest,fuzzy_entropy,20,20,1.0,20,1.0,20,1.0,0,0,0,9.0,9.7,2.903718124640961,8.0,8.3,0.03822302031067758,0.03958791970928825,0.0058100454196655105,0.0287817151116932,0.046685909663178,0.15200382838512838,very_high
common_rows,jackknife_median,random_forest,distribution_entropy,20,20,1.0,0,0.0,0,0.0,0,20,0,32.0,31.75,0.5501196042201808,,,0.012095359748628945,0.0119051029610114,0.0008048661660980586,0.0108066066935509,0.0136105783228553,0.06654338381206835,low
common_rows,jackknife_median,random_forest,svd_entropy,20,20,1.0,20,1.0,19,0.95,0,0,1,2.0,2.25,0.910465468000326,2.0,2.210526315789474,0.06343745001687202,0.06329682718465,0.006525728567592774,0.0529195980748192,0.077867708918299,0.10286870871791301,very_high
common_rows,jackknife_median,random_forest,lempel_ziv_complexity,20,20,1.0,13,0.65,13,0.65,0,7,0,19.0,19.25,2.653200649067184,15.0,14.615384615384615,0.02410567004762235,0.02306268403282245,0.0026225791081595285,0.0198855025811932,0.0300266758188346,0.10879511347240917,moderate
common_rows,jackknife_median,random_forest,hjorth_mobility,20,20,1.0,20,1.0,0,0.0,0,0,20,11.0,11.6,2.998245100756529,,,0.034699138940181416,0.0347327432239541,0.005389878437840304,0.0261772651364357,0.0495846196702672,0.155331763336607,low
common_rows,jackknife_median,random_forest,hjorth_complexity,20,20,1.0,20,1.0,20,1.0,0,0,0,14.5,14.45,2.139232523470435,11.5,11.65,0.02933390996310952,0.02906925255373505,0.002236005340954184,0.0259532871229774,0.0348697691851271,0.07622595636811444,very_high
common_rows,jackknife_median,random_forest,katz_fractal_dimension,20,20,1.0,0,0.0,0,0.0,0,20,0,33.0,32.95,0.223606797749979,,,0.010160289877462996,0.010290611749862701,0.0009147117012330571,0.0068963287836603,0.0112385407351394,0.09002811064101833,low
common_rows,jackknife_median,random_forest,higuchi_fractal_dimension,20,20,1.0,7,0.35,7,0.35,0,13,0,21.0,21.4,2.9982451007565283,16.0,15.142857142857142,0.021388547714968117,0.0217114862609179,0.0028988032410964823,0.015111298830536,0.0276114021773152,0.13553062506753763,low
common_rows,jackknife_median,random_forest,detrended_fluctuation_analysis,20,20,1.0,11,0.55,11,0.55,0,9,0,20.0,20.15,2.4338619949632134,16.0,15.181818181818182,0.022970229487703518,0.02275751235821455,0.002396787507112821,0.0187216667531252,0.0267737360671828,0.104343211215886,moderate
common_rows,jackknife_median,random_forest,mean_frequency,20,20,1.0,20,1.0,0,0.0,0,0,20,13.0,13.25,3.306691779757495,,,0.031384411196310566,0.03127161478012805,0.004365939391471436,0.0249385678644453,0.0437650255787898,0.13911171900477393,low
common_rows,jackknife_median,random_forest,median_frequency,20,20,1.0,20,1.0,20,1.0,0,0,0,4.0,4.3,1.4179302929937967,4.0,4.0,0.05220637899742288,0.0523988896332061,0.006176496579036754,0.0404354396253138,0.0654520644667615,0.11830923150869459,very_high
common_rows,jackknife_median,random_forest,spectral_edge_frequency_95,20,20,1.0,20,1.0,1,0.05,0,0,19,5.5,5.6,2.0104987598001385,2.0,2.0,0.04755945820723283,0.047186168887136004,0.007141325548083619,0.0369788671889758,0.0646832101343845,0.15015573804407992,low
common_rows,jackknife_median,random_forest,spectral_entropy,20,20,1.0,20,1.0,20,1.0,0,0,0,8.0,7.85,1.7554426642213128,6.5,6.85,0.04195517744926227,0.04128809057410675,0.005328562114077748,0.034229401042138,0.0536114811293134,0.12700606785710172,very_high
common_rows,jackknife_median,random_forest,AvgSampEn,20,20,1.0,0,0.0,0,0.0,0,20,0,26.0,25.7,1.5927467172350906,,,0.016527426234645464,0.0160346731198479,0.0020328675977653978,0.0143974311830846,0.023503697181547,0.12299964730769863,low
common_rows,jackknife_median,random_forest,MaxSampEn,20,20,1.0,5,0.25,5,0.25,0,15,0,22.5,22.25,3.5522416940055725,15.0,14.4,0.020483665516335847,0.0206882537732774,0.0043221011384644206,0.0124484688494578,0.0293902494370101,0.21100232939351204,low
common_rows,jackknife_median,random_forest,MedianSampEn,20,20,1.0,19,0.95,19,0.95,0,1,0,15.5,14.8,4.034065469291037,12.0,11.736842105263158,0.028543636401809257,0.02806245597279805,0.004895859027486285,0.0158688735300761,0.0383902686136293,0.17152190977236376,very_high
common_rows,jackknife_median,random_forest,StdSampEn,20,20,1.0,0,0.0,0,0.0,0,20,0,29.0,29.35,1.6311119875071345,,,0.014104582514288328,0.0142896836085533,0.001447655080989298,0.0113975775384369,0.0162231122401534,0.10263721592062605,low
common_rows,jackknife_median,random_forest,KurtosisSampEn,20,20,1.0,0,0.0,0,0.0,0,20,0,25.5,25.8,1.7044832524535807,,,0.016243192752015422,0.01592094758804655,0.00122801352411276,0.0141902197088732,0.0180559198223009,0.07560173316051985,low
common_rows,jackknife_median,random_forest,SkewnessSampEn,20,20,1.0,0,0.0,0,0.0,0,20,0,29.0,28.35,2.1343062474478063,,,0.014841986140764828,0.01493502229339475,0.001149129644733542,0.0125726187239369,0.0172856359645698,0.07742424995111373,low
common_rows,jackknife_median,random_forest,AUC_SampEn,20,20,1.0,15,0.75,15,0.75,0,5,0,18.0,17.15,3.5876249290552855,12.0,12.866666666666667,0.026681267890764186,0.026696743960906648,0.0036853023672817594,0.0203073144195649,0.0326261956955077,0.13812320997524408,high
common_rows,none,extra_trees,minimum,20,20,1.0,3,0.15,3,0.15,0,17,0,22.0,22.3,1.7198531149031615,15.0,15.333333333333334,0.02455716453047469,0.02490749235309605,0.0014709682119926693,0.0216578704048389,0.0265108864632011,0.0598997579776461,low
common_rows,none,extra_trees,maximum,20,20,1.0,1,0.05,1,0.05,0,19,0,28.5,28.05,2.9285347512832565,15.0,15.0,0.0204362482369682,0.0203008665951297,0.0018436642348421445,0.0181583703406556,0.0268064525117071,0.09021539636160045,low
common_rows,none,extra_trees,mean,20,20,1.0,0,0.0,0,0.0,0,20,0,34.0,34.0,0.0,,,0.00554682634120641,0.0054767026690649995,0.0004067467322827322,0.0048807245200086,0.0061518340376558,0.07332963162395789,low
common_rows,none,extra_trees,median,20,20,1.0,20,1.0,20,1.0,0,0,0,5.5,5.55,1.3168942730211068,5.5,5.5,0.04049853686534459,0.0407829230100331,0.003008863664440609,0.0362756356603588,0.0472559500912671,0.07429561404761154,very_high
common_rows,none,extra_trees,kurtosis,20,20,1.0,20,1.0,20,1.0,0,0,0,8.5,9.65,3.6602415796027223,8.0,8.85,0.03553051796324372,0.036093448832901096,0.002991131500606242,0.0289005304219127,0.0401916586615013,0.08418485493795964,very_high
common_rows,none,extra_trees,skewness,20,20,1.0,20,1.0,20,1.0,0,0,0,1.0,1.5,0.8271701918685112,1.0,1.5,0.05356298961333057,0.0544385917026958,0.0038733796976202334,0.0438405244903617,0.0615486773698372,0.07231447918762622,very_high
common_rows,none,extra_trees,mean_absolute_value,20,20,1.0,20,1.0,20,1.0,0,0,0,2.0,2.6,1.187655806953123,2.0,2.6,0.048500728138921104,0.050082220639512606,0.0042005088225823845,0.0412012391620135,0.0539902447894539,0.08660712908372895,very_high
common_rows,none,extra_trees,root_mean_square,20,20,1.0,20,1.0,1,0.05,0,0,19,8.5,9.0,2.6754242162397546,6.0,6.0,0.035638635830542734,0.035220559536817395,0.0026259346072930764,0.0296178041344157,0.0396255512840655,0.07368224249039912,low
common_rows,none,extra_trees,peak_to_peak,20,20,1.0,0,0.0,0,0.0,0,20,0,29.0,28.95,2.211810403980842,,,0.01983785972236484,0.01978870492944015,0.0016117245762565303,0.0176054751762124,0.0243422669407053,0.08124488220064896,low
common_rows,none,extra_trees,waveform_length,20,20,1.0,18,0.9,18,0.9,0,2,0,16.5,16.5,3.4412360080584268,13.0,12.944444444444445,0.029769596917140467,0.030109254332917952,0.0020089604083964397,0.0261190612238845,0.0331056939773945,0.06748362814545664,very_high
common_rows,none,extra_trees,zero_crossing_count,20,20,1.0,1,0.05,1,0.05,0,19,0,24.0,24.3,2.9575950400710087,15.0,15.0,0.023145420682010885,0.0235019205229202,0.002229768148530369,0.0177742445464562,0.0263331478663586,0.09633733511110439,low
common_rows,none,extra_trees,slope_sign_change_count,20,20,1.0,20,1.0,14,0.7,0,0,6,15.0,14.15,3.1334359818945683,10.5,11.071428571428571,0.03114138612004446,0.030687485532130902,0.002188977083051636,0.0272920107559249,0.0348982091343332,0.07029157516025528,moderate
common_rows,none,extra_trees,approximate_entropy,20,20,1.0,20,1.0,20,1.0,0,0,0,16.0,15.65,2.9607075967890197,13.0,12.75,0.03009482307016421,0.03018849150995155,0.0025686282134299377,0.0261002298023881,0.0367909654996939,0.08535116513033954,very_high
common_rows,none,extra_trees,permutation_entropy,20,20,1.0,18,0.9,6,0.3,0,2,12,14.0,15.3,2.8488224714229227,12.0,12.0,0.030384483029086428,0.0312856472760058,0.0021333828066266974,0.0251556276644359,0.0327032656733094,0.07021290454685225,low
common_rows,none,extra_trees,fuzzy_entropy,20,20,1.0,20,1.0,20,1.0,0,0,0,3.0,3.15,1.496487114615601,3.0,3.15,0.046788068950562575,0.046386770743422956,0.00490192758750882,0.0404744191611718,0.0554496338504397,0.10476875189459768,very_high
common_rows,none,extra_trees,distribution_entropy,20,20,1.0,0,0.0,0,0.0,0,20,0,28.5,28.05,2.605156829302827,,,0.020263510350776677,0.0200136444877685,0.0019448421581444136,0.0169535923159917,0.0235172191643743,0.0959775539616644,low
common_rows,none,extra_trees,svd_entropy,20,20,1.0,19,0.95,0,0.0,0,1,19,11.0,11.8,3.5777087639996634,,,0.03332905800819286,0.03352290867058075,0.0025805575185260284,0.0271262111987785,0.0383617016948255,0.07742665627968491,low
common_rows,none,extra_trees,lempel_ziv_complexity,20,20,1.0,1,0.05,1,0.05,0,19,0,25.0,24.65,1.9808291724745768,16.0,16.0,0.0230660315279715,0.02297303073452735,0.0012947173890978352,0.0212837840202052,0.0265147449756666,0.05613091213925418,low
common_rows,none,extra_trees,hjorth_mobility,20,20,1.0,19,0.95,5,0.25,0,1,14,17.0,17.0,2.2941573387056176,14.0,14.4,0.029310540134385405,0.0293101739426735,0.00202577161189027,0.024936004834308,0.0342178061372979,0.0691141003407765,low
common_rows,none,extra_trees,hjorth_complexity,20,20,1.0,20,1.0,10,0.5,0,0,10,14.5,14.6,3.0157481397002077,11.0,10.7,0.030950122549189434,0.03090120883923445,0.002243828281105664,0.0267753695484361,0.0343246241517311,0.07249820344134401,moderate
common_rows,none,extra_trees,katz_fractal_dimension,20,20,1.0,0,0.0,0,0.0,0,20,0,33.0,33.0,0.0,,,0.011919846444393695,0.01192935745865675,0.0007662817289212,0.0108677374328361,0.0136561703157505,0.06428620808966949,low
common_rows,none,extra_trees,higuchi_fractal_dimension,20,20,1.0,18,0.9,18,0.9,0,2,0,9.0,11.45,5.889106803868343,8.0,8.777777777777779,0.03424536011050465,0.0350631338991413,0.005983714070846906,0.024753327193181,0.0503544867706942,0.17473065114626787,very_high
common_rows,none,extra_trees,detrended_fluctuation_analysis,20,20,1.0,19,0.95,19,0.95,0,1,0,12.0,13.05,4.547700402111865,10.0,10.526315789473685,0.03238861872418311,0.033014386384009956,0.003570505368457549,0.0232284712333967,0.0385285985198468,0.11023950724368542,very_high
common_rows,none,extra_trees,mean_frequency,20,20,1.0,0,0.0,0,0.0,0,20,0,24.5,24.2,2.092593455122388,,,0.023204062159303984,0.022801696285772,0.0016431183356533697,0.0210790296312688,0.0265804222959695,0.07081166755944666,low
common_rows,none,extra_trees,median_frequency,20,20,1.0,20,1.0,10,0.5,0,0,10,14.0,13.75,4.290442254225327,10.5,9.9,0.03199946476421935,0.03110270802630885,0.004615580994886164,0.026879019456442,0.0496376908675096,0.14423931865407763,moderate
common_rows,none,extra_trees,spectral_edge_frequency_95,20,20,1.0,20,1.0,20,1.0,0,0,0,4.0,4.0,1.4867838833500564,4.0,3.95,0.04492022952267617,0.04549083989364,0.004304234171987456,0.0351918507678268,0.050453385697712,0.09581950532587187,very_high
common_rows,none,extra_trees,spectral_entropy,20,20,1.0,20,1.0,20,1.0,0,0,0,7.0,6.95,2.258900524358558,6.0,6.5,0.038517986835025525,0.0385571663110561,0.003207636118882756,0.0345022468953471,0.0460262261706146,0.08327631796078083,very_high
common_rows,none,extra_trees,AvgSampEn,20,20,1.0,0,0.0,0,0.0,0,20,0,32.0,31.95,0.22360679774997894,,,0.01605793664811457,0.015835059427066298,0.0010062531398937061,0.0146578484156595,0.0182490882703763,0.06266391267721526,low
common_rows,none,extra_trees,MaxSampEn,20,20,1.0,0,0.0,0,0.0,0,20,0,29.0,27.55,3.1535276821529985,,,0.020795291556616732,0.02052316134535025,0.0019516870934657713,0.0181709123278226,0.0248777425854409,0.09385235538305187,low
common_rows,none,extra_trees,MedianSampEn,20,20,1.0,12,0.6,12,0.6,0,8,0,20.0,19.0,4.279695021106551,14.0,13.583333333333334,0.027764223249037913,0.0275306977472446,0.0034001744836231235,0.0206551911027411,0.0354274853169186,0.1224660403111024,moderate
common_rows,none,extra_trees,StdSampEn,20,20,1.0,11,0.55,11,0.55,0,9,0,20.0,20.6,3.5153797429071734,14.0,14.090909090909092,0.02621838668380876,0.0267280970197789,0.002804909948074053,0.0217303593085907,0.0309011944874587,0.10698255319448138,moderate
common_rows,none,extra_trees,KurtosisSampEn,20,20,1.0,0,0.0,0,0.0,0,20,0,26.0,26.1,2.6337885460422137,,,0.02183060267787685,0.022026409291589152,0.0019787105306243013,0.0177215171030862,0.0250896370013885,0.09063929932770606,low
common_rows,none,extra_trees,SkewnessSampEn,20,20,1.0,0,0.0,0,0.0,0,20,0,28.0,28.2,1.908430051942668,,,0.02069286593172213,0.02082791632590375,0.0011180371121198543,0.0183912649022872,0.0224518477639157,0.054030075669987555,low
common_rows,none,extra_trees,AUC_SampEn,20,20,1.0,20,1.0,20,1.0,0,0,0,8.0,8.45,3.410124245305594,8.0,7.75,0.03709257611059332,0.03648114080366095,0.0047463124989964986,0.0291012006937336,0.0477107901160147,0.12795855658137997,very_high
common_rows,none,logistic_regression,minimum,20,20,1.0,3,0.15,3,0.15,0,17,0,22.0,22.3,1.7198531149031615,15.0,15.333333333333334,0.02455716453047469,0.02490749235309605,0.0014709682119926693,0.0216578704048389,0.0265108864632011,0.0598997579776461,low
common_rows,none,logistic_regression,maximum,20,20,1.0,1,0.05,1,0.05,0,19,0,28.5,28.05,2.9285347512832565,15.0,15.0,0.0204362482369682,0.0203008665951297,0.0018436642348421445,0.0181583703406556,0.0268064525117071,0.09021539636160045,low
common_rows,none,logistic_regression,mean,20,20,1.0,0,0.0,0,0.0,0,20,0,34.0,34.0,0.0,,,0.00554682634120641,0.0054767026690649995,0.0004067467322827322,0.0048807245200086,0.0061518340376558,0.07332963162395789,low
common_rows,none,logistic_regression,median,20,20,1.0,20,1.0,20,1.0,0,0,0,5.5,5.55,1.3168942730211068,5.5,5.5,0.04049853686534459,0.0407829230100331,0.003008863664440609,0.0362756356603588,0.0472559500912671,0.07429561404761154,very_high
common_rows,none,logistic_regression,kurtosis,20,20,1.0,20,1.0,20,1.0,0,0,0,8.5,9.65,3.6602415796027223,8.0,8.85,0.03553051796324372,0.036093448832901096,0.002991131500606242,0.0289005304219127,0.0401916586615013,0.08418485493795964,very_high
common_rows,none,logistic_regression,skewness,20,20,1.0,20,1.0,20,1.0,0,0,0,1.0,1.5,0.8271701918685112,1.0,1.5,0.05356298961333057,0.0544385917026958,0.0038733796976202334,0.0438405244903617,0.0615486773698372,0.07231447918762622,very_high
common_rows,none,logistic_regression,mean_absolute_value,20,20,1.0,20,1.0,20,1.0,0,0,0,2.0,2.6,1.187655806953123,2.0,2.6,0.048500728138921104,0.050082220639512606,0.0042005088225823845,0.0412012391620135,0.0539902447894539,0.08660712908372895,very_high
common_rows,none,logistic_regression,root_mean_square,20,20,1.0,20,1.0,1,0.05,0,0,19,8.5,9.0,2.6754242162397546,6.0,6.0,0.035638635830542734,0.035220559536817395,0.0026259346072930764,0.0296178041344157,0.0396255512840655,0.07368224249039912,low
common_rows,none,logistic_regression,peak_to_peak,20,20,1.0,0,0.0,0,0.0,0,20,0,29.0,28.95,2.211810403980842,,,0.01983785972236484,0.01978870492944015,0.0016117245762565303,0.0176054751762124,0.0243422669407053,0.08124488220064896,low
common_rows,none,logistic_regression,waveform_length,20,20,1.0,18,0.9,18,0.9,0,2,0,16.5,16.5,3.4412360080584268,13.0,12.944444444444445,0.029769596917140467,0.030109254332917952,0.0020089604083964397,0.0261190612238845,0.0331056939773945,0.06748362814545664,very_high
common_rows,none,logistic_regression,zero_crossing_count,20,20,1.0,1,0.05,1,0.05,0,19,0,24.0,24.3,2.9575950400710087,15.0,15.0,0.023145420682010885,0.0235019205229202,0.002229768148530369,0.0177742445464562,0.0263331478663586,0.09633733511110439,low
common_rows,none,logistic_regression,slope_sign_change_count,20,20,1.0,20,1.0,14,0.7,0,0,6,15.0,14.15,3.1334359818945683,10.5,11.071428571428571,0.03114138612004446,0.030687485532130902,0.002188977083051636,0.0272920107559249,0.0348982091343332,0.07029157516025528,moderate
common_rows,none,logistic_regression,approximate_entropy,20,20,1.0,20,1.0,20,1.0,0,0,0,16.0,15.65,2.9607075967890197,13.0,12.75,0.03009482307016421,0.03018849150995155,0.0025686282134299377,0.0261002298023881,0.0367909654996939,0.08535116513033954,very_high
common_rows,none,logistic_regression,permutation_entropy,20,20,1.0,18,0.9,6,0.3,0,2,12,14.0,15.3,2.8488224714229227,12.0,12.0,0.030384483029086428,0.0312856472760058,0.0021333828066266974,0.0251556276644359,0.0327032656733094,0.07021290454685225,low
common_rows,none,logistic_regression,fuzzy_entropy,20,20,1.0,20,1.0,20,1.0,0,0,0,3.0,3.15,1.496487114615601,3.0,3.15,0.046788068950562575,0.046386770743422956,0.00490192758750882,0.0404744191611718,0.0554496338504397,0.10476875189459768,very_high
common_rows,none,logistic_regression,distribution_entropy,20,20,1.0,0,0.0,0,0.0,0,20,0,28.5,28.05,2.605156829302827,,,0.020263510350776677,0.0200136444877685,0.0019448421581444136,0.0169535923159917,0.0235172191643743,0.0959775539616644,low
common_rows,none,logistic_regression,svd_entropy,20,20,1.0,19,0.95,0,0.0,0,1,19,11.0,11.8,3.5777087639996634,,,0.03332905800819286,0.03352290867058075,0.0025805575185260284,0.0271262111987785,0.0383617016948255,0.07742665627968491,low
common_rows,none,logistic_regression,lempel_ziv_complexity,20,20,1.0,1,0.05,1,0.05,0,19,0,25.0,24.65,1.9808291724745768,16.0,16.0,0.0230660315279715,0.02297303073452735,0.0012947173890978352,0.0212837840202052,0.0265147449756666,0.05613091213925418,low
common_rows,none,logistic_regression,hjorth_mobility,20,20,1.0,19,0.95,5,0.25,0,1,14,17.0,17.0,2.2941573387056176,14.0,14.4,0.029310540134385405,0.0293101739426735,0.00202577161189027,0.024936004834308,0.0342178061372979,0.0691141003407765,low
common_rows,none,logistic_regression,hjorth_complexity,20,20,1.0,20,1.0,10,0.5,0,0,10,14.5,14.6,3.0157481397002077,11.0,10.7,0.030950122549189434,0.03090120883923445,0.002243828281105664,0.0267753695484361,0.0343246241517311,0.07249820344134401,moderate
common_rows,none,logistic_regression,katz_fractal_dimension,20,20,1.0,0,0.0,0,0.0,0,20,0,33.0,33.0,0.0,,,0.011919846444393695,0.01192935745865675,0.0007662817289212,0.0108677374328361,0.0136561703157505,0.06428620808966949,low
common_rows,none,logistic_regression,higuchi_fractal_dimension,20,20,1.0,18,0.9,18,0.9,0,2,0,9.0,11.45,5.889106803868343,8.0,8.777777777777779,0.03424536011050465,0.0350631338991413,0.005983714070846906,0.024753327193181,0.0503544867706942,0.17473065114626787,very_high
common_rows,none,logistic_regression,detrended_fluctuation_analysis,20,20,1.0,19,0.95,19,0.95,0,1,0,12.0,13.05,4.547700402111865,10.0,10.526315789473685,0.03238861872418311,0.033014386384009956,0.003570505368457549,0.0232284712333967,0.0385285985198468,0.11023950724368542,very_high
common_rows,none,logistic_regression,mean_frequency,20,20,1.0,0,0.0,0,0.0,0,20,0,24.5,24.2,2.092593455122388,,,0.023204062159303984,0.022801696285772,0.0016431183356533697,0.0210790296312688,0.0265804222959695,0.07081166755944666,low
common_rows,none,logistic_regression,median_frequency,20,20,1.0,20,1.0,10,0.5,0,0,10,14.0,13.75,4.290442254225327,10.5,9.9,0.03199946476421935,0.03110270802630885,0.004615580994886164,0.026879019456442,0.0496376908675096,0.14423931865407763,moderate
common_rows,none,logistic_regression,spectral_edge_frequency_95,20,20,1.0,20,1.0,20,1.0,0,0,0,4.0,4.0,1.4867838833500564,4.0,3.95,0.04492022952267617,0.04549083989364,0.004304234171987456,0.0351918507678268,0.050453385697712,0.09581950532587187,very_high
common_rows,none,logistic_regression,spectral_entropy,20,20,1.0,20,1.0,20,1.0,0,0,0,7.0,6.95,2.258900524358558,6.0,6.5,0.038517986835025525,0.0385571663110561,0.003207636118882756,0.0345022468953471,0.0460262261706146,0.08327631796078083,very_high
common_rows,none,logistic_regression,AvgSampEn,20,20,1.0,0,0.0,0,0.0,0,20,0,32.0,31.95,0.22360679774997894,,,0.01605793664811457,0.015835059427066298,0.0010062531398937061,0.0146578484156595,0.0182490882703763,0.06266391267721526,low
common_rows,none,logistic_regression,MaxSampEn,20,20,1.0,0,0.0,0,0.0,0,20,0,29.0,27.55,3.1535276821529985,,,0.020795291556616732,0.02052316134535025,0.0019516870934657713,0.0181709123278226,0.0248777425854409,0.09385235538305187,low
common_rows,none,logistic_regression,MedianSampEn,20,20,1.0,12,0.6,12,0.6,0,8,0,20.0,19.0,4.279695021106551,14.0,13.583333333333334,0.027764223249037913,0.0275306977472446,0.0034001744836231235,0.0206551911027411,0.0354274853169186,0.1224660403111024,moderate
common_rows,none,logistic_regression,StdSampEn,20,20,1.0,11,0.55,11,0.55,0,9,0,20.0,20.6,3.5153797429071734,14.0,14.090909090909092,0.02621838668380876,0.0267280970197789,0.002804909948074053,0.0217303593085907,0.0309011944874587,0.10698255319448138,moderate
common_rows,none,logistic_regression,KurtosisSampEn,20,20,1.0,0,0.0,0,0.0,0,20,0,26.0,26.1,2.6337885460422137,,,0.02183060267787685,0.022026409291589152,0.0019787105306243013,0.0177215171030862,0.0250896370013885,0.09063929932770606,low
common_rows,none,logistic_regression,SkewnessSampEn,20,20,1.0,0,0.0,0,0.0,0,20,0,28.0,28.2,1.908430051942668,,,0.02069286593172213,0.02082791632590375,0.0011180371121198543,0.0183912649022872,0.0224518477639157,0.054030075669987555,low
common_rows,none,logistic_regression,AUC_SampEn,20,20,1.0,20,1.0,20,1.0,0,0,0,8.0,8.45,3.410124245305594,8.0,7.75,0.03709257611059332,0.03648114080366095,0.0047463124989964986,0.0291012006937336,0.0477107901160147,0.12795855658137997,very_high
common_rows,none,random_forest,minimum,20,20,1.0,3,0.15,3,0.15,0,17,0,22.0,22.3,1.7198531149031615,15.0,15.333333333333334,0.02455716453047469,0.02490749235309605,0.0014709682119926693,0.0216578704048389,0.0265108864632011,0.0598997579776461,low
common_rows,none,random_forest,maximum,20,20,1.0,1,0.05,1,0.05,0,19,0,28.5,28.05,2.9285347512832565,15.0,15.0,0.0204362482369682,0.0203008665951297,0.0018436642348421445,0.0181583703406556,0.0268064525117071,0.09021539636160045,low
common_rows,none,random_forest,mean,20,20,1.0,0,0.0,0,0.0,0,20,0,34.0,34.0,0.0,,,0.00554682634120641,0.0054767026690649995,0.0004067467322827322,0.0048807245200086,0.0061518340376558,0.07332963162395789,low
common_rows,none,random_forest,median,20,20,1.0,20,1.0,20,1.0,0,0,0,5.5,5.55,1.3168942730211068,5.5,5.5,0.04049853686534459,0.0407829230100331,0.003008863664440609,0.0362756356603588,0.0472559500912671,0.07429561404761154,very_high
common_rows,none,random_forest,kurtosis,20,20,1.0,20,1.0,20,1.0,0,0,0,8.5,9.65,3.6602415796027223,8.0,8.85,0.03553051796324372,0.036093448832901096,0.002991131500606242,0.0289005304219127,0.0401916586615013,0.08418485493795964,very_high
common_rows,none,random_forest,skewness,20,20,1.0,20,1.0,20,1.0,0,0,0,1.0,1.5,0.8271701918685112,1.0,1.5,0.05356298961333057,0.0544385917026958,0.0038733796976202334,0.0438405244903617,0.0615486773698372,0.07231447918762622,very_high
common_rows,none,random_forest,mean_absolute_value,20,20,1.0,20,1.0,20,1.0,0,0,0,2.0,2.6,1.187655806953123,2.0,2.6,0.048500728138921104,0.050082220639512606,0.0042005088225823845,0.0412012391620135,0.0539902447894539,0.08660712908372895,very_high
common_rows,none,random_forest,root_mean_square,20,20,1.0,20,1.0,1,0.05,0,0,19,8.5,9.0,2.6754242162397546,6.0,6.0,0.035638635830542734,0.035220559536817395,0.0026259346072930764,0.0296178041344157,0.0396255512840655,0.07368224249039912,low
common_rows,none,random_forest,peak_to_peak,20,20,1.0,0,0.0,0,0.0,0,20,0,29.0,28.95,2.211810403980842,,,0.01983785972236484,0.01978870492944015,0.0016117245762565303,0.0176054751762124,0.0243422669407053,0.08124488220064896,low
common_rows,none,random_forest,waveform_length,20,20,1.0,18,0.9,18,0.9,0,2,0,16.5,16.5,3.4412360080584268,13.0,12.944444444444445,0.029769596917140467,0.030109254332917952,0.0020089604083964397,0.0261190612238845,0.0331056939773945,0.06748362814545664,very_high
common_rows,none,random_forest,zero_crossing_count,20,20,1.0,1,0.05,1,0.05,0,19,0,24.0,24.3,2.9575950400710087,15.0,15.0,0.023145420682010885,0.0235019205229202,0.002229768148530369,0.0177742445464562,0.0263331478663586,0.09633733511110439,low
common_rows,none,random_forest,slope_sign_change_count,20,20,1.0,20,1.0,14,0.7,0,0,6,15.0,14.15,3.1334359818945683,10.5,11.071428571428571,0.03114138612004446,0.030687485532130902,0.002188977083051636,0.0272920107559249,0.0348982091343332,0.07029157516025528,moderate
common_rows,none,random_forest,approximate_entropy,20,20,1.0,20,1.0,20,1.0,0,0,0,16.0,15.65,2.9607075967890197,13.0,12.75,0.03009482307016421,0.03018849150995155,0.0025686282134299377,0.0261002298023881,0.0367909654996939,0.08535116513033954,very_high
common_rows,none,random_forest,permutation_entropy,20,20,1.0,18,0.9,6,0.3,0,2,12,14.0,15.3,2.8488224714229227,12.0,12.0,0.030384483029086428,0.0312856472760058,0.0021333828066266974,0.0251556276644359,0.0327032656733094,0.07021290454685225,low
common_rows,none,random_forest,fuzzy_entropy,20,20,1.0,20,1.0,20,1.0,0,0,0,3.0,3.15,1.496487114615601,3.0,3.15,0.046788068950562575,0.046386770743422956,0.00490192758750882,0.0404744191611718,0.0554496338504397,0.10476875189459768,very_high
common_rows,none,random_forest,distribution_entropy,20,20,1.0,0,0.0,0,0.0,0,20,0,28.5,28.05,2.605156829302827,,,0.020263510350776677,0.0200136444877685,0.0019448421581444136,0.0169535923159917,0.0235172191643743,0.0959775539616644,low
common_rows,none,random_forest,svd_entropy,20,20,1.0,19,0.95,0,0.0,0,1,19,11.0,11.8,3.5777087639996634,,,0.03332905800819286,0.03352290867058075,0.0025805575185260284,0.0271262111987785,0.0383617016948255,0.07742665627968491,low
common_rows,none,random_forest,lempel_ziv_complexity,20,20,1.0,1,0.05,1,0.05,0,19,0,25.0,24.65,1.9808291724745768,16.0,16.0,0.0230660315279715,0.02297303073452735,0.0012947173890978352,0.0212837840202052,0.0265147449756666,0.05613091213925418,low
common_rows,none,random_forest,hjorth_mobility,20,20,1.0,19,0.95,5,0.25,0,1,14,17.0,17.0,2.2941573387056176,14.0,14.4,0.029310540134385405,0.0293101739426735,0.00202577161189027,0.024936004834308,0.0342178061372979,0.0691141003407765,low
common_rows,none,random_forest,hjorth_complexity,20,20,1.0,20,1.0,10,0.5,0,0,10,14.5,14.6,3.0157481397002077,11.0,10.7,0.030950122549189434,0.03090120883923445,0.002243828281105664,0.0267753695484361,0.0343246241517311,0.07249820344134401,moderate
common_rows,none,random_forest,katz_fractal_dimension,20,20,1.0,0,0.0,0,0.0,0,20,0,33.0,33.0,0.0,,,0.011919846444393695,0.01192935745865675,0.0007662817289212,0.0108677374328361,0.0136561703157505,0.06428620808966949,low
common_rows,none,random_forest,higuchi_fractal_dimension,20,20,1.0,18,0.9,18,0.9,0,2,0,9.0,11.45,5.889106803868343,8.0,8.777777777777779,0.03424536011050465,0.0350631338991413,0.005983714070846906,0.024753327193181,0.0503544867706942,0.17473065114626787,very_high
common_rows,none,random_forest,detrended_fluctuation_analysis,20,20,1.0,19,0.95,19,0.95,0,1,0,12.0,13.05,4.547700402111865,10.0,10.526315789473685,0.03238861872418311,0.033014386384009956,0.003570505368457549,0.0232284712333967,0.0385285985198468,0.11023950724368542,very_high
common_rows,none,random_forest,mean_frequency,20,20,1.0,0,0.0,0,0.0,0,20,0,24.5,24.2,2.092593455122388,,,0.023204062159303984,0.022801696285772,0.0016431183356533697,0.0210790296312688,0.0265804222959695,0.07081166755944666,low
common_rows,none,random_forest,median_frequency,20,20,1.0,20,1.0,10,0.5,0,0,10,14.0,13.75,4.290442254225327,10.5,9.9,0.03199946476421935,0.03110270802630885,0.004615580994886164,0.026879019456442,0.0496376908675096,0.14423931865407763,moderate
common_rows,none,random_forest,spectral_edge_frequency_95,20,20,1.0,20,1.0,20,1.0,0,0,0,4.0,4.0,1.4867838833500564,4.0,3.95,0.04492022952267617,0.04549083989364,0.004304234171987456,0.0351918507678268,0.050453385697712,0.09581950532587187,very_high
common_rows,none,random_forest,spectral_entropy,20,20,1.0,20,1.0,20,1.0,0,0,0,7.0,6.95,2.258900524358558,6.0,6.5,0.038517986835025525,0.0385571663110561,0.003207636118882756,0.0345022468953471,0.0460262261706146,0.08327631796078083,very_high
common_rows,none,random_forest,AvgSampEn,20,20,1.0,0,0.0,0,0.0,0,20,0,32.0,31.95,0.22360679774997894,,,0.01605793664811457,0.015835059427066298,0.0010062531398937061,0.0146578484156595,0.0182490882703763,0.06266391267721526,low
common_rows,none,random_forest,MaxSampEn,20,20,1.0,0,0.0,0,0.0,0,20,0,29.0,27.55,3.1535276821529985,,,0.020795291556616732,0.02052316134535025,0.0019516870934657713,0.0181709123278226,0.0248777425854409,0.09385235538305187,low
common_rows,none,random_forest,MedianSampEn,20,20,1.0,12,0.6,12,0.6,0,8,0,20.0,19.0,4.279695021106551,14.0,13.583333333333334,0.027764223249037913,0.0275306977472446,0.0034001744836231235,0.0206551911027411,0.0354274853169186,0.1224660403111024,moderate
common_rows,none,random_forest,StdSampEn,20,20,1.0,11,0.55,11,0.55,0,9,0,20.0,20.6,3.5153797429071734,14.0,14.090909090909092,0.02621838668380876,0.0267280970197789,0.002804909948074053,0.0217303593085907,0.0309011944874587,0.10698255319448138,moderate
common_rows,none,random_forest,KurtosisSampEn,20,20,1.0,0,0.0,0,0.0,0,20,0,26.0,26.1,2.6337885460422137,,,0.02183060267787685,0.022026409291589152,0.0019787105306243013,0.0177215171030862,0.0250896370013885,0.09063929932770606,low
common_rows,none,random_forest,SkewnessSampEn,20,20,1.0,0,0.0,0,0.0,0,20,0,28.0,28.2,1.908430051942668,,,0.02069286593172213,0.02082791632590375,0.0011180371121198543,0.0183912649022872,0.0224518477639157,0.054030075669987555,low
common_rows,none,random_forest,AUC_SampEn,20,20,1.0,20,1.0,20,1.0,0,0,0,8.0,8.45,3.410124245305594,8.0,7.75,0.03709257611059332,0.03648114080366095,0.0047463124989964986,0.0291012006937336,0.0477107901160147,0.12795855658137997,very_high
native_rows,calibration_median,extra_trees,minimum,20,20,1.0,0,0.0,0,0.0,0,20,0,25.0,25.05,1.9861361590045288,,,0.020124343641106504,0.0201461034427877,0.0018527739227992492,0.0160869069725422,0.0230968214149796,0.09206630317198149,low
native_rows,calibration_median,extra_trees,maximum,20,20,1.0,1,0.05,1,0.05,0,19,0,24.5,24.4,2.5214866124653734,15.0,15.0,0.020564888688093596,0.0208505228378567,0.0023829858349862436,0.0139163149810679,0.0240833186717649,0.1158764275911649,low
native_rows,calibration_median,extra_trees,mean,20,20,1.0,0,0.0,0,0.0,0,20,0,34.0,34.0,0.0,,,0.007981540716827402,0.0080430333092586,0.0008151008699760502,0.0054142936018711,0.0091651596777493,0.1021232489934658,low
native_rows,calibration_median,extra_trees,median,20,20,1.0,20,1.0,20,1.0,0,0,0,1.0,1.15,0.36634754853252327,1.0,1.15,0.07222812516770219,0.07286902075168825,0.007190120500474276,0.056045725138244,0.0809013480386564,0.09954737830699555,very_high
native_rows,calibration_median,extra_trees,kurtosis,20,20,1.0,18,0.9,18,0.9,0,2,0,15.0,14.7,3.628831912975796,12.0,11.777777777777779,0.03017541693941317,0.030089653833629798,0.0035804888484658065,0.0226825964425488,0.0360137590464356,0.11865582025444045,very_high
native_rows,calibration_median,extra_trees,skewness,20,20,1.0,20,1.0,20,1.0,0,0,0,7.5,8.2,3.2702808506465106,7.0,7.4,0.03819832953425916,0.0378053004428104,0.0041229432347977685,0.0321690722884334,0.0470619693863097,0.10793517112050673,very_high
native_rows,calibration_median,extra_trees,mean_absolute_value,20,20,1.0,17,0.85,17,0.85,0,3,0,18.0,17.3,3.9349981609037368,14.0,13.294117647058824,0.02765695813409269,0.0267922030006158,0.0037726153462469604,0.0214117552802719,0.0388549192948489,0.13640745768047655,high
native_rows,calibration_median,extra_trees,root_mean_square,20,20,1.0,7,0.35,7,0.35,0,13,0,22.0,21.25,2.29128784747792,16.0,15.285714285714286,0.02378270642131194,0.0235448902157,0.0022860759618603126,0.0198313364294181,0.0306239254218719,0.09612345716094511,low
native_rows,calibration_median,extra_trees,peak_to_peak,20,20,1.0,0,0.0,0,0.0,0,20,0,29.0,28.6,1.5694450913417908,,,0.016685735663160707,0.01626416487515195,0.0011644965681288438,0.0144012783911352,0.0192229360560004,0.0697899446351566,low
native_rows,calibration_median,extra_trees,waveform_length,20,20,1.0,20,1.0,20,1.0,0,0,0,6.0,7.45,3.7623480910057667,6.0,6.75,0.04052359417497505,0.0396982183011555,0.006911000910012579,0.0308410815588416,0.0573078862426439,0.17054264437087863,very_high
native_rows,calibration_median,extra_trees,zero_crossing_count,20,20,1.0,0,0.0,0,0.0,0,20,0,27.0,26.75,1.118033988749895,,,0.018493118304791393,0.01852398692485125,0.0016923781207496924,0.0159848107870562,0.0226840288700939,0.09151394009690692,low
native_rows,calibration_median,extra_trees,slope_sign_change_count,20,20,1.0,20,1.0,20,1.0,0,0,0,10.0,10.85,4.648429276308516,9.0,9.7,0.03442582361917024,0.03474318433029995,0.006362154310334615,0.0256130427273514,0.048046087524427,0.1848076136308271,very_high
native_rows,calibration_median,extra_trees,approximate_entropy,20,20,1.0,20,1.0,20,1.0,0,0,0,6.0,7.6,3.9256243217849405,6.0,6.9,0.03945805897349731,0.0393466044375609,0.006304258114523179,0.029287412011861,0.0538784955289035,0.15977111592735832,very_high
native_rows,calibration_median,extra_trees,permutation_entropy,20,20,1.0,18,0.9,0,0.0,0,2,18,15.5,15.4,4.083342284272324,,,0.02907791707772901,0.0290147742275987,0.004241950690772048,0.0213998302900031,0.0384156265014443,0.1458822060546073,low
native_rows,calibration_median,extra_trees,fuzzy_entropy,20,20,1.0,20,1.0,20,1.0,0,0,0,2.0,2.2,0.6958523739384594,2.0,2.2,0.06005190497976729,0.06206309092376615,0.0072835691036533595,0.0437906235815934,0.0721118404115792,0.12128789429922901,very_high
native_rows,calibration_median,extra_trees,distribution_entropy,20,20,1.0,0,0.0,0,0.0,0,20,0,32.0,32.2,0.6155870112510924,,,0.012932602433730036,0.012959809552514651,0.0009350756062367803,0.0104960666262652,0.0142915377200622,0.07230374636724102,low
native_rows,calibration_median,extra_trees,svd_entropy,20,20,1.0,20,1.0,20,1.0,0,0,0,3.0,3.15,1.0399898784932577,3.0,3.15,0.05356206369303188,0.053642572793929144,0.007121150611487598,0.0417190700869885,0.0649129298470062,0.13295138612095744,very_high
native_rows,calibration_median,extra_trees,lempel_ziv_complexity,20,20,1.0,20,1.0,20,1.0,0,0,0,5.5,6.05,2.30502882731146,5.5,5.7,0.04111055668412076,0.041685643114777945,0.005335677554932989,0.0311426864701492,0.054574251251636,0.12978850167197886,very_high
native_rows,calibration_median,extra_trees,hjorth_mobility,20,20,1.0,20,1.0,0,0.0,0,0,20,11.5,11.6,3.604091242492416,,,0.033240163523221844,0.03330289724034015,0.0045461619212190585,0.0256810006459495,0.0428592718662195,0.13676713467558826,low
native_rows,calibration_median,extra_trees,hjorth_complexity,20,20,1.0,10,0.5,9,0.45,0,10,1,20.5,20.55,3.2521248114845904,15.0,14.88888888888889,0.02404179861682077,0.024526216407636553,0.002747318364395983,0.0176896433245832,0.0293401914564641,0.11427258035818626,low
native_rows,calibration_median,extra_trees,katz_fractal_dimension,20,20,1.0,0,0.0,0,0.0,0,20,0,33.0,32.65,0.5871429486124,,,0.012169464029483395,0.0122389902425284,0.000994662760039212,0.0099496458580695,0.0135501114248637,0.08173431119311475,low
native_rows,calibration_median,extra_trees,higuchi_fractal_dimension,20,20,1.0,14,0.7,14,0.7,0,6,0,19.5,19.55,3.940010686600522,14.5,14.071428571428571,0.025461834059182214,0.025384405378616498,0.0032083644784390037,0.0195246803614186,0.0309698929668096,0.1260068096815666,moderate
native_rows,calibration_median,extra_trees,detrended_fluctuation_analysis,20,20,1.0,19,0.95,19,0.95,0,1,0,14.5,14.45,3.9666371810786765,12.0,11.526315789473685,0.03051257722360115,0.03030110439266495,0.004271282014597501,0.0225249813341268,0.0383182912186449,0.13998430821811111,very_high
native_rows,calibration_median,extra_trees,mean_frequency,20,20,1.0,20,1.0,0,0.0,0,0,20,15.0,14.9,2.653696528082647,,,0.029872730759818212,0.0295728720201118,0.003425482151649989,0.0238375902318733,0.0369436476017662,0.11466920045547369,low
native_rows,calibration_median,extra_trees,median_frequency,20,20,1.0,20,1.0,20,1.0,0,0,0,11.0,10.7,3.700640058436549,10.0,9.6,0.034552537556359696,0.0342532879256707,0.004630330065995432,0.0275341094540116,0.0438900526576765,0.1340083939838792,very_high
native_rows,calibration_median,extra_trees,spectral_edge_frequency_95,20,20,1.0,20,1.0,0,0.0,0,0,20,9.5,10.55,3.9533463506782516,,,0.03517408819587657,0.03550859148483365,0.005989132062460525,0.0276445483016909,0.0533308709853703,0.17027113905862742,low
native_rows,calibration_median,extra_trees,spectral_entropy,20,20,1.0,20,1.0,20,1.0,0,0,0,10.5,10.65,3.0655127501043986,10.0,9.4,0.03484736132438583,0.0331575693835135,0.0044963901404076675,0.0279092625520005,0.0447895710150592,0.12903100750016155,very_high
native_rows,calibration_median,extra_trees,AvgSampEn,20,20,1.0,0,0.0,0,0.0,0,20,0,30.5,30.4,0.8207826816681233,,,0.015182767632352434,0.0148763977611032,0.0012856869072917652,0.0127154436754354,0.0178994259469372,0.08468066813801059,low
native_rows,calibration_median,extra_trees,MaxSampEn,20,20,1.0,7,0.35,7,0.35,0,13,0,22.0,21.45,3.456115860631015,14.0,14.142857142857142,0.02323553195612834,0.023001949141574198,0.003123695796698915,0.0176855395792472,0.0287187161790829,0.13443616451720808,low
native_rows,calibration_median,extra_trees,MedianSampEn,20,20,1.0,19,0.95,19,0.95,0,1,0,8.0,8.95,4.547700402111865,7.0,7.2631578947368425,0.036809113296455795,0.03714374212260475,0.005313964929411851,0.0195522146529749,0.0453386806395512,0.14436546967632366,very_high
native_rows,calibration_median,extra_trees,StdSampEn,20,20,1.0,3,0.15,3,0.15,0,17,0,24.0,23.05,2.4596747752497685,15.0,15.333333333333334,0.02185185384314379,0.02154688148180755,0.0027164880650228525,0.0173889101155617,0.026963439054585,0.12431384927440262,low
native_rows,calibration_median,extra_trees,KurtosisSampEn,20,20,1.0,0,0.0,0,0.0,0,20,0,28.0,28.15,0.9333020044867295,,,0.01702422878660504,0.01681098297308695,0.0012491482504875693,0.0149230496082748,0.0191621778694544,0.0733747335133572,low
native_rows,calibration_median,extra_trees,SkewnessSampEn,20,20,1.0,0,0.0,0,0.0,0,20,0,30.0,30.15,1.0399898784932577,,,0.01514662003291865,0.01511871737427185,0.0010307093145099624,0.0132672665194079,0.0172261801468527,0.06804879981605717,low
native_rows,calibration_median,extra_trees,AUC_SampEn,20,20,1.0,7,0.35,7,0.35,0,13,0,21.0,20.95,2.781044862334261,16.0,15.142857142857142,0.023843644316864258,0.02415871563192865,0.0027591209663506183,0.0200703092459256,0.0318169470009671,0.11571725067208509,low
native_rows,calibration_median,logistic_regression,minimum,20,20,1.0,0,0.0,0,0.0,0,20,0,25.0,25.05,1.9861361590045288,,,0.020124343641106504,0.0201461034427877,0.0018527739227992492,0.0160869069725422,0.0230968214149796,0.09206630317198149,low
native_rows,calibration_median,logistic_regression,maximum,20,20,1.0,1,0.05,1,0.05,0,19,0,24.5,24.4,2.5214866124653734,15.0,15.0,0.020564888688093596,0.0208505228378567,0.0023829858349862436,0.0139163149810679,0.0240833186717649,0.1158764275911649,low
native_rows,calibration_median,logistic_regression,mean,20,20,1.0,0,0.0,0,0.0,0,20,0,34.0,34.0,0.0,,,0.007981540716827402,0.0080430333092586,0.0008151008699760502,0.0054142936018711,0.0091651596777493,0.1021232489934658,low
native_rows,calibration_median,logistic_regression,median,20,20,1.0,20,1.0,20,1.0,0,0,0,1.0,1.15,0.36634754853252327,1.0,1.15,0.07222812516770219,0.07286902075168825,0.007190120500474276,0.056045725138244,0.0809013480386564,0.09954737830699555,very_high
native_rows,calibration_median,logistic_regression,kurtosis,20,20,1.0,18,0.9,18,0.9,0,2,0,15.0,14.7,3.628831912975796,12.0,11.777777777777779,0.03017541693941317,0.030089653833629798,0.0035804888484658065,0.0226825964425488,0.0360137590464356,0.11865582025444045,very_high
native_rows,calibration_median,logistic_regression,skewness,20,20,1.0,20,1.0,20,1.0,0,0,0,7.5,8.2,3.2702808506465106,7.0,7.4,0.03819832953425916,0.0378053004428104,0.0041229432347977685,0.0321690722884334,0.0470619693863097,0.10793517112050673,very_high
native_rows,calibration_median,logistic_regression,mean_absolute_value,20,20,1.0,17,0.85,17,0.85,0,3,0,18.0,17.3,3.9349981609037368,14.0,13.294117647058824,0.02765695813409269,0.0267922030006158,0.0037726153462469604,0.0214117552802719,0.0388549192948489,0.13640745768047655,high
native_rows,calibration_median,logistic_regression,root_mean_square,20,20,1.0,7,0.35,7,0.35,0,13,0,22.0,21.25,2.29128784747792,16.0,15.285714285714286,0.02378270642131194,0.0235448902157,0.0022860759618603126,0.0198313364294181,0.0306239254218719,0.09612345716094511,low
native_rows,calibration_median,logistic_regression,peak_to_peak,20,20,1.0,0,0.0,0,0.0,0,20,0,29.0,28.6,1.5694450913417908,,,0.016685735663160707,0.01626416487515195,0.0011644965681288438,0.0144012783911352,0.0192229360560004,0.0697899446351566,low
native_rows,calibration_median,logistic_regression,waveform_length,20,20,1.0,20,1.0,20,1.0,0,0,0,6.0,7.45,3.7623480910057667,6.0,6.75,0.04052359417497505,0.0396982183011555,0.006911000910012579,0.0308410815588416,0.0573078862426439,0.17054264437087863,very_high
native_rows,calibration_median,logistic_regression,zero_crossing_count,20,20,1.0,0,0.0,0,0.0,0,20,0,27.0,26.75,1.118033988749895,,,0.018493118304791393,0.01852398692485125,0.0016923781207496924,0.0159848107870562,0.0226840288700939,0.09151394009690692,low
native_rows,calibration_median,logistic_regression,slope_sign_change_count,20,20,1.0,20,1.0,20,1.0,0,0,0,10.0,10.85,4.648429276308516,9.0,9.7,0.03442582361917024,0.03474318433029995,0.006362154310334615,0.0256130427273514,0.048046087524427,0.1848076136308271,very_high
native_rows,calibration_median,logistic_regression,approximate_entropy,20,20,1.0,20,1.0,20,1.0,0,0,0,6.0,7.6,3.9256243217849405,6.0,6.9,0.03945805897349731,0.0393466044375609,0.006304258114523179,0.029287412011861,0.0538784955289035,0.15977111592735832,very_high
native_rows,calibration_median,logistic_regression,permutation_entropy,20,20,1.0,18,0.9,0,0.0,0,2,18,15.5,15.4,4.083342284272324,,,0.02907791707772901,0.0290147742275987,0.004241950690772048,0.0213998302900031,0.0384156265014443,0.1458822060546073,low
native_rows,calibration_median,logistic_regression,fuzzy_entropy,20,20,1.0,20,1.0,20,1.0,0,0,0,2.0,2.2,0.6958523739384594,2.0,2.2,0.06005190497976729,0.06206309092376615,0.0072835691036533595,0.0437906235815934,0.0721118404115792,0.12128789429922901,very_high
native_rows,calibration_median,logistic_regression,distribution_entropy,20,20,1.0,0,0.0,0,0.0,0,20,0,32.0,32.2,0.6155870112510924,,,0.012932602433730036,0.012959809552514651,0.0009350756062367803,0.0104960666262652,0.0142915377200622,0.07230374636724102,low
native_rows,calibration_median,logistic_regression,svd_entropy,20,20,1.0,20,1.0,20,1.0,0,0,0,3.0,3.15,1.0399898784932577,3.0,3.15,0.05356206369303188,0.053642572793929144,0.007121150611487598,0.0417190700869885,0.0649129298470062,0.13295138612095744,very_high
native_rows,calibration_median,logistic_regression,lempel_ziv_complexity,20,20,1.0,20,1.0,20,1.0,0,0,0,5.5,6.05,2.30502882731146,5.5,5.7,0.04111055668412076,0.041685643114777945,0.005335677554932989,0.0311426864701492,0.054574251251636,0.12978850167197886,very_high
native_rows,calibration_median,logistic_regression,hjorth_mobility,20,20,1.0,20,1.0,0,0.0,0,0,20,11.5,11.6,3.604091242492416,,,0.033240163523221844,0.03330289724034015,0.0045461619212190585,0.0256810006459495,0.0428592718662195,0.13676713467558826,low
native_rows,calibration_median,logistic_regression,hjorth_complexity,20,20,1.0,10,0.5,9,0.45,0,10,1,20.5,20.55,3.2521248114845904,15.0,14.88888888888889,0.02404179861682077,0.024526216407636553,0.002747318364395983,0.0176896433245832,0.0293401914564641,0.11427258035818626,low
native_rows,calibration_median,logistic_regression,katz_fractal_dimension,20,20,1.0,0,0.0,0,0.0,0,20,0,33.0,32.65,0.5871429486124,,,0.012169464029483395,0.0122389902425284,0.000994662760039212,0.0099496458580695,0.0135501114248637,0.08173431119311475,low
native_rows,calibration_median,logistic_regression,higuchi_fractal_dimension,20,20,1.0,14,0.7,14,0.7,0,6,0,19.5,19.55,3.940010686600522,14.5,14.071428571428571,0.025461834059182214,0.025384405378616498,0.0032083644784390037,0.0195246803614186,0.0309698929668096,0.1260068096815666,moderate
native_rows,calibration_median,logistic_regression,detrended_fluctuation_analysis,20,20,1.0,19,0.95,19,0.95,0,1,0,14.5,14.45,3.9666371810786765,12.0,11.526315789473685,0.03051257722360115,0.03030110439266495,0.004271282014597501,0.0225249813341268,0.0383182912186449,0.13998430821811111,very_high
native_rows,calibration_median,logistic_regression,mean_frequency,20,20,1.0,20,1.0,0,0.0,0,0,20,15.0,14.9,2.653696528082647,,,0.029872730759818212,0.0295728720201118,0.003425482151649989,0.0238375902318733,0.0369436476017662,0.11466920045547369,low
native_rows,calibration_median,logistic_regression,median_frequency,20,20,1.0,20,1.0,20,1.0,0,0,0,11.0,10.7,3.700640058436549,10.0,9.6,0.034552537556359696,0.0342532879256707,0.004630330065995432,0.0275341094540116,0.0438900526576765,0.1340083939838792,very_high
native_rows,calibration_median,logistic_regression,spectral_edge_frequency_95,20,20,1.0,20,1.0,0,0.0,0,0,20,9.5,10.55,3.9533463506782516,,,0.03517408819587657,0.03550859148483365,0.005989132062460525,0.0276445483016909,0.0533308709853703,0.17027113905862742,low
native_rows,calibration_median,logistic_regression,spectral_entropy,20,20,1.0,20,1.0,20,1.0,0,0,0,10.5,10.65,3.0655127501043986,10.0,9.4,0.03484736132438583,0.0331575693835135,0.0044963901404076675,0.0279092625520005,0.0447895710150592,0.12903100750016155,very_high
native_rows,calibration_median,logistic_regression,AvgSampEn,20,20,1.0,0,0.0,0,0.0,0,20,0,30.5,30.4,0.8207826816681233,,,0.015182767632352434,0.0148763977611032,0.0012856869072917652,0.0127154436754354,0.0178994259469372,0.08468066813801059,low
native_rows,calibration_median,logistic_regression,MaxSampEn,20,20,1.0,7,0.35,7,0.35,0,13,0,22.0,21.45,3.456115860631015,14.0,14.142857142857142,0.02323553195612834,0.023001949141574198,0.003123695796698915,0.0176855395792472,0.0287187161790829,0.13443616451720808,low
native_rows,calibration_median,logistic_regression,MedianSampEn,20,20,1.0,19,0.95,19,0.95,0,1,0,8.0,8.95,4.547700402111865,7.0,7.2631578947368425,0.036809113296455795,0.03714374212260475,0.005313964929411851,0.0195522146529749,0.0453386806395512,0.14436546967632366,very_high
native_rows,calibration_median,logistic_regression,StdSampEn,20,20,1.0,3,0.15,3,0.15,0,17,0,24.0,23.05,2.4596747752497685,15.0,15.333333333333334,0.02185185384314379,0.02154688148180755,0.0027164880650228525,0.0173889101155617,0.026963439054585,0.12431384927440262,low
native_rows,calibration_median,logistic_regression,KurtosisSampEn,20,20,1.0,0,0.0,0,0.0,0,20,0,28.0,28.15,0.9333020044867295,,,0.01702422878660504,0.01681098297308695,0.0012491482504875693,0.0149230496082748,0.0191621778694544,0.0733747335133572,low
native_rows,calibration_median,logistic_regression,SkewnessSampEn,20,20,1.0,0,0.0,0,0.0,0,20,0,30.0,30.15,1.0399898784932577,,,0.01514662003291865,0.01511871737427185,0.0010307093145099624,0.0132672665194079,0.0172261801468527,0.06804879981605717,low
native_rows,calibration_median,logistic_regression,AUC_SampEn,20,20,1.0,7,0.35,7,0.35,0,13,0,21.0,20.95,2.781044862334261,16.0,15.142857142857142,0.023843644316864258,0.02415871563192865,0.0027591209663506183,0.0200703092459256,0.0318169470009671,0.11571725067208509,low
native_rows,calibration_median,random_forest,minimum,20,20,1.0,0,0.0,0,0.0,0,20,0,25.0,25.05,1.9861361590045288,,,0.020124343641106504,0.0201461034427877,0.0018527739227992492,0.0160869069725422,0.0230968214149796,0.09206630317198149,low
native_rows,calibration_median,random_forest,maximum,20,20,1.0,1,0.05,1,0.05,0,19,0,24.5,24.4,2.5214866124653734,15.0,15.0,0.020564888688093596,0.0208505228378567,0.0023829858349862436,0.0139163149810679,0.0240833186717649,0.1158764275911649,low
native_rows,calibration_median,random_forest,mean,20,20,1.0,0,0.0,0,0.0,0,20,0,34.0,34.0,0.0,,,0.007981540716827402,0.0080430333092586,0.0008151008699760502,0.0054142936018711,0.0091651596777493,0.1021232489934658,low
native_rows,calibration_median,random_forest,median,20,20,1.0,20,1.0,20,1.0,0,0,0,1.0,1.15,0.36634754853252327,1.0,1.15,0.07222812516770219,0.07286902075168825,0.007190120500474276,0.056045725138244,0.0809013480386564,0.09954737830699555,very_high
native_rows,calibration_median,random_forest,kurtosis,20,20,1.0,18,0.9,18,0.9,0,2,0,15.0,14.7,3.628831912975796,12.0,11.777777777777779,0.03017541693941317,0.030089653833629798,0.0035804888484658065,0.0226825964425488,0.0360137590464356,0.11865582025444045,very_high
native_rows,calibration_median,random_forest,skewness,20,20,1.0,20,1.0,20,1.0,0,0,0,7.5,8.2,3.2702808506465106,7.0,7.4,0.03819832953425916,0.0378053004428104,0.0041229432347977685,0.0321690722884334,0.0470619693863097,0.10793517112050673,very_high
native_rows,calibration_median,random_forest,mean_absolute_value,20,20,1.0,17,0.85,17,0.85,0,3,0,18.0,17.3,3.9349981609037368,14.0,13.294117647058824,0.02765695813409269,0.0267922030006158,0.0037726153462469604,0.0214117552802719,0.0388549192948489,0.13640745768047655,high
native_rows,calibration_median,random_forest,root_mean_square,20,20,1.0,7,0.35,7,0.35,0,13,0,22.0,21.25,2.29128784747792,16.0,15.285714285714286,0.02378270642131194,0.0235448902157,0.0022860759618603126,0.0198313364294181,0.0306239254218719,0.09612345716094511,low
native_rows,calibration_median,random_forest,peak_to_peak,20,20,1.0,0,0.0,0,0.0,0,20,0,29.0,28.6,1.5694450913417908,,,0.016685735663160707,0.01626416487515195,0.0011644965681288438,0.0144012783911352,0.0192229360560004,0.0697899446351566,low
native_rows,calibration_median,random_forest,waveform_length,20,20,1.0,20,1.0,20,1.0,0,0,0,6.0,7.45,3.7623480910057667,6.0,6.75,0.04052359417497505,0.0396982183011555,0.006911000910012579,0.0308410815588416,0.0573078862426439,0.17054264437087863,very_high
native_rows,calibration_median,random_forest,zero_crossing_count,20,20,1.0,0,0.0,0,0.0,0,20,0,27.0,26.75,1.118033988749895,,,0.018493118304791393,0.01852398692485125,0.0016923781207496924,0.0159848107870562,0.0226840288700939,0.09151394009690692,low
native_rows,calibration_median,random_forest,slope_sign_change_count,20,20,1.0,20,1.0,20,1.0,0,0,0,10.0,10.85,4.648429276308516,9.0,9.7,0.03442582361917024,0.03474318433029995,0.006362154310334615,0.0256130427273514,0.048046087524427,0.1848076136308271,very_high
native_rows,calibration_median,random_forest,approximate_entropy,20,20,1.0,20,1.0,20,1.0,0,0,0,6.0,7.6,3.9256243217849405,6.0,6.9,0.03945805897349731,0.0393466044375609,0.006304258114523179,0.029287412011861,0.0538784955289035,0.15977111592735832,very_high
native_rows,calibration_median,random_forest,permutation_entropy,20,20,1.0,18,0.9,0,0.0,0,2,18,15.5,15.4,4.083342284272324,,,0.02907791707772901,0.0290147742275987,0.004241950690772048,0.0213998302900031,0.0384156265014443,0.1458822060546073,low
native_rows,calibration_median,random_forest,fuzzy_entropy,20,20,1.0,20,1.0,20,1.0,0,0,0,2.0,2.2,0.6958523739384594,2.0,2.2,0.06005190497976729,0.06206309092376615,0.0072835691036533595,0.0437906235815934,0.0721118404115792,0.12128789429922901,very_high
native_rows,calibration_median,random_forest,distribution_entropy,20,20,1.0,0,0.0,0,0.0,0,20,0,32.0,32.2,0.6155870112510924,,,0.012932602433730036,0.012959809552514651,0.0009350756062367803,0.0104960666262652,0.0142915377200622,0.07230374636724102,low
native_rows,calibration_median,random_forest,svd_entropy,20,20,1.0,20,1.0,20,1.0,0,0,0,3.0,3.15,1.0399898784932577,3.0,3.15,0.05356206369303188,0.053642572793929144,0.007121150611487598,0.0417190700869885,0.0649129298470062,0.13295138612095744,very_high
native_rows,calibration_median,random_forest,lempel_ziv_complexity,20,20,1.0,20,1.0,20,1.0,0,0,0,5.5,6.05,2.30502882731146,5.5,5.7,0.04111055668412076,0.041685643114777945,0.005335677554932989,0.0311426864701492,0.054574251251636,0.12978850167197886,very_high
native_rows,calibration_median,random_forest,hjorth_mobility,20,20,1.0,20,1.0,0,0.0,0,0,20,11.5,11.6,3.604091242492416,,,0.033240163523221844,0.03330289724034015,0.0045461619212190585,0.0256810006459495,0.0428592718662195,0.13676713467558826,low
native_rows,calibration_median,random_forest,hjorth_complexity,20,20,1.0,10,0.5,9,0.45,0,10,1,20.5,20.55,3.2521248114845904,15.0,14.88888888888889,0.02404179861682077,0.024526216407636553,0.002747318364395983,0.0176896433245832,0.0293401914564641,0.11427258035818626,low
native_rows,calibration_median,random_forest,katz_fractal_dimension,20,20,1.0,0,0.0,0,0.0,0,20,0,33.0,32.65,0.5871429486124,,,0.012169464029483395,0.0122389902425284,0.000994662760039212,0.0099496458580695,0.0135501114248637,0.08173431119311475,low
native_rows,calibration_median,random_forest,higuchi_fractal_dimension,20,20,1.0,14,0.7,14,0.7,0,6,0,19.5,19.55,3.940010686600522,14.5,14.071428571428571,0.025461834059182214,0.025384405378616498,0.0032083644784390037,0.0195246803614186,0.0309698929668096,0.1260068096815666,moderate
native_rows,calibration_median,random_forest,detrended_fluctuation_analysis,20,20,1.0,19,0.95,19,0.95,0,1,0,14.5,14.45,3.9666371810786765,12.0,11.526315789473685,0.03051257722360115,0.03030110439266495,0.004271282014597501,0.0225249813341268,0.0383182912186449,0.13998430821811111,very_high
native_rows,calibration_median,random_forest,mean_frequency,20,20,1.0,20,1.0,0,0.0,0,0,20,15.0,14.9,2.653696528082647,,,0.029872730759818212,0.0295728720201118,0.003425482151649989,0.0238375902318733,0.0369436476017662,0.11466920045547369,low
native_rows,calibration_median,random_forest,median_frequency,20,20,1.0,20,1.0,20,1.0,0,0,0,11.0,10.7,3.700640058436549,10.0,9.6,0.034552537556359696,0.0342532879256707,0.004630330065995432,0.0275341094540116,0.0438900526576765,0.1340083939838792,very_high
native_rows,calibration_median,random_forest,spectral_edge_frequency_95,20,20,1.0,20,1.0,0,0.0,0,0,20,9.5,10.55,3.9533463506782516,,,0.03517408819587657,0.03550859148483365,0.005989132062460525,0.0276445483016909,0.0533308709853703,0.17027113905862742,low
native_rows,calibration_median,random_forest,spectral_entropy,20,20,1.0,20,1.0,20,1.0,0,0,0,10.5,10.65,3.0655127501043986,10.0,9.4,0.03484736132438583,0.0331575693835135,0.0044963901404076675,0.0279092625520005,0.0447895710150592,0.12903100750016155,very_high
native_rows,calibration_median,random_forest,AvgSampEn,20,20,1.0,0,0.0,0,0.0,0,20,0,30.5,30.4,0.8207826816681233,,,0.015182767632352434,0.0148763977611032,0.0012856869072917652,0.0127154436754354,0.0178994259469372,0.08468066813801059,low
native_rows,calibration_median,random_forest,MaxSampEn,20,20,1.0,7,0.35,7,0.35,0,13,0,22.0,21.45,3.456115860631015,14.0,14.142857142857142,0.02323553195612834,0.023001949141574198,0.003123695796698915,0.0176855395792472,0.0287187161790829,0.13443616451720808,low
native_rows,calibration_median,random_forest,MedianSampEn,20,20,1.0,19,0.95,19,0.95,0,1,0,8.0,8.95,4.547700402111865,7.0,7.2631578947368425,0.036809113296455795,0.03714374212260475,0.005313964929411851,0.0195522146529749,0.0453386806395512,0.14436546967632366,very_high
native_rows,calibration_median,random_forest,StdSampEn,20,20,1.0,3,0.15,3,0.15,0,17,0,24.0,23.05,2.4596747752497685,15.0,15.333333333333334,0.02185185384314379,0.02154688148180755,0.0027164880650228525,0.0173889101155617,0.026963439054585,0.12431384927440262,low
native_rows,calibration_median,random_forest,KurtosisSampEn,20,20,1.0,0,0.0,0,0.0,0,20,0,28.0,28.15,0.9333020044867295,,,0.01702422878660504,0.01681098297308695,0.0012491482504875693,0.0149230496082748,0.0191621778694544,0.0733747335133572,low
native_rows,calibration_median,random_forest,SkewnessSampEn,20,20,1.0,0,0.0,0,0.0,0,20,0,30.0,30.15,1.0399898784932577,,,0.01514662003291865,0.01511871737427185,0.0010307093145099624,0.0132672665194079,0.0172261801468527,0.06804879981605717,low
native_rows,calibration_median,random_forest,AUC_SampEn,20,20,1.0,7,0.35,7,0.35,0,13,0,21.0,20.95,2.781044862334261,16.0,15.142857142857142,0.023843644316864258,0.02415871563192865,0.0027591209663506183,0.0200703092459256,0.0318169470009671,0.11571725067208509,low
native_rows,calibration_median_iqr,extra_trees,minimum,20,20,1.0,0,0.0,0,0.0,0,20,0,32.0,31.45,0.8870412083230168,,,0.014945253505708142,0.01487279477671345,0.0014810717673176819,0.0129270898822967,0.0175880392602327,0.09909980896289287,low
native_rows,calibration_median_iqr,extra_trees,maximum,20,20,1.0,0,0.0,0,0.0,0,20,0,26.0,26.2,2.041671142136162,,,0.019840664924717342,0.01998469860317675,0.0013638964576131632,0.0177589564495452,0.022644044325934,0.0687424772702064,low
native_rows,calibration_median_iqr,extra_trees,mean,20,20,1.0,0,0.0,0,0.0,0,20,0,34.0,34.0,0.0,,,0.005700473674650279,0.00569386237318535,0.0005807795966068082,0.0043419086286578,0.0065800495657813,0.10188269076471768,low
native_rows,calibration_median_iqr,extra_trees,median,20,20,1.0,1,0.05,1,0.05,0,19,0,25.0,24.75,2.4251966822029964,17.0,17.0,0.020921233975916272,0.0208611285395264,0.0014642153179172902,0.0175397701655628,0.0235853572093264,0.06998704376629214,low
native_rows,calibration_median_iqr,extra_trees,kurtosis,20,20,1.0,20,1.0,20,1.0,0,0,0,13.0,13.25,3.0757968586675997,10.0,10.2,0.03241797508811825,0.03233163746503205,0.0042131593323690665,0.0245920860455747,0.0403367412646593,0.1299636797460944,very_high
native_rows,calibration_median_iqr,extra_trees,skewness,20,20,1.0,18,0.9,18,0.9,0,2,0,18.0,16.85,3.9772378672429913,14.0,12.722222222222221,0.028396556504696024,0.0275894545643611,0.004842893611253666,0.0226670443470707,0.0450885499843319,0.17054510149682345,very_high
native_rows,calibration_median_iqr,extra_trees,mean_absolute_value,20,20,1.0,20,1.0,20,1.0,0,0,0,13.0,12.7,3.357630743623592,9.0,9.75,0.032860792019127935,0.033122507528852055,0.003896855126410016,0.025888988695574,0.0403907048537784,0.11858676821123776,very_high
native_rows,calibration_median_iqr,extra_trees,root_mean_square,20,20,1.0,7,0.35,7,0.35,0,13,0,21.0,21.15,1.598519051464429,16.0,15.714285714285714,0.023862711365838243,0.0238693284357831,0.0018426511310970517,0.0193800391477593,0.0270143991646301,0.07721885006474927,low
native_rows,calibration_median_iqr,extra_trees,peak_to_peak,20,20,1.0,13,0.65,13,0.65,0,7,0,20.0,19.55,2.8372521918222215,15.0,14.307692307692308,0.025524291478218886,0.024896720664887302,0.002612731650676072,0.0206714644036021,0.030058093028277,0.10236255344857045,moderate
native_rows,calibration_median_iqr,extra_trees,waveform_length,20,20,1.0,20,1.0,20,1.0,0,0,0,10.0,10.05,3.8997300851266754,8.0,7.7,0.03608987825305875,0.0360439652240217,0.0057100477587212085,0.0266721385216919,0.0482330867220971,0.15821742923827292,very_high
native_rows,calibration_median_iqr,extra_trees,zero_crossing_count,20,20,1.0,0,0.0,0,0.0,0,20,0,28.0,27.25,2.8996370008747827,,,0.01873899546554526,0.0184738259686826,0.002419082554453061,0.0142107824354795,0.023291588534021,0.12909350231184719,low
native_rows,calibration_median_iqr,extra_trees,slope_sign_change_count,20,20,1.0,20,1.0,20,1.0,0,0,0,8.0,6.85,4.120232492162752,5.5,5.3,0.04330966216549192,0.0425887767931277,0.008714755721654905,0.0325901248314754,0.0651328375704259,0.20121966521822954,very_high
native_rows,calibration_median_iqr,extra_trees,approximate_entropy,20,20,1.0,20,1.0,20,1.0,0,0,0,8.0,9.05,4.058454463410788,6.0,7.1,0.03849742898295554,0.03934958281089155,0.005562523163765279,0.0272071054632834,0.0460303055503478,0.144490770181771,very_high
native_rows,calibration_median_iqr,extra_trees,permutation_entropy,20,20,1.0,18,0.9,0,0.0,0,2,18,15.5,15.5,4.67355381515586,,,0.03044902027374586,0.0294049960418131,0.005888673547021506,0.0193497911304558,0.0425130348859967,0.19339451627936,low
native_rows,calibration_median_iqr,extra_trees,fuzzy_entropy,20,20,1.0,20,1.0,20,1.0,0,0,0,1.5,3.35,3.3759988775253817,1.5,2.85,0.05239334974846392,0.05396070698217875,0.009614948282839202,0.034361100335584,0.0714512820885231,0.18351466987699322,very_high
native_rows,calibration_median_iqr,extra_trees,distribution_entropy,20,20,1.0,0,0.0,0,0.0,0,20,0,26.5,26.9,2.653696528082647,,,0.019200635771623335,0.019764656360242848,0.002261608735523732,0.013166752964203,0.0240546159255326,0.11778822130807609,low
native_rows,calibration_median_iqr,extra_trees,svd_entropy,20,20,1.0,20,1.0,6,0.3,0,0,14,4.0,4.7,2.5975697143777743,2.5,3.1666666666666665,0.045999855415283245,0.0463192514412388,0.005305000963906242,0.0340395226656658,0.0539244394087727,0.11532647039894128,low
native_rows,calibration_median_iqr,extra_trees,lempel_ziv_complexity,20,20,1.0,20,1.0,20,1.0,0,0,0,10.5,10.95,2.6847522673129647,8.0,8.05,0.03491777554853464,0.03507581084300475,0.00370556777114019,0.0291052288581701,0.0410600924798339,0.10612267571253398,very_high
native_rows,calibration_median_iqr,extra_trees,hjorth_mobility,20,20,1.0,20,1.0,8,0.4,0,0,12,4.0,4.35,2.1588252165910684,2.0,2.875,0.04678234664897273,0.0468348756440857,0.005069190048297905,0.0371493337811453,0.0572191837680802,0.10835689980098971,low
native_rows,calibration_median_iqr,extra_trees,hjorth_complexity,20,20,1.0,12,0.6,11,0.55,0,8,1,20.0,19.55,2.892367451359562,15.0,14.181818181818182,0.02578929028996217,0.0256607244859184,0.0035301397915744742,0.0203133303984187,0.0332497996330413,0.13688394491989925,moderate
native_rows,calibration_median_iqr,extra_trees,katz_fractal_dimension,20,20,1.0,0,0.0,0,0.0,0,20,0,33.0,33.0,0.0,,,0.009963826112942734,0.0098917512996613,0.0008535714481827237,0.008437765909807,0.0115199860954603,0.08566703578597765,low
native_rows,calibration_median_iqr,extra_trees,higuchi_fractal_dimension,20,20,1.0,16,0.8,16,0.8,0,4,0,17.5,17.6,3.7752657626910677,13.0,12.8125,0.027868278583423722,0.0278407871032147,0.003872725378128932,0.017372577483832,0.0368874888634264,0.13896536043788726,high
native_rows,calibration_median_iqr,extra_trees,detrended_fluctuation_analysis,20,20,1.0,19,0.95,19,0.95,0,1,0,14.5,14.2,3.805812728750036,11.0,10.789473684210526,0.03125272790829427,0.030825643696555348,0.004075389044008765,0.0230502856491528,0.0420229284429721,0.1304010662994696,very_high
native_rows,calibration_median_iqr,extra_trees,mean_frequency,20,20,1.0,20,1.0,0,0.0,0,0,20,9.0,9.6,2.7414940221864814,,,0.03771724890226452,0.03755246702329645,0.004197456338682466,0.0291369761651352,0.0466416171178468,0.11128744701288257,low
native_rows,calibration_median_iqr,extra_trees,median_frequency,20,20,1.0,20,1.0,20,1.0,0,0,0,4.0,5.05,3.3003189638515087,3.0,3.9,0.0460450008643726,0.04762204182794315,0.006908355948278649,0.0350049128303063,0.0592722142333352,0.15003487498300824,very_high
native_rows,calibration_median_iqr,extra_trees,spectral_edge_frequency_95,20,20,1.0,20,1.0,6,0.3,0,0,14,5.0,5.65,2.978431236671236,3.5,3.3333333333333335,0.04535936509956236,0.0451551499180482,0.006513178343236648,0.0309241653022492,0.0629065162442898,0.14359059764043058,low
native_rows,calibration_median_iqr,extra_trees,spectral_entropy,20,20,1.0,19,0.95,19,0.95,0,1,0,16.0,15.95,2.8186409565791215,12.0,12.052631578947368,0.02954468933468541,0.029929786832107702,0.0027489428817419753,0.0246517146162131,0.0339111391967048,0.0930435534657906,very_high
native_rows,calibration_median_iqr,extra_trees,AvgSampEn,20,20,1.0,0,0.0,0,0.0,0,20,0,28.0,28.1,1.7441631985447619,,,0.018426795836266906,0.01859331280604175,0.001591312067221558,0.014918307747875,0.0209031686739895,0.08635858786092367,low
native_rows,calibration_median_iqr,extra_trees,MaxSampEn,20,20,1.0,2,0.1,2,0.1,0,18,0,24.0,24.8,3.5481648332920677,14.5,14.5,0.02103343466564503,0.0209159032910309,0.003107026197291732,0.0151910433036135,0.0276007539213183,0.1477184419321964,low
native_rows,calibration_median_iqr,extra_trees,MedianSampEn,20,20,1.0,20,1.0,20,1.0,0,0,0,3.0,3.4,2.348571794449599,3.0,2.8,0.05073647449451548,0.05194805009332025,0.00505578253611437,0.0380322703641465,0.0587162189052173,0.09964788816102882,very_high
native_rows,calibration_median_iqr,extra_trees,StdSampEn,20,20,1.0,0,0.0,0,0.0,0,20,0,24.5,24.95,2.438183102661747,,,0.02064031398083959,0.02053335482953755,0.0023894049721148655,0.0146840811674723,0.0239448282905435,0.11576398374234766,low
native_rows,calibration_median_iqr,extra_trees,KurtosisSampEn,20,20,1.0,0,0.0,0,0.0,0,20,0,31.0,30.9,1.209610637658599,,,0.015836417087924815,0.0159022646051458,0.0012636988693524127,0.0133737997502228,0.0177189374300662,0.07979701862714746,low
native_rows,calibration_median_iqr,extra_trees,SkewnessSampEn,20,20,1.0,0,0.0,0,0.0,0,20,0,28.0,27.75,1.9701723141310308,,,0.018583398732286135,0.0187235153796418,0.0013035862516605852,0.0158306124468172,0.0205729697320166,0.07014789223651435,low
native_rows,calibration_median_iqr,extra_trees,AUC_SampEn,20,20,1.0,15,0.75,15,0.75,0,5,0,15.5,15.65,4.847951276461776,10.0,10.466666666666667,0.030353837296346033,0.02950272121857445,0.005721782291251435,0.0219087956635063,0.0417721759060167,0.18850276607169592,high
native_rows,calibration_median_iqr,logistic_regression,minimum,20,20,1.0,0,0.0,0,0.0,0,20,0,32.0,31.45,0.8870412083230168,,,0.014945253505708142,0.01487279477671345,0.0014810717673176819,0.0129270898822967,0.0175880392602327,0.09909980896289287,low
native_rows,calibration_median_iqr,logistic_regression,maximum,20,20,1.0,0,0.0,0,0.0,0,20,0,26.0,26.2,2.041671142136162,,,0.019840664924717342,0.01998469860317675,0.0013638964576131632,0.0177589564495452,0.022644044325934,0.0687424772702064,low
native_rows,calibration_median_iqr,logistic_regression,mean,20,20,1.0,0,0.0,0,0.0,0,20,0,34.0,34.0,0.0,,,0.005700473674650279,0.00569386237318535,0.0005807795966068082,0.0043419086286578,0.0065800495657813,0.10188269076471768,low
native_rows,calibration_median_iqr,logistic_regression,median,20,20,1.0,1,0.05,1,0.05,0,19,0,25.0,24.75,2.4251966822029964,17.0,17.0,0.020921233975916272,0.0208611285395264,0.0014642153179172902,0.0175397701655628,0.0235853572093264,0.06998704376629214,low
native_rows,calibration_median_iqr,logistic_regression,kurtosis,20,20,1.0,20,1.0,20,1.0,0,0,0,13.0,13.25,3.0757968586675997,10.0,10.2,0.03241797508811825,0.03233163746503205,0.0042131593323690665,0.0245920860455747,0.0403367412646593,0.1299636797460944,very_high
native_rows,calibration_median_iqr,logistic_regression,skewness,20,20,1.0,18,0.9,18,0.9,0,2,0,18.0,16.85,3.9772378672429913,14.0,12.722222222222221,0.028396556504696024,0.0275894545643611,0.004842893611253666,0.0226670443470707,0.0450885499843319,0.17054510149682345,very_high
native_rows,calibration_median_iqr,logistic_regression,mean_absolute_value,20,20,1.0,20,1.0,20,1.0,0,0,0,13.0,12.7,3.357630743623592,9.0,9.75,0.032860792019127935,0.033122507528852055,0.003896855126410016,0.025888988695574,0.0403907048537784,0.11858676821123776,very_high
native_rows,calibration_median_iqr,logistic_regression,root_mean_square,20,20,1.0,7,0.35,7,0.35,0,13,0,21.0,21.15,1.598519051464429,16.0,15.714285714285714,0.023862711365838243,0.0238693284357831,0.0018426511310970517,0.0193800391477593,0.0270143991646301,0.07721885006474927,low
native_rows,calibration_median_iqr,logistic_regression,peak_to_peak,20,20,1.0,13,0.65,13,0.65,0,7,0,20.0,19.55,2.8372521918222215,15.0,14.307692307692308,0.025524291478218886,0.024896720664887302,0.002612731650676072,0.0206714644036021,0.030058093028277,0.10236255344857045,moderate
native_rows,calibration_median_iqr,logistic_regression,waveform_length,20,20,1.0,20,1.0,20,1.0,0,0,0,10.0,10.05,3.8997300851266754,8.0,7.7,0.03608987825305875,0.0360439652240217,0.0057100477587212085,0.0266721385216919,0.0482330867220971,0.15821742923827292,very_high
native_rows,calibration_median_iqr,logistic_regression,zero_crossing_count,20,20,1.0,0,0.0,0,0.0,0,20,0,28.0,27.25,2.8996370008747827,,,0.01873899546554526,0.0184738259686826,0.002419082554453061,0.0142107824354795,0.023291588534021,0.12909350231184719,low
native_rows,calibration_median_iqr,logistic_regression,slope_sign_change_count,20,20,1.0,20,1.0,20,1.0,0,0,0,8.0,6.85,4.120232492162752,5.5,5.3,0.04330966216549192,0.0425887767931277,0.008714755721654905,0.0325901248314754,0.0651328375704259,0.20121966521822954,very_high
native_rows,calibration_median_iqr,logistic_regression,approximate_entropy,20,20,1.0,20,1.0,20,1.0,0,0,0,8.0,9.05,4.058454463410788,6.0,7.1,0.03849742898295554,0.03934958281089155,0.005562523163765279,0.0272071054632834,0.0460303055503478,0.144490770181771,very_high
native_rows,calibration_median_iqr,logistic_regression,permutation_entropy,20,20,1.0,18,0.9,0,0.0,0,2,18,15.5,15.5,4.67355381515586,,,0.03044902027374586,0.0294049960418131,0.005888673547021506,0.0193497911304558,0.0425130348859967,0.19339451627936,low
native_rows,calibration_median_iqr,logistic_regression,fuzzy_entropy,20,20,1.0,20,1.0,20,1.0,0,0,0,1.5,3.35,3.3759988775253817,1.5,2.85,0.05239334974846392,0.05396070698217875,0.009614948282839202,0.034361100335584,0.0714512820885231,0.18351466987699322,very_high
native_rows,calibration_median_iqr,logistic_regression,distribution_entropy,20,20,1.0,0,0.0,0,0.0,0,20,0,26.5,26.9,2.653696528082647,,,0.019200635771623335,0.019764656360242848,0.002261608735523732,0.013166752964203,0.0240546159255326,0.11778822130807609,low
native_rows,calibration_median_iqr,logistic_regression,svd_entropy,20,20,1.0,20,1.0,6,0.3,0,0,14,4.0,4.7,2.5975697143777743,2.5,3.1666666666666665,0.045999855415283245,0.0463192514412388,0.005305000963906242,0.0340395226656658,0.0539244394087727,0.11532647039894128,low
native_rows,calibration_median_iqr,logistic_regression,lempel_ziv_complexity,20,20,1.0,20,1.0,20,1.0,0,0,0,10.5,10.95,2.6847522673129647,8.0,8.05,0.03491777554853464,0.03507581084300475,0.00370556777114019,0.0291052288581701,0.0410600924798339,0.10612267571253398,very_high
native_rows,calibration_median_iqr,logistic_regression,hjorth_mobility,20,20,1.0,20,1.0,8,0.4,0,0,12,4.0,4.35,2.1588252165910684,2.0,2.875,0.04678234664897273,0.0468348756440857,0.005069190048297905,0.0371493337811453,0.0572191837680802,0.10835689980098971,low
native_rows,calibration_median_iqr,logistic_regression,hjorth_complexity,20,20,1.0,12,0.6,11,0.55,0,8,1,20.0,19.55,2.892367451359562,15.0,14.181818181818182,0.02578929028996217,0.0256607244859184,0.0035301397915744742,0.0203133303984187,0.0332497996330413,0.13688394491989925,moderate
native_rows,calibration_median_iqr,logistic_regression,katz_fractal_dimension,20,20,1.0,0,0.0,0,0.0,0,20,0,33.0,33.0,0.0,,,0.009963826112942734,0.0098917512996613,0.0008535714481827237,0.008437765909807,0.0115199860954603,0.08566703578597765,low
native_rows,calibration_median_iqr,logistic_regression,higuchi_fractal_dimension,20,20,1.0,16,0.8,16,0.8,0,4,0,17.5,17.6,3.7752657626910677,13.0,12.8125,0.027868278583423722,0.0278407871032147,0.003872725378128932,0.017372577483832,0.0368874888634264,0.13896536043788726,high
native_rows,calibration_median_iqr,logistic_regression,detrended_fluctuation_analysis,20,20,1.0,19,0.95,19,0.95,0,1,0,14.5,14.2,3.805812728750036,11.0,10.789473684210526,0.03125272790829427,0.030825643696555348,0.004075389044008765,0.0230502856491528,0.0420229284429721,0.1304010662994696,very_high
native_rows,calibration_median_iqr,logistic_regression,mean_frequency,20,20,1.0,20,1.0,0,0.0,0,0,20,9.0,9.6,2.7414940221864814,,,0.03771724890226452,0.03755246702329645,0.004197456338682466,0.0291369761651352,0.0466416171178468,0.11128744701288257,low
native_rows,calibration_median_iqr,logistic_regression,median_frequency,20,20,1.0,20,1.0,20,1.0,0,0,0,4.0,5.05,3.3003189638515087,3.0,3.9,0.0460450008643726,0.04762204182794315,0.006908355948278649,0.0350049128303063,0.0592722142333352,0.15003487498300824,very_high
native_rows,calibration_median_iqr,logistic_regression,spectral_edge_frequency_95,20,20,1.0,20,1.0,6,0.3,0,0,14,5.0,5.65,2.978431236671236,3.5,3.3333333333333335,0.04535936509956236,0.0451551499180482,0.006513178343236648,0.0309241653022492,0.0629065162442898,0.14359059764043058,low
native_rows,calibration_median_iqr,logistic_regression,spectral_entropy,20,20,1.0,19,0.95,19,0.95,0,1,0,16.0,15.95,2.8186409565791215,12.0,12.052631578947368,0.02954468933468541,0.029929786832107702,0.0027489428817419753,0.0246517146162131,0.0339111391967048,0.0930435534657906,very_high
native_rows,calibration_median_iqr,logistic_regression,AvgSampEn,20,20,1.0,0,0.0,0,0.0,0,20,0,28.0,28.1,1.7441631985447619,,,0.018426795836266906,0.01859331280604175,0.001591312067221558,0.014918307747875,0.0209031686739895,0.08635858786092367,low
native_rows,calibration_median_iqr,logistic_regression,MaxSampEn,20,20,1.0,2,0.1,2,0.1,0,18,0,24.0,24.8,3.5481648332920677,14.5,14.5,0.02103343466564503,0.0209159032910309,0.003107026197291732,0.0151910433036135,0.0276007539213183,0.1477184419321964,low
native_rows,calibration_median_iqr,logistic_regression,MedianSampEn,20,20,1.0,20,1.0,20,1.0,0,0,0,3.0,3.4,2.348571794449599,3.0,2.8,0.05073647449451548,0.05194805009332025,0.00505578253611437,0.0380322703641465,0.0587162189052173,0.09964788816102882,very_high
native_rows,calibration_median_iqr,logistic_regression,StdSampEn,20,20,1.0,0,0.0,0,0.0,0,20,0,24.5,24.95,2.438183102661747,,,0.02064031398083959,0.02053335482953755,0.0023894049721148655,0.0146840811674723,0.0239448282905435,0.11576398374234766,low
native_rows,calibration_median_iqr,logistic_regression,KurtosisSampEn,20,20,1.0,0,0.0,0,0.0,0,20,0,31.0,30.9,1.209610637658599,,,0.015836417087924815,0.0159022646051458,0.0012636988693524127,0.0133737997502228,0.0177189374300662,0.07979701862714746,low
native_rows,calibration_median_iqr,logistic_regression,SkewnessSampEn,20,20,1.0,0,0.0,0,0.0,0,20,0,28.0,27.75,1.9701723141310308,,,0.018583398732286135,0.0187235153796418,0.0013035862516605852,0.0158306124468172,0.0205729697320166,0.07014789223651435,low
native_rows,calibration_median_iqr,logistic_regression,AUC_SampEn,20,20,1.0,15,0.75,15,0.75,0,5,0,15.5,15.65,4.847951276461776,10.0,10.466666666666667,0.030353837296346033,0.02950272121857445,0.005721782291251435,0.0219087956635063,0.0417721759060167,0.18850276607169592,high
native_rows,calibration_median_iqr,random_forest,minimum,20,20,1.0,0,0.0,0,0.0,0,20,0,32.0,31.45,0.8870412083230168,,,0.014945253505708142,0.01487279477671345,0.0014810717673176819,0.0129270898822967,0.0175880392602327,0.09909980896289287,low
native_rows,calibration_median_iqr,random_forest,maximum,20,20,1.0,0,0.0,0,0.0,0,20,0,26.0,26.2,2.041671142136162,,,0.019840664924717342,0.01998469860317675,0.0013638964576131632,0.0177589564495452,0.022644044325934,0.0687424772702064,low
native_rows,calibration_median_iqr,random_forest,mean,20,20,1.0,0,0.0,0,0.0,0,20,0,34.0,34.0,0.0,,,0.005700473674650279,0.00569386237318535,0.0005807795966068082,0.0043419086286578,0.0065800495657813,0.10188269076471768,low
native_rows,calibration_median_iqr,random_forest,median,20,20,1.0,1,0.05,1,0.05,0,19,0,25.0,24.75,2.4251966822029964,17.0,17.0,0.020921233975916272,0.0208611285395264,0.0014642153179172902,0.0175397701655628,0.0235853572093264,0.06998704376629214,low
native_rows,calibration_median_iqr,random_forest,kurtosis,20,20,1.0,20,1.0,20,1.0,0,0,0,13.0,13.25,3.0757968586675997,10.0,10.2,0.03241797508811825,0.03233163746503205,0.0042131593323690665,0.0245920860455747,0.0403367412646593,0.1299636797460944,very_high
native_rows,calibration_median_iqr,random_forest,skewness,20,20,1.0,18,0.9,18,0.9,0,2,0,18.0,16.85,3.9772378672429913,14.0,12.722222222222221,0.028396556504696024,0.0275894545643611,0.004842893611253666,0.0226670443470707,0.0450885499843319,0.17054510149682345,very_high
native_rows,calibration_median_iqr,random_forest,mean_absolute_value,20,20,1.0,20,1.0,20,1.0,0,0,0,13.0,12.7,3.357630743623592,9.0,9.75,0.032860792019127935,0.033122507528852055,0.003896855126410016,0.025888988695574,0.0403907048537784,0.11858676821123776,very_high
native_rows,calibration_median_iqr,random_forest,root_mean_square,20,20,1.0,7,0.35,7,0.35,0,13,0,21.0,21.15,1.598519051464429,16.0,15.714285714285714,0.023862711365838243,0.0238693284357831,0.0018426511310970517,0.0193800391477593,0.0270143991646301,0.07721885006474927,low
native_rows,calibration_median_iqr,random_forest,peak_to_peak,20,20,1.0,13,0.65,13,0.65,0,7,0,20.0,19.55,2.8372521918222215,15.0,14.307692307692308,0.025524291478218886,0.024896720664887302,0.002612731650676072,0.0206714644036021,0.030058093028277,0.10236255344857045,moderate
native_rows,calibration_median_iqr,random_forest,waveform_length,20,20,1.0,20,1.0,20,1.0,0,0,0,10.0,10.05,3.8997300851266754,8.0,7.7,0.03608987825305875,0.0360439652240217,0.0057100477587212085,0.0266721385216919,0.0482330867220971,0.15821742923827292,very_high
native_rows,calibration_median_iqr,random_forest,zero_crossing_count,20,20,1.0,0,0.0,0,0.0,0,20,0,28.0,27.25,2.8996370008747827,,,0.01873899546554526,0.0184738259686826,0.002419082554453061,0.0142107824354795,0.023291588534021,0.12909350231184719,low
native_rows,calibration_median_iqr,random_forest,slope_sign_change_count,20,20,1.0,20,1.0,20,1.0,0,0,0,8.0,6.85,4.120232492162752,5.5,5.3,0.04330966216549192,0.0425887767931277,0.008714755721654905,0.0325901248314754,0.0651328375704259,0.20121966521822954,very_high
native_rows,calibration_median_iqr,random_forest,approximate_entropy,20,20,1.0,20,1.0,20,1.0,0,0,0,8.0,9.05,4.058454463410788,6.0,7.1,0.03849742898295554,0.03934958281089155,0.005562523163765279,0.0272071054632834,0.0460303055503478,0.144490770181771,very_high
native_rows,calibration_median_iqr,random_forest,permutation_entropy,20,20,1.0,18,0.9,0,0.0,0,2,18,15.5,15.5,4.67355381515586,,,0.03044902027374586,0.0294049960418131,0.005888673547021506,0.0193497911304558,0.0425130348859967,0.19339451627936,low
native_rows,calibration_median_iqr,random_forest,fuzzy_entropy,20,20,1.0,20,1.0,20,1.0,0,0,0,1.5,3.35,3.3759988775253817,1.5,2.85,0.05239334974846392,0.05396070698217875,0.009614948282839202,0.034361100335584,0.0714512820885231,0.18351466987699322,very_high
native_rows,calibration_median_iqr,random_forest,distribution_entropy,20,20,1.0,0,0.0,0,0.0,0,20,0,26.5,26.9,2.653696528082647,,,0.019200635771623335,0.019764656360242848,0.002261608735523732,0.013166752964203,0.0240546159255326,0.11778822130807609,low
native_rows,calibration_median_iqr,random_forest,svd_entropy,20,20,1.0,20,1.0,6,0.3,0,0,14,4.0,4.7,2.5975697143777743,2.5,3.1666666666666665,0.045999855415283245,0.0463192514412388,0.005305000963906242,0.0340395226656658,0.0539244394087727,0.11532647039894128,low
native_rows,calibration_median_iqr,random_forest,lempel_ziv_complexity,20,20,1.0,20,1.0,20,1.0,0,0,0,10.5,10.95,2.6847522673129647,8.0,8.05,0.03491777554853464,0.03507581084300475,0.00370556777114019,0.0291052288581701,0.0410600924798339,0.10612267571253398,very_high
native_rows,calibration_median_iqr,random_forest,hjorth_mobility,20,20,1.0,20,1.0,8,0.4,0,0,12,4.0,4.35,2.1588252165910684,2.0,2.875,0.04678234664897273,0.0468348756440857,0.005069190048297905,0.0371493337811453,0.0572191837680802,0.10835689980098971,low
native_rows,calibration_median_iqr,random_forest,hjorth_complexity,20,20,1.0,12,0.6,11,0.55,0,8,1,20.0,19.55,2.892367451359562,15.0,14.181818181818182,0.02578929028996217,0.0256607244859184,0.0035301397915744742,0.0203133303984187,0.0332497996330413,0.13688394491989925,moderate
native_rows,calibration_median_iqr,random_forest,katz_fractal_dimension,20,20,1.0,0,0.0,0,0.0,0,20,0,33.0,33.0,0.0,,,0.009963826112942734,0.0098917512996613,0.0008535714481827237,0.008437765909807,0.0115199860954603,0.08566703578597765,low
native_rows,calibration_median_iqr,random_forest,higuchi_fractal_dimension,20,20,1.0,16,0.8,16,0.8,0,4,0,17.5,17.6,3.7752657626910677,13.0,12.8125,0.027868278583423722,0.0278407871032147,0.003872725378128932,0.017372577483832,0.0368874888634264,0.13896536043788726,high
native_rows,calibration_median_iqr,random_forest,detrended_fluctuation_analysis,20,20,1.0,19,0.95,19,0.95,0,1,0,14.5,14.2,3.805812728750036,11.0,10.789473684210526,0.03125272790829427,0.030825643696555348,0.004075389044008765,0.0230502856491528,0.0420229284429721,0.1304010662994696,very_high
native_rows,calibration_median_iqr,random_forest,mean_frequency,20,20,1.0,20,1.0,0,0.0,0,0,20,9.0,9.6,2.7414940221864814,,,0.03771724890226452,0.03755246702329645,0.004197456338682466,0.0291369761651352,0.0466416171178468,0.11128744701288257,low
native_rows,calibration_median_iqr,random_forest,median_frequency,20,20,1.0,20,1.0,20,1.0,0,0,0,4.0,5.05,3.3003189638515087,3.0,3.9,0.0460450008643726,0.04762204182794315,0.006908355948278649,0.0350049128303063,0.0592722142333352,0.15003487498300824,very_high
native_rows,calibration_median_iqr,random_forest,spectral_edge_frequency_95,20,20,1.0,20,1.0,6,0.3,0,0,14,5.0,5.65,2.978431236671236,3.5,3.3333333333333335,0.04535936509956236,0.0451551499180482,0.006513178343236648,0.0309241653022492,0.0629065162442898,0.14359059764043058,low
native_rows,calibration_median_iqr,random_forest,spectral_entropy,20,20,1.0,19,0.95,19,0.95,0,1,0,16.0,15.95,2.8186409565791215,12.0,12.052631578947368,0.02954468933468541,0.029929786832107702,0.0027489428817419753,0.0246517146162131,0.0339111391967048,0.0930435534657906,very_high
native_rows,calibration_median_iqr,random_forest,AvgSampEn,20,20,1.0,0,0.0,0,0.0,0,20,0,28.0,28.1,1.7441631985447619,,,0.018426795836266906,0.01859331280604175,0.001591312067221558,0.014918307747875,0.0209031686739895,0.08635858786092367,low
native_rows,calibration_median_iqr,random_forest,MaxSampEn,20,20,1.0,2,0.1,2,0.1,0,18,0,24.0,24.8,3.5481648332920677,14.5,14.5,0.02103343466564503,0.0209159032910309,0.003107026197291732,0.0151910433036135,0.0276007539213183,0.1477184419321964,low
native_rows,calibration_median_iqr,random_forest,MedianSampEn,20,20,1.0,20,1.0,20,1.0,0,0,0,3.0,3.4,2.348571794449599,3.0,2.8,0.05073647449451548,0.05194805009332025,0.00505578253611437,0.0380322703641465,0.0587162189052173,0.09964788816102882,very_high
native_rows,calibration_median_iqr,random_forest,StdSampEn,20,20,1.0,0,0.0,0,0.0,0,20,0,24.5,24.95,2.438183102661747,,,0.02064031398083959,0.02053335482953755,0.0023894049721148655,0.0146840811674723,0.0239448282905435,0.11576398374234766,low
native_rows,calibration_median_iqr,random_forest,KurtosisSampEn,20,20,1.0,0,0.0,0,0.0,0,20,0,31.0,30.9,1.209610637658599,,,0.015836417087924815,0.0159022646051458,0.0012636988693524127,0.0133737997502228,0.0177189374300662,0.07979701862714746,low
native_rows,calibration_median_iqr,random_forest,SkewnessSampEn,20,20,1.0,0,0.0,0,0.0,0,20,0,28.0,27.75,1.9701723141310308,,,0.018583398732286135,0.0187235153796418,0.0013035862516605852,0.0158306124468172,0.0205729697320166,0.07014789223651435,low
native_rows,calibration_median_iqr,random_forest,AUC_SampEn,20,20,1.0,15,0.75,15,0.75,0,5,0,15.5,15.65,4.847951276461776,10.0,10.466666666666667,0.030353837296346033,0.02950272121857445,0.005721782291251435,0.0219087956635063,0.0417721759060167,0.18850276607169592,high
native_rows,jackknife_median,extra_trees,minimum,20,20,1.0,0,0.0,0,0.0,0,20,0,27.0,26.15,1.3869694338832115,,,0.01690263030263811,0.01695032626268725,0.001017476057268205,0.0152621684449175,0.0192648557394697,0.06019631495515822,low
native_rows,jackknife_median,extra_trees,maximum,20,20,1.0,0,0.0,0,0.0,0,20,0,31.0,30.75,1.118033988749895,,,0.01393676333094489,0.013960649123807699,0.0009720099955059808,0.0123748128922651,0.0164891584710003,0.06974431382843035,low
native_rows,jackknife_median,extra_trees,mean,20,20,1.0,0,0.0,0,0.0,0,20,0,34.0,34.0,0.0,,,0.006658467816427355,0.0065638608863572995,0.0005534875163062677,0.0053915273929301,0.0079207312982058,0.08312535729927806,low
native_rows,jackknife_median,extra_trees,median,20,20,1.0,20,1.0,20,1.0,0,0,0,5.5,5.75,1.9159991209755154,5.0,5.2,0.04556258113628146,0.0454276947518326,0.0050325485658444975,0.0335936596626284,0.0564997034145503,0.11045354412191283,very_high
native_rows,jackknife_median,extra_trees,kurtosis,20,20,1.0,20,1.0,20,1.0,0,0,0,11.0,11.45,3.051746695703436,10.0,10.05,0.03420601850401429,0.03447030918501555,0.004539155827897322,0.0231060437584422,0.0441765883535876,0.13270050202903982,very_high
native_rows,jackknife_median,extra_trees,skewness,20,20,1.0,20,1.0,20,1.0,0,0,0,14.5,14.1,2.789076436460832,12.0,12.15,0.03109827076679323,0.03001508791093845,0.003560361007409,0.0258286267610006,0.038129712434971,0.11448742710191968,very_high
native_rows,jackknife_median,extra_trees,mean_absolute_value,20,20,1.0,20,1.0,20,1.0,0,0,0,8.0,8.45,2.523051619306313,7.0,7.65,0.04000353934115522,0.0399095400759466,0.004097739566536656,0.0319086154110513,0.0493837619013837,0.1024344254039778,very_high
native_rows,jackknife_median,extra_trees,root_mean_square,20,20,1.0,20,1.0,19,0.95,0,0,1,13.5,13.75,2.1490511982341367,11.0,11.736842105263158,0.03155205882149229,0.03101134903404975,0.002894904267925037,0.0259876523233115,0.0371388004241291,0.09175009099416097,very_high
native_rows,jackknife_median,extra_trees,peak_to_peak,20,20,1.0,0,0.0,0,0.0,0,20,0,29.0,28.3,1.657518754359248,,,0.015431814058384802,0.01529005694057865,0.0009755003503849831,0.0139119566277682,0.0172886139172104,0.06321358893350258,low
native_rows,jackknife_median,extra_trees,waveform_length,20,20,1.0,20,1.0,20,1.0,0,0,0,1.5,1.75,0.9665456669582609,1.5,1.75,0.06259012353307743,0.06149428777326425,0.00602411689871559,0.0503027794749852,0.0717281636340888,0.09624708434281942,very_high
native_rows,jackknife_median,extra_trees,zero_crossing_count,20,20,1.0,0,0.0,0,0.0,0,20,0,24.0,24.4,1.391704747876919,,,0.01840787912536686,0.018684146023889098,0.001157204394644933,0.0155659279629535,0.0202737734051076,0.06286462371703945,low
native_rows,jackknife_median,extra_trees,slope_sign_change_count,20,20,1.0,11,0.55,11,0.55,0,9,0,20.0,20.05,1.959457497423847,16.0,15.545454545454545,0.023443455185434357,0.023841582500823702,0.0029101839730962397,0.018747335437915,0.0278785054739759,0.12413630798349062,moderate
native_rows,jackknife_median,extra_trees,approximate_entropy,20,20,1.0,20,1.0,20,1.0,0,0,0,6.5,6.7,2.178845662513211,6.0,6.15,0.04357502422078756,0.0423614698537519,0.005391147050319968,0.0342295849904458,0.052610018514942,0.12372103393457459,very_high
native_rows,jackknife_median,extra_trees,permutation_entropy,20,20,1.0,0,0.0,0,0.0,0,20,0,23.0,22.9,1.2096106376585989,,,0.01984526481995083,0.0199601744209785,0.0013924731868878253,0.0166825769304812,0.022291970717586,0.07016652080590756,low
native_rows,jackknife_median,extra_trees,fuzzy_entropy,20,20,1.0,20,1.0,20,1.0,0,0,0,9.5,10.95,3.872643595924189,8.5,9.65,0.036473816723459625,0.0369768940556501,0.006065864759525997,0.0248959767936511,0.0457378872321352,0.16630737620679242,very_high
native_rows,jackknife_median,extra_trees,distribution_entropy,20,20,1.0,0,0.0,0,0.0,0,20,0,32.0,31.6,0.6805570473787206,,,0.013426675187717441,0.01325583084189215,0.0008798328745709169,0.0122182279895588,0.015775053683732,0.06552872265620734,low
native_rows,jackknife_median,extra_trees,svd_entropy,20,20,1.0,20,1.0,20,1.0,0,0,0,3.0,2.95,1.6050905860647506,3.0,2.95,0.05756467195318663,0.057231062746108244,0.007085447125855994,0.0455866869877597,0.0714252775074183,0.12308672811717052,very_high
native_rows,jackknife_median,extra_trees,lempel_ziv_complexity,20,20,1.0,18,0.9,18,0.9,0,2,0,18.0,17.15,3.216323497738569,14.5,14.11111111111111,0.02712279481891851,0.0268040011223352,0.004070829485373959,0.0212974662433503,0.0401022115628876,0.15008886482946443,very_high
native_rows,jackknife_median,extra_trees,hjorth_mobility,20,20,1.0,20,1.0,0,0.0,0,0,20,14.0,13.8,3.4120529396769177,,,0.03170693593002273,0.0311094622774281,0.0046356474140391984,0.0249289726484568,0.0442907734463977,0.14620294513068313,low
native_rows,jackknife_median,extra_trees,hjorth_complexity,20,20,1.0,19,0.95,19,0.95,0,1,0,17.0,17.0,2.3169853371636986,15.0,14.210526315789474,0.0279344122176107,0.0272142210201245,0.0029517818699793604,0.0234486790439969,0.0358269478546976,0.10566830069610227,very_high
native_rows,jackknife_median,extra_trees,katz_fractal_dimension,20,20,1.0,0,0.0,0,0.0,0,20,0,33.0,33.0,0.0,,,0.009182854190814816,0.00914311729525075,0.0009131876237511282,0.0067132761310943,0.010684821591825,0.09944485720622108,low
native_rows,jackknife_median,extra_trees,higuchi_fractal_dimension,20,20,1.0,7,0.35,7,0.35,0,13,0,21.5,21.2,2.667543715421401,16.0,15.714285714285714,0.022226391126340533,0.02232179402031825,0.003197038074314009,0.0148419292907737,0.0274412669376634,0.14383972891240962,low
native_rows,jackknife_median,extra_trees,detrended_fluctuation_analysis,20,20,1.0,11,0.55,11,0.55,0,9,0,20.0,20.4,1.9574419397183713,16.0,16.0,0.02315488524584261,0.023039325081583052,0.0024799531132096496,0.0196772041026623,0.0277947369378171,0.1071028030102165,moderate
native_rows,jackknife_median,extra_trees,mean_frequency,20,20,1.0,20,1.0,0,0.0,0,0,20,14.5,13.55,3.410124245305594,,,0.031929805844872775,0.03193732193874125,0.004504780446766073,0.0252009834985629,0.0424776491873703,0.14108386592301944,low
native_rows,jackknife_median,extra_trees,median_frequency,20,20,1.0,20,1.0,20,1.0,0,0,0,2.0,2.35,1.5312533566021211,2.0,2.3,0.060524883861749236,0.061906787741108055,0.007682532761483718,0.0467686469680324,0.0762812653504886,0.12693180509081417,very_high
native_rows,jackknife_median,extra_trees,spectral_edge_frequency_95,20,20,1.0,20,1.0,0,0.0,0,0,20,8.0,7.6,2.583347481568501,,,0.041767714819913114,0.040500796971467246,0.005403731696336681,0.030743866535413,0.0513169755291979,0.12937580424582878,low
native_rows,jackknife_median,extra_trees,spectral_entropy,20,20,1.0,20,1.0,20,1.0,0,0,0,4.0,4.25,1.6503588126605426,4.0,4.15,0.05186112193626284,0.052123161941308505,0.0060795901891425915,0.0373004071990545,0.0604997060364583,0.11722828126654083,very_high
native_rows,jackknife_median,extra_trees,AvgSampEn,20,20,1.0,0,0.0,0,0.0,0,20,0,28.0,27.5,2.013114894621608,,,0.01620050713276577,0.0165003065771369,0.0015989541294008053,0.0131786603821193,0.0187275280843124,0.09869778250132037,low
native_rows,jackknife_median,extra_trees,MaxSampEn,20,20,1.0,16,0.8,16,0.8,0,4,0,16.0,16.6,3.871624166187949,13.5,13.3125,0.027679362148048996,0.0282785987244935,0.00492461266964956,0.0175418045182412,0.0356033085382678,0.17791640729685945,high
native_rows,jackknife_median,extra_trees,MedianSampEn,20,20,1.0,19,0.95,19,0.95,0,1,0,9.0,9.7,4.437875262116464,8.0,7.894736842105263,0.03837403658064294,0.0383530650747925,0.006864526089259754,0.0198579586324816,0.052210818600589,0.17888464964674672,very_high
native_rows,jackknife_median,extra_trees,StdSampEn,20,20,1.0,1,0.05,1,0.05,0,19,0,25.0,24.95,2.282081229238369,17.0,17.0,0.018236738882546434,0.017973107085243703,0.002214509926712118,0.0147461281629999,0.0226715812155186,0.12143124606732875,low
native_rows,jackknife_median,extra_trees,KurtosisSampEn,20,20,1.0,0,0.0,0,0.0,0,20,0,28.0,27.9,1.6189665319514626,,,0.015762093858027668,0.01579376548967115,0.0012434326044080718,0.0133911034165699,0.0175803866251341,0.07888752697502743,low
native_rows,jackknife_median,extra_trees,SkewnessSampEn,20,20,1.0,0,0.0,0,0.0,0,20,0,29.0,29.35,1.5312533566021216,,,0.01500064324630016,0.01529397509423055,0.0010934511304910109,0.0125042195778185,0.0163393169743813,0.07289361612947536,low
native_rows,jackknife_median,extra_trees,AUC_SampEn,20,20,1.0,18,0.9,18,0.9,0,2,0,13.5,14.7,3.357630743623592,12.0,12.166666666666666,0.030655763332206175,0.031714036615050845,0.004068794424666285,0.0227418381377655,0.0362006607171314,0.13272526867376067,very_high
native_rows,jackknife_median,logistic_regression,minimum,20,20,1.0,0,0.0,0,0.0,0,20,0,27.0,26.15,1.3869694338832115,,,0.01690263030263811,0.01695032626268725,0.001017476057268205,0.0152621684449175,0.0192648557394697,0.06019631495515822,low
native_rows,jackknife_median,logistic_regression,maximum,20,20,1.0,0,0.0,0,0.0,0,20,0,31.0,30.75,1.118033988749895,,,0.01393676333094489,0.013960649123807699,0.0009720099955059808,0.0123748128922651,0.0164891584710003,0.06974431382843035,low
native_rows,jackknife_median,logistic_regression,mean,20,20,1.0,0,0.0,0,0.0,0,20,0,34.0,34.0,0.0,,,0.006658467816427355,0.0065638608863572995,0.0005534875163062677,0.0053915273929301,0.0079207312982058,0.08312535729927806,low
native_rows,jackknife_median,logistic_regression,median,20,20,1.0,20,1.0,20,1.0,0,0,0,5.5,5.75,1.9159991209755154,5.0,5.2,0.04556258113628146,0.0454276947518326,0.0050325485658444975,0.0335936596626284,0.0564997034145503,0.11045354412191283,very_high
native_rows,jackknife_median,logistic_regression,kurtosis,20,20,1.0,20,1.0,20,1.0,0,0,0,11.0,11.45,3.051746695703436,10.0,10.05,0.03420601850401429,0.03447030918501555,0.004539155827897322,0.0231060437584422,0.0441765883535876,0.13270050202903982,very_high
native_rows,jackknife_median,logistic_regression,skewness,20,20,1.0,20,1.0,20,1.0,0,0,0,14.5,14.1,2.789076436460832,12.0,12.15,0.03109827076679323,0.03001508791093845,0.003560361007409,0.0258286267610006,0.038129712434971,0.11448742710191968,very_high
native_rows,jackknife_median,logistic_regression,mean_absolute_value,20,20,1.0,20,1.0,20,1.0,0,0,0,8.0,8.45,2.523051619306313,7.0,7.65,0.04000353934115522,0.0399095400759466,0.004097739566536656,0.0319086154110513,0.0493837619013837,0.1024344254039778,very_high
native_rows,jackknife_median,logistic_regression,root_mean_square,20,20,1.0,20,1.0,19,0.95,0,0,1,13.5,13.75,2.1490511982341367,11.0,11.736842105263158,0.03155205882149229,0.03101134903404975,0.002894904267925037,0.0259876523233115,0.0371388004241291,0.09175009099416097,very_high
native_rows,jackknife_median,logistic_regression,peak_to_peak,20,20,1.0,0,0.0,0,0.0,0,20,0,29.0,28.3,1.657518754359248,,,0.015431814058384802,0.01529005694057865,0.0009755003503849831,0.0139119566277682,0.0172886139172104,0.06321358893350258,low
native_rows,jackknife_median,logistic_regression,waveform_length,20,20,1.0,20,1.0,20,1.0,0,0,0,1.5,1.75,0.9665456669582609,1.5,1.75,0.06259012353307743,0.06149428777326425,0.00602411689871559,0.0503027794749852,0.0717281636340888,0.09624708434281942,very_high
native_rows,jackknife_median,logistic_regression,zero_crossing_count,20,20,1.0,0,0.0,0,0.0,0,20,0,24.0,24.4,1.391704747876919,,,0.01840787912536686,0.018684146023889098,0.001157204394644933,0.0155659279629535,0.0202737734051076,0.06286462371703945,low
native_rows,jackknife_median,logistic_regression,slope_sign_change_count,20,20,1.0,11,0.55,11,0.55,0,9,0,20.0,20.05,1.959457497423847,16.0,15.545454545454545,0.023443455185434357,0.023841582500823702,0.0029101839730962397,0.018747335437915,0.0278785054739759,0.12413630798349062,moderate
native_rows,jackknife_median,logistic_regression,approximate_entropy,20,20,1.0,20,1.0,20,1.0,0,0,0,6.5,6.7,2.178845662513211,6.0,6.15,0.04357502422078756,0.0423614698537519,0.005391147050319968,0.0342295849904458,0.052610018514942,0.12372103393457459,very_high
native_rows,jackknife_median,logistic_regression,permutation_entropy,20,20,1.0,0,0.0,0,0.0,0,20,0,23.0,22.9,1.2096106376585989,,,0.01984526481995083,0.0199601744209785,0.0013924731868878253,0.0166825769304812,0.022291970717586,0.07016652080590756,low
native_rows,jackknife_median,logistic_regression,fuzzy_entropy,20,20,1.0,20,1.0,20,1.0,0,0,0,9.5,10.95,3.872643595924189,8.5,9.65,0.036473816723459625,0.0369768940556501,0.006065864759525997,0.0248959767936511,0.0457378872321352,0.16630737620679242,very_high
native_rows,jackknife_median,logistic_regression,distribution_entropy,20,20,1.0,0,0.0,0,0.0,0,20,0,32.0,31.6,0.6805570473787206,,,0.013426675187717441,0.01325583084189215,0.0008798328745709169,0.0122182279895588,0.015775053683732,0.06552872265620734,low
native_rows,jackknife_median,logistic_regression,svd_entropy,20,20,1.0,20,1.0,20,1.0,0,0,0,3.0,2.95,1.6050905860647506,3.0,2.95,0.05756467195318663,0.057231062746108244,0.007085447125855994,0.0455866869877597,0.0714252775074183,0.12308672811717052,very_high
native_rows,jackknife_median,logistic_regression,lempel_ziv_complexity,20,20,1.0,18,0.9,18,0.9,0,2,0,18.0,17.15,3.216323497738569,14.5,14.11111111111111,0.02712279481891851,0.0268040011223352,0.004070829485373959,0.0212974662433503,0.0401022115628876,0.15008886482946443,very_high
native_rows,jackknife_median,logistic_regression,hjorth_mobility,20,20,1.0,20,1.0,0,0.0,0,0,20,14.0,13.8,3.4120529396769177,,,0.03170693593002273,0.0311094622774281,0.0046356474140391984,0.0249289726484568,0.0442907734463977,0.14620294513068313,low
native_rows,jackknife_median,logistic_regression,hjorth_complexity,20,20,1.0,19,0.95,19,0.95,0,1,0,17.0,17.0,2.3169853371636986,15.0,14.210526315789474,0.0279344122176107,0.0272142210201245,0.0029517818699793604,0.0234486790439969,0.0358269478546976,0.10566830069610227,very_high
native_rows,jackknife_median,logistic_regression,katz_fractal_dimension,20,20,1.0,0,0.0,0,0.0,0,20,0,33.0,33.0,0.0,,,0.009182854190814816,0.00914311729525075,0.0009131876237511282,0.0067132761310943,0.010684821591825,0.09944485720622108,low
native_rows,jackknife_median,logistic_regression,higuchi_fractal_dimension,20,20,1.0,7,0.35,7,0.35,0,13,0,21.5,21.2,2.667543715421401,16.0,15.714285714285714,0.022226391126340533,0.02232179402031825,0.003197038074314009,0.0148419292907737,0.0274412669376634,0.14383972891240962,low
native_rows,jackknife_median,logistic_regression,detrended_fluctuation_analysis,20,20,1.0,11,0.55,11,0.55,0,9,0,20.0,20.4,1.9574419397183713,16.0,16.0,0.02315488524584261,0.023039325081583052,0.0024799531132096496,0.0196772041026623,0.0277947369378171,0.1071028030102165,moderate
native_rows,jackknife_median,logistic_regression,mean_frequency,20,20,1.0,20,1.0,0,0.0,0,0,20,14.5,13.55,3.410124245305594,,,0.031929805844872775,0.03193732193874125,0.004504780446766073,0.0252009834985629,0.0424776491873703,0.14108386592301944,low
native_rows,jackknife_median,logistic_regression,median_frequency,20,20,1.0,20,1.0,20,1.0,0,0,0,2.0,2.35,1.5312533566021211,2.0,2.3,0.060524883861749236,0.061906787741108055,0.007682532761483718,0.0467686469680324,0.0762812653504886,0.12693180509081417,very_high
native_rows,jackknife_median,logistic_regression,spectral_edge_frequency_95,20,20,1.0,20,1.0,0,0.0,0,0,20,8.0,7.6,2.583347481568501,,,0.041767714819913114,0.040500796971467246,0.005403731696336681,0.030743866535413,0.0513169755291979,0.12937580424582878,low
native_rows,jackknife_median,logistic_regression,spectral_entropy,20,20,1.0,20,1.0,20,1.0,0,0,0,4.0,4.25,1.6503588126605426,4.0,4.15,0.05186112193626284,0.052123161941308505,0.0060795901891425915,0.0373004071990545,0.0604997060364583,0.11722828126654083,very_high
native_rows,jackknife_median,logistic_regression,AvgSampEn,20,20,1.0,0,0.0,0,0.0,0,20,0,28.0,27.5,2.013114894621608,,,0.01620050713276577,0.0165003065771369,0.0015989541294008053,0.0131786603821193,0.0187275280843124,0.09869778250132037,low
native_rows,jackknife_median,logistic_regression,MaxSampEn,20,20,1.0,16,0.8,16,0.8,0,4,0,16.0,16.6,3.871624166187949,13.5,13.3125,0.027679362148048996,0.0282785987244935,0.00492461266964956,0.0175418045182412,0.0356033085382678,0.17791640729685945,high
native_rows,jackknife_median,logistic_regression,MedianSampEn,20,20,1.0,19,0.95,19,0.95,0,1,0,9.0,9.7,4.437875262116464,8.0,7.894736842105263,0.03837403658064294,0.0383530650747925,0.006864526089259754,0.0198579586324816,0.052210818600589,0.17888464964674672,very_high
native_rows,jackknife_median,logistic_regression,StdSampEn,20,20,1.0,1,0.05,1,0.05,0,19,0,25.0,24.95,2.282081229238369,17.0,17.0,0.018236738882546434,0.017973107085243703,0.002214509926712118,0.0147461281629999,0.0226715812155186,0.12143124606732875,low
native_rows,jackknife_median,logistic_regression,KurtosisSampEn,20,20,1.0,0,0.0,0,0.0,0,20,0,28.0,27.9,1.6189665319514626,,,0.015762093858027668,0.01579376548967115,0.0012434326044080718,0.0133911034165699,0.0175803866251341,0.07888752697502743,low
native_rows,jackknife_median,logistic_regression,SkewnessSampEn,20,20,1.0,0,0.0,0,0.0,0,20,0,29.0,29.35,1.5312533566021216,,,0.01500064324630016,0.01529397509423055,0.0010934511304910109,0.0125042195778185,0.0163393169743813,0.07289361612947536,low
native_rows,jackknife_median,logistic_regression,AUC_SampEn,20,20,1.0,18,0.9,18,0.9,0,2,0,13.5,14.7,3.357630743623592,12.0,12.166666666666666,0.030655763332206175,0.031714036615050845,0.004068794424666285,0.0227418381377655,0.0362006607171314,0.13272526867376067,very_high
native_rows,jackknife_median,random_forest,minimum,20,20,1.0,0,0.0,0,0.0,0,20,0,27.0,26.15,1.3869694338832115,,,0.01690263030263811,0.01695032626268725,0.001017476057268205,0.0152621684449175,0.0192648557394697,0.06019631495515822,low
native_rows,jackknife_median,random_forest,maximum,20,20,1.0,0,0.0,0,0.0,0,20,0,31.0,30.75,1.118033988749895,,,0.01393676333094489,0.013960649123807699,0.0009720099955059808,0.0123748128922651,0.0164891584710003,0.06974431382843035,low
native_rows,jackknife_median,random_forest,mean,20,20,1.0,0,0.0,0,0.0,0,20,0,34.0,34.0,0.0,,,0.006658467816427355,0.0065638608863572995,0.0005534875163062677,0.0053915273929301,0.0079207312982058,0.08312535729927806,low
native_rows,jackknife_median,random_forest,median,20,20,1.0,20,1.0,20,1.0,0,0,0,5.5,5.75,1.9159991209755154,5.0,5.2,0.04556258113628146,0.0454276947518326,0.0050325485658444975,0.0335936596626284,0.0564997034145503,0.11045354412191283,very_high
native_rows,jackknife_median,random_forest,kurtosis,20,20,1.0,20,1.0,20,1.0,0,0,0,11.0,11.45,3.051746695703436,10.0,10.05,0.03420601850401429,0.03447030918501555,0.004539155827897322,0.0231060437584422,0.0441765883535876,0.13270050202903982,very_high
native_rows,jackknife_median,random_forest,skewness,20,20,1.0,20,1.0,20,1.0,0,0,0,14.5,14.1,2.789076436460832,12.0,12.15,0.03109827076679323,0.03001508791093845,0.003560361007409,0.0258286267610006,0.038129712434971,0.11448742710191968,very_high
native_rows,jackknife_median,random_forest,mean_absolute_value,20,20,1.0,20,1.0,20,1.0,0,0,0,8.0,8.45,2.523051619306313,7.0,7.65,0.04000353934115522,0.0399095400759466,0.004097739566536656,0.0319086154110513,0.0493837619013837,0.1024344254039778,very_high
native_rows,jackknife_median,random_forest,root_mean_square,20,20,1.0,20,1.0,19,0.95,0,0,1,13.5,13.75,2.1490511982341367,11.0,11.736842105263158,0.03155205882149229,0.03101134903404975,0.002894904267925037,0.0259876523233115,0.0371388004241291,0.09175009099416097,very_high
native_rows,jackknife_median,random_forest,peak_to_peak,20,20,1.0,0,0.0,0,0.0,0,20,0,29.0,28.3,1.657518754359248,,,0.015431814058384802,0.01529005694057865,0.0009755003503849831,0.0139119566277682,0.0172886139172104,0.06321358893350258,low
native_rows,jackknife_median,random_forest,waveform_length,20,20,1.0,20,1.0,20,1.0,0,0,0,1.5,1.75,0.9665456669582609,1.5,1.75,0.06259012353307743,0.06149428777326425,0.00602411689871559,0.0503027794749852,0.0717281636340888,0.09624708434281942,very_high
native_rows,jackknife_median,random_forest,zero_crossing_count,20,20,1.0,0,0.0,0,0.0,0,20,0,24.0,24.4,1.391704747876919,,,0.01840787912536686,0.018684146023889098,0.001157204394644933,0.0155659279629535,0.0202737734051076,0.06286462371703945,low
native_rows,jackknife_median,random_forest,slope_sign_change_count,20,20,1.0,11,0.55,11,0.55,0,9,0,20.0,20.05,1.959457497423847,16.0,15.545454545454545,0.023443455185434357,0.023841582500823702,0.0029101839730962397,0.018747335437915,0.0278785054739759,0.12413630798349062,moderate
native_rows,jackknife_median,random_forest,approximate_entropy,20,20,1.0,20,1.0,20,1.0,0,0,0,6.5,6.7,2.178845662513211,6.0,6.15,0.04357502422078756,0.0423614698537519,0.005391147050319968,0.0342295849904458,0.052610018514942,0.12372103393457459,very_high
native_rows,jackknife_median,random_forest,permutation_entropy,20,20,1.0,0,0.0,0,0.0,0,20,0,23.0,22.9,1.2096106376585989,,,0.01984526481995083,0.0199601744209785,0.0013924731868878253,0.0166825769304812,0.022291970717586,0.07016652080590756,low
native_rows,jackknife_median,random_forest,fuzzy_entropy,20,20,1.0,20,1.0,20,1.0,0,0,0,9.5,10.95,3.872643595924189,8.5,9.65,0.036473816723459625,0.0369768940556501,0.006065864759525997,0.0248959767936511,0.0457378872321352,0.16630737620679242,very_high
native_rows,jackknife_median,random_forest,distribution_entropy,20,20,1.0,0,0.0,0,0.0,0,20,0,32.0,31.6,0.6805570473787206,,,0.013426675187717441,0.01325583084189215,0.0008798328745709169,0.0122182279895588,0.015775053683732,0.06552872265620734,low
native_rows,jackknife_median,random_forest,svd_entropy,20,20,1.0,20,1.0,20,1.0,0,0,0,3.0,2.95,1.6050905860647506,3.0,2.95,0.05756467195318663,0.057231062746108244,0.007085447125855994,0.0455866869877597,0.0714252775074183,0.12308672811717052,very_high
native_rows,jackknife_median,random_forest,lempel_ziv_complexity,20,20,1.0,18,0.9,18,0.9,0,2,0,18.0,17.15,3.216323497738569,14.5,14.11111111111111,0.02712279481891851,0.0268040011223352,0.004070829485373959,0.0212974662433503,0.0401022115628876,0.15008886482946443,very_high
native_rows,jackknife_median,random_forest,hjorth_mobility,20,20,1.0,20,1.0,0,0.0,0,0,20,14.0,13.8,3.4120529396769177,,,0.03170693593002273,0.0311094622774281,0.0046356474140391984,0.0249289726484568,0.0442907734463977,0.14620294513068313,low
native_rows,jackknife_median,random_forest,hjorth_complexity,20,20,1.0,19,0.95,19,0.95,0,1,0,17.0,17.0,2.3169853371636986,15.0,14.210526315789474,0.0279344122176107,0.0272142210201245,0.0029517818699793604,0.0234486790439969,0.0358269478546976,0.10566830069610227,very_high
native_rows,jackknife_median,random_forest,katz_fractal_dimension,20,20,1.0,0,0.0,0,0.0,0,20,0,33.0,33.0,0.0,,,0.009182854190814816,0.00914311729525075,0.0009131876237511282,0.0067132761310943,0.010684821591825,0.09944485720622108,low
native_rows,jackknife_median,random_forest,higuchi_fractal_dimension,20,20,1.0,7,0.35,7,0.35,0,13,0,21.5,21.2,2.667543715421401,16.0,15.714285714285714,0.022226391126340533,0.02232179402031825,0.003197038074314009,0.0148419292907737,0.0274412669376634,0.14383972891240962,low
native_rows,jackknife_median,random_forest,detrended_fluctuation_analysis,20,20,1.0,11,0.55,11,0.55,0,9,0,20.0,20.4,1.9574419397183713,16.0,16.0,0.02315488524584261,0.023039325081583052,0.0024799531132096496,0.0196772041026623,0.0277947369378171,0.1071028030102165,moderate
native_rows,jackknife_median,random_forest,mean_frequency,20,20,1.0,20,1.0,0,0.0,0,0,20,14.5,13.55,3.410124245305594,,,0.031929805844872775,0.03193732193874125,0.004504780446766073,0.0252009834985629,0.0424776491873703,0.14108386592301944,low
native_rows,jackknife_median,random_forest,median_frequency,20,20,1.0,20,1.0,20,1.0,0,0,0,2.0,2.35,1.5312533566021211,2.0,2.3,0.060524883861749236,0.061906787741108055,0.007682532761483718,0.0467686469680324,0.0762812653504886,0.12693180509081417,very_high
native_rows,jackknife_median,random_forest,spectral_edge_frequency_95,20,20,1.0,20,1.0,0,0.0,0,0,20,8.0,7.6,2.583347481568501,,,0.041767714819913114,0.040500796971467246,0.005403731696336681,0.030743866535413,0.0513169755291979,0.12937580424582878,low
native_rows,jackknife_median,random_forest,spectral_entropy,20,20,1.0,20,1.0,20,1.0,0,0,0,4.0,4.25,1.6503588126605426,4.0,4.15,0.05186112193626284,0.052123161941308505,0.0060795901891425915,0.0373004071990545,0.0604997060364583,0.11722828126654083,very_high
native_rows,jackknife_median,random_forest,AvgSampEn,20,20,1.0,0,0.0,0,0.0,0,20,0,28.0,27.5,2.013114894621608,,,0.01620050713276577,0.0165003065771369,0.0015989541294008053,0.0131786603821193,0.0187275280843124,0.09869778250132037,low
native_rows,jackknife_median,random_forest,MaxSampEn,20,20,1.0,16,0.8,16,0.8,0,4,0,16.0,16.6,3.871624166187949,13.5,13.3125,0.027679362148048996,0.0282785987244935,0.00492461266964956,0.0175418045182412,0.0356033085382678,0.17791640729685945,high
native_rows,jackknife_median,random_forest,MedianSampEn,20,20,1.0,19,0.95,19,0.95,0,1,0,9.0,9.7,4.437875262116464,8.0,7.894736842105263,0.03837403658064294,0.0383530650747925,0.006864526089259754,0.0198579586324816,0.052210818600589,0.17888464964674672,very_high
native_rows,jackknife_median,random_forest,StdSampEn,20,20,1.0,1,0.05,1,0.05,0,19,0,25.0,24.95,2.282081229238369,17.0,17.0,0.018236738882546434,0.017973107085243703,0.002214509926712118,0.0147461281629999,0.0226715812155186,0.12143124606732875,low
native_rows,jackknife_median,random_forest,KurtosisSampEn,20,20,1.0,0,0.0,0,0.0,0,20,0,28.0,27.9,1.6189665319514626,,,0.015762093858027668,0.01579376548967115,0.0012434326044080718,0.0133911034165699,0.0175803866251341,0.07888752697502743,low
native_rows,jackknife_median,random_forest,SkewnessSampEn,20,20,1.0,0,0.0,0,0.0,0,20,0,29.0,29.35,1.5312533566021216,,,0.01500064324630016,0.01529397509423055,0.0010934511304910109,0.0125042195778185,0.0163393169743813,0.07289361612947536,low
native_rows,jackknife_median,random_forest,AUC_SampEn,20,20,1.0,18,0.9,18,0.9,0,2,0,13.5,14.7,3.357630743623592,12.0,12.166666666666666,0.030655763332206175,0.031714036615050845,0.004068794424666285,0.0227418381377655,0.0362006607171314,0.13272526867376067,very_high
native_rows,none,extra_trees,minimum,20,20,1.0,0,0.0,0,0.0,0,20,0,25.0,24.7,1.6889735281961553,,,0.023381511687820773,0.0236844464810907,0.0013693224907590478,0.0200535982731293,0.0254579372103022,0.05856432676559215,low
native_rows,none,extra_trees,maximum,20,20,1.0,0,0.0,0,0.0,0,20,0,29.0,28.85,2.1830688201896447,,,0.019068428126563185,0.01885059144352465,0.0021623391510870132,0.0163074614856249,0.0267089121906677,0.11339891976071047,low
native_rows,none,extra_trees,mean,20,20,1.0,0,0.0,0,0.0,0,20,0,34.0,34.0,0.0,,,0.00475096409366186,0.0046925944446697,0.00041739052122565927,0.0040983188262407,0.0055331149759676,0.08785385723762663,low
native_rows,none,extra_trees,median,20,20,1.0,20,1.0,20,1.0,0,0,0,6.0,6.35,2.7772572611727644,5.5,6.0,0.04016085597360696,0.039959141053827,0.004031786333353924,0.0325705556708731,0.0483059890535409,0.10039094624884357,very_high
native_rows,none,extra_trees,kurtosis,20,20,1.0,20,1.0,20,1.0,0,0,0,12.0,12.1,2.314712668311578,11.0,10.85,0.03357428638626815,0.03381877598801,0.002330952410698611,0.0294257650115053,0.0367263126395895,0.06942671495326161,very_high
native_rows,none,extra_trees,skewness,20,20,1.0,20,1.0,20,1.0,0,0,0,1.0,1.2,0.5231483637805969,1.0,1.2,0.05796031663622849,0.058443050555819,0.004376676085284121,0.0454485764530847,0.0666546068053299,0.07551159723217334,very_high
native_rows,none,extra_trees,mean_absolute_value,20,20,1.0,20,1.0,20,1.0,0,0,0,2.0,2.15,0.7451598203705947,2.0,2.15,0.050738889070908934,0.051823691066184105,0.0041929631517385905,0.04207736829628,0.0564080819420848,0.08263805590774394,very_high
native_rows,none,extra_trees,root_mean_square,20,20,1.0,20,1.0,1,0.05,0,0,19,8.0,8.0,2.1026299321513875,8.0,8.0,0.03799532395602084,0.03780414909886225,0.002393360203766627,0.0343976057682334,0.0425147909047982,0.062990914527717,low
native_rows,none,extra_trees,peak_to_peak,20,20,1.0,0,0.0,0,0.0,0,20,0,28.0,27.95,1.4680814547887784,,,0.019953460433313794,0.01989666692798525,0.0015725238602076095,0.0173041490829538,0.0232571833854122,0.07880958119836513,low
native_rows,none,extra_trees,waveform_length,20,20,1.0,20,1.0,20,1.0,0,0,0,14.0,14.1,2.989455151906976,13.0,12.2,0.03134333001462182,0.03111684611121425,0.0025688097758779843,0.0271322648101697,0.0364578195907746,0.08195714286515254,very_high
native_rows,none,extra_trees,zero_crossing_count,20,20,1.0,8,0.4,8,0.4,0,12,0,21.0,21.3,2.9929742292312014,15.5,15.375,0.025845856638615567,0.02600913487679785,0.002477789953176539,0.0203602977475579,0.0313517350089298,0.0958679755839295,low
native_rows,none,extra_trees,slope_sign_change_count,20,20,1.0,15,0.75,9,0.45,0,5,6,19.0,18.8,2.4623480450043704,14.0,14.222222222222221,0.027635413832814603,0.02779630802305615,0.0017045100421280387,0.0235811489471521,0.0315363729571131,0.06167846996754882,low
native_rows,none,extra_trees,approximate_entropy,20,20,1.0,20,1.0,20,1.0,0,0,0,12.0,12.0,3.1953914182443244,11.0,10.6,0.034054330607880864,0.0339471648687001,0.003290855769589293,0.0283772128971046,0.043120473037042,0.0966354560740572,very_high
native_rows,none,extra_trees,permutation_entropy,20,20,1.0,13,0.65,8,0.4,0,7,5,19.5,19.45,2.5438263760679396,14.5,14.5,0.02714675885206952,0.027319811027996403,0.0019440677607549042,0.0231902952729029,0.0305045075764416,0.07161325487689663,low
native_rows,none,extra_trees,fuzzy_entropy,20,20,1.0,20,1.0,20,1.0,0,0,0,5.0,4.75,1.7129537431920892,5.0,4.65,0.04194872351364003,0.0413431468237635,0.0035967944855096667,0.0365545097865721,0.0502122115378318,0.08574264445353467,very_high
native_rows,none,extra_trees,distribution_entropy,20,20,1.0,0,0.0,0,0.0,0,20,0,30.0,29.2,1.9628121608924702,,,0.018806978814568255,0.0181791242273503,0.0018227128148868333,0.0165614739218475,0.0233562704379192,0.09691683246194355,low
native_rows,none,extra_trees,svd_entropy,20,20,1.0,20,1.0,0,0.0,0,0,20,14.0,14.35,2.3680993933621335,,,0.03104429405331533,0.0310435458896505,0.0021500590725087266,0.0269466549314585,0.035221329396092,0.0692577859498504,low
native_rows,none,extra_trees,lempel_ziv_complexity,20,20,1.0,4,0.2,4,0.2,0,16,0,21.5,21.55,1.79105966869954,15.0,15.25,0.02573003205229557,0.02578050112468275,0.0011594833347880573,0.0238098455295099,0.0288516290172492,0.04506342364562313,low
native_rows,none,extra_trees,hjorth_mobility,20,20,1.0,18,0.9,3,0.15,0,2,15,18.0,17.7,2.8488224714229227,14.0,14.333333333333334,0.02864532333333019,0.028234317408666297,0.002251646239558761,0.0253824435400334,0.0361017140361135,0.07860432271465631,low
native_rows,none,extra_trees,hjorth_complexity,20,20,1.0,19,0.95,3,0.15,0,1,16,16.0,16.0,3.5243513774280433,10.0,10.666666666666666,0.030081034471342766,0.02945281491059595,0.003068532173806432,0.0243420309401759,0.0353909201386151,0.10200886464625157,low
native_rows,none,extra_trees,katz_fractal_dimension,20,20,1.0,0,0.0,0,0.0,0,20,0,33.0,33.0,0.0,,,0.010624575700989559,0.010784801092358,0.0008093498133508089,0.0082477296183381,0.0119969928869218,0.0761771421399376,low
native_rows,none,extra_trees,higuchi_fractal_dimension,20,20,1.0,19,0.95,19,0.95,0,1,0,9.0,9.8,5.736310936298236,8.0,8.31578947368421,0.03613651423637902,0.03657639494181415,0.006024679982001606,0.0250499207315348,0.0500717175583772,0.16672000909087392,very_high
native_rows,none,extra_trees,detrended_fluctuation_analysis,20,20,1.0,19,0.95,19,0.95,0,1,0,10.0,10.45,4.430456790041073,10.0,8.894736842105264,0.03499257538826833,0.0352350313781991,0.003818052851248602,0.0237913649288453,0.0424282302216534,0.10911037009664196,very_high
native_rows,none,extra_trees,mean_frequency,20,20,1.0,0,0.0,0,0.0,0,20,0,24.0,24.0,1.8064212949190015,,,0.024051513025215795,0.02390323468130745,0.0014063576942983688,0.0213203852263282,0.0272561593405754,0.05847273278915686,low
native_rows,none,extra_trees,median_frequency,20,20,1.0,20,1.0,17,0.85,0,0,3,9.5,9.8,3.562967420859369,8.0,8.117647058823529,0.03592952891604929,0.0364177839732964,0.004196873981605054,0.0282180899469315,0.049301803155932,0.11680848895656855,high
native_rows,none,extra_trees,spectral_edge_frequency_95,20,20,1.0,20,1.0,20,1.0,0,0,0,6.0,5.8,2.587418953726911,6.0,5.6,0.040870354488822855,0.0409039251268178,0.003283084018226986,0.0331792274785769,0.0464333012039433,0.08032922785450362,very_high
native_rows,none,extra_trees,spectral_entropy,20,20,1.0,20,1.0,20,1.0,0,0,0,5.0,6.05,2.54382637606794,5.0,5.8,0.03997475819319228,0.03992148775426635,0.0030529104149927423,0.0357665167344424,0.0457752282574257,0.07637095389641792,very_high
native_rows,none,extra_trees,AvgSampEn,20,20,1.0,0,0.0,0,0.0,0,20,0,32.0,32.0,0.0,,,0.014124959208720745,0.0141590604060239,0.0007537755745323333,0.0128434261374997,0.015657307612695,0.05336479655579837,low
native_rows,none,extra_trees,MaxSampEn,20,20,1.0,0,0.0,0,0.0,0,20,0,26.0,26.15,1.954078056944394,,,0.0216696384306303,0.021955469784013602,0.001834447601251589,0.0184775259769855,0.0251701319508114,0.08465520119886148,low
native_rows,none,extra_trees,MedianSampEn,20,20,1.0,11,0.55,11,0.55,0,9,0,19.5,19.6,3.6763826614872688,14.0,14.363636363636363,0.027060016977835825,0.026917277340614047,0.003018882975712034,0.0215506000644568,0.0359929570699791,0.11156249377761752,moderate
native_rows,none,extra_trees,StdSampEn,20,20,1.0,14,0.7,14,0.7,0,6,0,18.5,18.85,3.2163234977385686,14.5,14.357142857142858,0.027630729210715688,0.02728228021954145,0.002432917839354845,0.0233544206338384,0.0318936846385618,0.08805116292085828,moderate
native_rows,none,extra_trees,KurtosisSampEn,20,20,1.0,0,0.0,0,0.0,0,20,0,30.0,29.9,1.2937094768634558,,,0.01830020422821488,0.01840154892085935,0.0014706045610472277,0.0158931892803214,0.0213609607358551,0.08036000815662371,low
native_rows,none,extra_trees,SkewnessSampEn,20,20,1.0,0,0.0,0,0.0,0,20,0,27.0,27.35,1.755442664221313,,,0.020048459715207738,0.01972090066991815,0.0018160105295085597,0.0169332181871289,0.0232947978079439,0.09058104988140445,low
native_rows,none,extra_trees,AUC_SampEn,20,20,1.0,20,1.0,20,1.0,0,0,0,6.5,7.75,3.4924731095675785,6.5,7.15,0.03872005973086858,0.03853358179365095,0.004288046159257763,0.0329617000023878,0.0480553886805529,0.11074482294352524,very_high
native_rows,none,logistic_regression,minimum,20,20,1.0,0,0.0,0,0.0,0,20,0,25.0,24.7,1.6889735281961553,,,0.023381511687820773,0.0236844464810907,0.0013693224907590478,0.0200535982731293,0.0254579372103022,0.05856432676559215,low
native_rows,none,logistic_regression,maximum,20,20,1.0,0,0.0,0,0.0,0,20,0,29.0,28.85,2.1830688201896447,,,0.019068428126563185,0.01885059144352465,0.0021623391510870132,0.0163074614856249,0.0267089121906677,0.11339891976071047,low
native_rows,none,logistic_regression,mean,20,20,1.0,0,0.0,0,0.0,0,20,0,34.0,34.0,0.0,,,0.00475096409366186,0.0046925944446697,0.00041739052122565927,0.0040983188262407,0.0055331149759676,0.08785385723762663,low
native_rows,none,logistic_regression,median,20,20,1.0,20,1.0,20,1.0,0,0,0,6.0,6.35,2.7772572611727644,5.5,6.0,0.04016085597360696,0.039959141053827,0.004031786333353924,0.0325705556708731,0.0483059890535409,0.10039094624884357,very_high
native_rows,none,logistic_regression,kurtosis,20,20,1.0,20,1.0,20,1.0,0,0,0,12.0,12.1,2.314712668311578,11.0,10.85,0.03357428638626815,0.03381877598801,0.002330952410698611,0.0294257650115053,0.0367263126395895,0.06942671495326161,very_high
native_rows,none,logistic_regression,skewness,20,20,1.0,20,1.0,20,1.0,0,0,0,1.0,1.2,0.5231483637805969,1.0,1.2,0.05796031663622849,0.058443050555819,0.004376676085284121,0.0454485764530847,0.0666546068053299,0.07551159723217334,very_high
native_rows,none,logistic_regression,mean_absolute_value,20,20,1.0,20,1.0,20,1.0,0,0,0,2.0,2.15,0.7451598203705947,2.0,2.15,0.050738889070908934,0.051823691066184105,0.0041929631517385905,0.04207736829628,0.0564080819420848,0.08263805590774394,very_high
native_rows,none,logistic_regression,root_mean_square,20,20,1.0,20,1.0,1,0.05,0,0,19,8.0,8.0,2.1026299321513875,8.0,8.0,0.03799532395602084,0.03780414909886225,0.002393360203766627,0.0343976057682334,0.0425147909047982,0.062990914527717,low
native_rows,none,logistic_regression,peak_to_peak,20,20,1.0,0,0.0,0,0.0,0,20,0,28.0,27.95,1.4680814547887784,,,0.019953460433313794,0.01989666692798525,0.0015725238602076095,0.0173041490829538,0.0232571833854122,0.07880958119836513,low
native_rows,none,logistic_regression,waveform_length,20,20,1.0,20,1.0,20,1.0,0,0,0,14.0,14.1,2.989455151906976,13.0,12.2,0.03134333001462182,0.03111684611121425,0.0025688097758779843,0.0271322648101697,0.0364578195907746,0.08195714286515254,very_high
native_rows,none,logistic_regression,zero_crossing_count,20,20,1.0,8,0.4,8,0.4,0,12,0,21.0,21.3,2.9929742292312014,15.5,15.375,0.025845856638615567,0.02600913487679785,0.002477789953176539,0.0203602977475579,0.0313517350089298,0.0958679755839295,low
native_rows,none,logistic_regression,slope_sign_change_count,20,20,1.0,15,0.75,9,0.45,0,5,6,19.0,18.8,2.4623480450043704,14.0,14.222222222222221,0.027635413832814603,0.02779630802305615,0.0017045100421280387,0.0235811489471521,0.0315363729571131,0.06167846996754882,low
native_rows,none,logistic_regression,approximate_entropy,20,20,1.0,20,1.0,20,1.0,0,0,0,12.0,12.0,3.1953914182443244,11.0,10.6,0.034054330607880864,0.0339471648687001,0.003290855769589293,0.0283772128971046,0.043120473037042,0.0966354560740572,very_high
native_rows,none,logistic_regression,permutation_entropy,20,20,1.0,13,0.65,8,0.4,0,7,5,19.5,19.45,2.5438263760679396,14.5,14.5,0.02714675885206952,0.027319811027996403,0.0019440677607549042,0.0231902952729029,0.0305045075764416,0.07161325487689663,low
native_rows,none,logistic_regression,fuzzy_entropy,20,20,1.0,20,1.0,20,1.0,0,0,0,5.0,4.75,1.7129537431920892,5.0,4.65,0.04194872351364003,0.0413431468237635,0.0035967944855096667,0.0365545097865721,0.0502122115378318,0.08574264445353467,very_high
native_rows,none,logistic_regression,distribution_entropy,20,20,1.0,0,0.0,0,0.0,0,20,0,30.0,29.2,1.9628121608924702,,,0.018806978814568255,0.0181791242273503,0.0018227128148868333,0.0165614739218475,0.0233562704379192,0.09691683246194355,low
native_rows,none,logistic_regression,svd_entropy,20,20,1.0,20,1.0,0,0.0,0,0,20,14.0,14.35,2.3680993933621335,,,0.03104429405331533,0.0310435458896505,0.0021500590725087266,0.0269466549314585,0.035221329396092,0.0692577859498504,low
native_rows,none,logistic_regression,lempel_ziv_complexity,20,20,1.0,4,0.2,4,0.2,0,16,0,21.5,21.55,1.79105966869954,15.0,15.25,0.02573003205229557,0.02578050112468275,0.0011594833347880573,0.0238098455295099,0.0288516290172492,0.04506342364562313,low
native_rows,none,logistic_regression,hjorth_mobility,20,20,1.0,18,0.9,3,0.15,0,2,15,18.0,17.7,2.8488224714229227,14.0,14.333333333333334,0.02864532333333019,0.028234317408666297,0.002251646239558761,0.0253824435400334,0.0361017140361135,0.07860432271465631,low
native_rows,none,logistic_regression,hjorth_complexity,20,20,1.0,19,0.95,3,0.15,0,1,16,16.0,16.0,3.5243513774280433,10.0,10.666666666666666,0.030081034471342766,0.02945281491059595,0.003068532173806432,0.0243420309401759,0.0353909201386151,0.10200886464625157,low
native_rows,none,logistic_regression,katz_fractal_dimension,20,20,1.0,0,0.0,0,0.0,0,20,0,33.0,33.0,0.0,,,0.010624575700989559,0.010784801092358,0.0008093498133508089,0.0082477296183381,0.0119969928869218,0.0761771421399376,low
native_rows,none,logistic_regression,higuchi_fractal_dimension,20,20,1.0,19,0.95,19,0.95,0,1,0,9.0,9.8,5.736310936298236,8.0,8.31578947368421,0.03613651423637902,0.03657639494181415,0.006024679982001606,0.0250499207315348,0.0500717175583772,0.16672000909087392,very_high
native_rows,none,logistic_regression,detrended_fluctuation_analysis,20,20,1.0,19,0.95,19,0.95,0,1,0,10.0,10.45,4.430456790041073,10.0,8.894736842105264,0.03499257538826833,0.0352350313781991,0.003818052851248602,0.0237913649288453,0.0424282302216534,0.10911037009664196,very_high
native_rows,none,logistic_regression,mean_frequency,20,20,1.0,0,0.0,0,0.0,0,20,0,24.0,24.0,1.8064212949190015,,,0.024051513025215795,0.02390323468130745,0.0014063576942983688,0.0213203852263282,0.0272561593405754,0.05847273278915686,low
native_rows,none,logistic_regression,median_frequency,20,20,1.0,20,1.0,17,0.85,0,0,3,9.5,9.8,3.562967420859369,8.0,8.117647058823529,0.03592952891604929,0.0364177839732964,0.004196873981605054,0.0282180899469315,0.049301803155932,0.11680848895656855,high
native_rows,none,logistic_regression,spectral_edge_frequency_95,20,20,1.0,20,1.0,20,1.0,0,0,0,6.0,5.8,2.587418953726911,6.0,5.6,0.040870354488822855,0.0409039251268178,0.003283084018226986,0.0331792274785769,0.0464333012039433,0.08032922785450362,very_high
native_rows,none,logistic_regression,spectral_entropy,20,20,1.0,20,1.0,20,1.0,0,0,0,5.0,6.05,2.54382637606794,5.0,5.8,0.03997475819319228,0.03992148775426635,0.0030529104149927423,0.0357665167344424,0.0457752282574257,0.07637095389641792,very_high
native_rows,none,logistic_regression,AvgSampEn,20,20,1.0,0,0.0,0,0.0,0,20,0,32.0,32.0,0.0,,,0.014124959208720745,0.0141590604060239,0.0007537755745323333,0.0128434261374997,0.015657307612695,0.05336479655579837,low
native_rows,none,logistic_regression,MaxSampEn,20,20,1.0,0,0.0,0,0.0,0,20,0,26.0,26.15,1.954078056944394,,,0.0216696384306303,0.021955469784013602,0.001834447601251589,0.0184775259769855,0.0251701319508114,0.08465520119886148,low
native_rows,none,logistic_regression,MedianSampEn,20,20,1.0,11,0.55,11,0.55,0,9,0,19.5,19.6,3.6763826614872688,14.0,14.363636363636363,0.027060016977835825,0.026917277340614047,0.003018882975712034,0.0215506000644568,0.0359929570699791,0.11156249377761752,moderate
native_rows,none,logistic_regression,StdSampEn,20,20,1.0,14,0.7,14,0.7,0,6,0,18.5,18.85,3.2163234977385686,14.5,14.357142857142858,0.027630729210715688,0.02728228021954145,0.002432917839354845,0.0233544206338384,0.0318936846385618,0.08805116292085828,moderate
native_rows,none,logistic_regression,KurtosisSampEn,20,20,1.0,0,0.0,0,0.0,0,20,0,30.0,29.9,1.2937094768634558,,,0.01830020422821488,0.01840154892085935,0.0014706045610472277,0.0158931892803214,0.0213609607358551,0.08036000815662371,low
native_rows,none,logistic_regression,SkewnessSampEn,20,20,1.0,0,0.0,0,0.0,0,20,0,27.0,27.35,1.755442664221313,,,0.020048459715207738,0.01972090066991815,0.0018160105295085597,0.0169332181871289,0.0232947978079439,0.09058104988140445,low
native_rows,none,logistic_regression,AUC_SampEn,20,20,1.0,20,1.0,20,1.0,0,0,0,6.5,7.75,3.4924731095675785,6.5,7.15,0.03872005973086858,0.03853358179365095,0.004288046159257763,0.0329617000023878,0.0480553886805529,0.11074482294352524,very_high
native_rows,none,random_forest,minimum,20,20,1.0,0,0.0,0,0.0,0,20,0,25.0,24.7,1.6889735281961553,,,0.023381511687820773,0.0236844464810907,0.0013693224907590478,0.0200535982731293,0.0254579372103022,0.05856432676559215,low
native_rows,none,random_forest,maximum,20,20,1.0,0,0.0,0,0.0,0,20,0,29.0,28.85,2.1830688201896447,,,0.019068428126563185,0.01885059144352465,0.0021623391510870132,0.0163074614856249,0.0267089121906677,0.11339891976071047,low
native_rows,none,random_forest,mean,20,20,1.0,0,0.0,0,0.0,0,20,0,34.0,34.0,0.0,,,0.00475096409366186,0.0046925944446697,0.00041739052122565927,0.0040983188262407,0.0055331149759676,0.08785385723762663,low
native_rows,none,random_forest,median,20,20,1.0,20,1.0,20,1.0,0,0,0,6.0,6.35,2.7772572611727644,5.5,6.0,0.04016085597360696,0.039959141053827,0.004031786333353924,0.0325705556708731,0.0483059890535409,0.10039094624884357,very_high
native_rows,none,random_forest,kurtosis,20,20,1.0,20,1.0,20,1.0,0,0,0,12.0,12.1,2.314712668311578,11.0,10.85,0.03357428638626815,0.03381877598801,0.002330952410698611,0.0294257650115053,0.0367263126395895,0.06942671495326161,very_high
native_rows,none,random_forest,skewness,20,20,1.0,20,1.0,20,1.0,0,0,0,1.0,1.2,0.5231483637805969,1.0,1.2,0.05796031663622849,0.058443050555819,0.004376676085284121,0.0454485764530847,0.0666546068053299,0.07551159723217334,very_high
native_rows,none,random_forest,mean_absolute_value,20,20,1.0,20,1.0,20,1.0,0,0,0,2.0,2.15,0.7451598203705947,2.0,2.15,0.050738889070908934,0.051823691066184105,0.0041929631517385905,0.04207736829628,0.0564080819420848,0.08263805590774394,very_high
native_rows,none,random_forest,root_mean_square,20,20,1.0,20,1.0,1,0.05,0,0,19,8.0,8.0,2.1026299321513875,8.0,8.0,0.03799532395602084,0.03780414909886225,0.002393360203766627,0.0343976057682334,0.0425147909047982,0.062990914527717,low
native_rows,none,random_forest,peak_to_peak,20,20,1.0,0,0.0,0,0.0,0,20,0,28.0,27.95,1.4680814547887784,,,0.019953460433313794,0.01989666692798525,0.0015725238602076095,0.0173041490829538,0.0232571833854122,0.07880958119836513,low
native_rows,none,random_forest,waveform_length,20,20,1.0,20,1.0,20,1.0,0,0,0,14.0,14.1,2.989455151906976,13.0,12.2,0.03134333001462182,0.03111684611121425,0.0025688097758779843,0.0271322648101697,0.0364578195907746,0.08195714286515254,very_high
native_rows,none,random_forest,zero_crossing_count,20,20,1.0,8,0.4,8,0.4,0,12,0,21.0,21.3,2.9929742292312014,15.5,15.375,0.025845856638615567,0.02600913487679785,0.002477789953176539,0.0203602977475579,0.0313517350089298,0.0958679755839295,low
native_rows,none,random_forest,slope_sign_change_count,20,20,1.0,15,0.75,9,0.45,0,5,6,19.0,18.8,2.4623480450043704,14.0,14.222222222222221,0.027635413832814603,0.02779630802305615,0.0017045100421280387,0.0235811489471521,0.0315363729571131,0.06167846996754882,low
native_rows,none,random_forest,approximate_entropy,20,20,1.0,20,1.0,20,1.0,0,0,0,12.0,12.0,3.1953914182443244,11.0,10.6,0.034054330607880864,0.0339471648687001,0.003290855769589293,0.0283772128971046,0.043120473037042,0.0966354560740572,very_high
native_rows,none,random_forest,permutation_entropy,20,20,1.0,13,0.65,8,0.4,0,7,5,19.5,19.45,2.5438263760679396,14.5,14.5,0.02714675885206952,0.027319811027996403,0.0019440677607549042,0.0231902952729029,0.0305045075764416,0.07161325487689663,low
native_rows,none,random_forest,fuzzy_entropy,20,20,1.0,20,1.0,20,1.0,0,0,0,5.0,4.75,1.7129537431920892,5.0,4.65,0.04194872351364003,0.0413431468237635,0.0035967944855096667,0.0365545097865721,0.0502122115378318,0.08574264445353467,very_high
native_rows,none,random_forest,distribution_entropy,20,20,1.0,0,0.0,0,0.0,0,20,0,30.0,29.2,1.9628121608924702,,,0.018806978814568255,0.0181791242273503,0.0018227128148868333,0.0165614739218475,0.0233562704379192,0.09691683246194355,low
native_rows,none,random_forest,svd_entropy,20,20,1.0,20,1.0,0,0.0,0,0,20,14.0,14.35,2.3680993933621335,,,0.03104429405331533,0.0310435458896505,0.0021500590725087266,0.0269466549314585,0.035221329396092,0.0692577859498504,low
native_rows,none,random_forest,lempel_ziv_complexity,20,20,1.0,4,0.2,4,0.2,0,16,0,21.5,21.55,1.79105966869954,15.0,15.25,0.02573003205229557,0.02578050112468275,0.0011594833347880573,0.0238098455295099,0.0288516290172492,0.04506342364562313,low
native_rows,none,random_forest,hjorth_mobility,20,20,1.0,18,0.9,3,0.15,0,2,15,18.0,17.7,2.8488224714229227,14.0,14.333333333333334,0.02864532333333019,0.028234317408666297,0.002251646239558761,0.0253824435400334,0.0361017140361135,0.07860432271465631,low
native_rows,none,random_forest,hjorth_complexity,20,20,1.0,19,0.95,3,0.15,0,1,16,16.0,16.0,3.5243513774280433,10.0,10.666666666666666,0.030081034471342766,0.02945281491059595,0.003068532173806432,0.0243420309401759,0.0353909201386151,0.10200886464625157,low
native_rows,none,random_forest,katz_fractal_dimension,20,20,1.0,0,0.0,0,0.0,0,20,0,33.0,33.0,0.0,,,0.010624575700989559,0.010784801092358,0.0008093498133508089,0.0082477296183381,0.0119969928869218,0.0761771421399376,low
native_rows,none,random_forest,higuchi_fractal_dimension,20,20,1.0,19,0.95,19,0.95,0,1,0,9.0,9.8,5.736310936298236,8.0,8.31578947368421,0.03613651423637902,0.03657639494181415,0.006024679982001606,0.0250499207315348,0.0500717175583772,0.16672000909087392,very_high
native_rows,none,random_forest,detrended_fluctuation_analysis,20,20,1.0,19,0.95,19,0.95,0,1,0,10.0,10.45,4.430456790041073,10.0,8.894736842105264,0.03499257538826833,0.0352350313781991,0.003818052851248602,0.0237913649288453,0.0424282302216534,0.10911037009664196,very_high
native_rows,none,random_forest,mean_frequency,20,20,1.0,0,0.0,0,0.0,0,20,0,24.0,24.0,1.8064212949190015,,,0.024051513025215795,0.02390323468130745,0.0014063576942983688,0.0213203852263282,0.0272561593405754,0.05847273278915686,low
native_rows,none,random_forest,median_frequency,20,20,1.0,20,1.0,17,0.85,0,0,3,9.5,9.8,3.562967420859369,8.0,8.117647058823529,0.03592952891604929,0.0364177839732964,0.004196873981605054,0.0282180899469315,0.049301803155932,0.11680848895656855,high
native_rows,none,random_forest,spectral_edge_frequency_95,20,20,1.0,20,1.0,20,1.0,0,0,0,6.0,5.8,2.587418953726911,6.0,5.6,0.040870354488822855,0.0409039251268178,0.003283084018226986,0.0331792274785769,0.0464333012039433,0.08032922785450362,very_high
native_rows,none,random_forest,spectral_entropy,20,20,1.0,20,1.0,20,1.0,0,0,0,5.0,6.05,2.54382637606794,5.0,5.8,0.03997475819319228,0.03992148775426635,0.0030529104149927423,0.0357665167344424,0.0457752282574257,0.07637095389641792,very_high
native_rows,none,random_forest,AvgSampEn,20,20,1.0,0,0.0,0,0.0,0,20,0,32.0,32.0,0.0,,,0.014124959208720745,0.0141590604060239,0.0007537755745323333,0.0128434261374997,0.015657307612695,0.05336479655579837,low
native_rows,none,random_forest,MaxSampEn,20,20,1.0,0,0.0,0,0.0,0,20,0,26.0,26.15,1.954078056944394,,,0.0216696384306303,0.021955469784013602,0.001834447601251589,0.0184775259769855,0.0251701319508114,0.08465520119886148,low
native_rows,none,random_forest,MedianSampEn,20,20,1.0,11,0.55,11,0.55,0,9,0,19.5,19.6,3.6763826614872688,14.0,14.363636363636363,0.027060016977835825,0.026917277340614047,0.003018882975712034,0.0215506000644568,0.0359929570699791,0.11156249377761752,moderate
native_rows,none,random_forest,StdSampEn,20,20,1.0,14,0.7,14,0.7,0,6,0,18.5,18.85,3.2163234977385686,14.5,14.357142857142858,0.027630729210715688,0.02728228021954145,0.002432917839354845,0.0233544206338384,0.0318936846385618,0.08805116292085828,moderate
native_rows,none,random_forest,KurtosisSampEn,20,20,1.0,0,0.0,0,0.0,0,20,0,30.0,29.9,1.2937094768634558,,,0.01830020422821488,0.01840154892085935,0.0014706045610472277,0.0158931892803214,0.0213609607358551,0.08036000815662371,low
native_rows,none,random_forest,SkewnessSampEn,20,20,1.0,0,0.0,0,0.0,0,20,0,27.0,27.35,1.755442664221313,,,0.020048459715207738,0.01972090066991815,0.0018160105295085597,0.0169332181871289,0.0232947978079439,0.09058104988140445,low
native_rows,none,random_forest,AUC_SampEn,20,20,1.0,20,1.0,20,1.0,0,0,0,6.5,7.75,3.4924731095675785,6.5,7.15,0.03872005973086858,0.03853358179365095,0.004288046159257763,0.0329617000023878,0.0480553886805529,0.11074482294352524,very_high
