outer_fold_patient_id,evaluation_mode,normalization,classifier,removed_feature,retained_feature,absolute_spearman_correlation,threshold
491,common_rows,none,logistic_regression,svd_entropy,spectral_edge_frequency_95,0.9598361248952356,0.9
491,common_rows,none,logistic_regression,root_mean_square,mean_absolute_value,0.9098142390580503,0.9
491,common_rows,none,logistic_regression,permutation_entropy,slope_sign_change_count,0.9981667118758387,0.9
491,common_rows,none,logistic_regression,median_frequency,hjorth_complexity,0.918199734870457,0.9
491,common_rows,none,extra_trees,svd_entropy,spectral_edge_frequency_95,0.9598361248952356,0.9
491,common_rows,none,extra_trees,root_mean_square,mean_absolute_value,0.9098142390580503,0.9
491,common_rows,none,extra_trees,permutation_entropy,slope_sign_change_count,0.9981667118758387,0.9
491,common_rows,none,extra_trees,median_frequency,hjorth_complexity,0.918199734870457,0.9
491,common_rows,none,random_forest,svd_entropy,spectral_edge_frequency_95,0.9598361248952356,0.9
491,common_rows,none,random_forest,root_mean_square,mean_absolute_value,0.9098142390580503,0.9
491,common_rows,none,random_forest,permutation_entropy,slope_sign_change_count,0.9981667118758387,0.9
491,common_rows,none,random_forest,median_frequency,hjorth_complexity,0.918199734870457,0.9
491,common_rows,jackknife_median,logistic_regression,spectral_edge_frequency_95,svd_entropy,0.965469169687654,0.9
491,common_rows,jackknife_median,logistic_regression,hjorth_mobility,svd_entropy,0.9783853952229044,0.9
491,common_rows,jackknife_median,logistic_regression,mean_frequency,svd_entropy,0.9356854998229233,0.9
491,common_rows,jackknife_median,extra_trees,spectral_edge_frequency_95,svd_entropy,0.965469169687654,0.9
491,common_rows,jackknife_median,extra_trees,hjorth_mobility,svd_entropy,0.9783853952229044,0.9
491,common_rows,jackknife_median,extra_trees,mean_frequency,svd_entropy,0.9356854998229233,0.9
491,common_rows,jackknife_median,random_forest,spectral_edge_frequency_95,svd_entropy,0.965469169687654,0.9
491,common_rows,jackknife_median,random_forest,hjorth_mobility,svd_entropy,0.9783853952229044,0.9
491,common_rows,jackknife_median,random_forest,mean_frequency,svd_entropy,0.9356854998229233,0.9
491,common_rows,calibration_median,logistic_regression,hjorth_mobility,svd_entropy,0.975984659099346,0.9
491,common_rows,calibration_median,logistic_regression,mean_frequency,svd_entropy,0.9417453206177171,0.9
491,common_rows,calibration_median,logistic_regression,spectral_edge_frequency_95,svd_entropy,0.9701264201027816,0.9
491,common_rows,calibration_median,logistic_regression,permutation_entropy,slope_sign_change_count,0.9923986606361125,0.9
491,common_rows,calibration_median,extra_trees,hjorth_mobility,svd_entropy,0.975984659099346,0.9
491,common_rows,calibration_median,extra_trees,mean_frequency,svd_entropy,0.9417453206177171,0.9
491,common_rows,calibration_median,extra_trees,spectral_edge_frequency_95,svd_entropy,0.9701264201027816,0.9
491,common_rows,calibration_median,extra_trees,permutation_entropy,slope_sign_change_count,0.9923986606361125,0.9
491,common_rows,calibration_median,random_forest,hjorth_mobility,svd_entropy,0.975984659099346,0.9
491,common_rows,calibration_median,random_forest,mean_frequency,svd_entropy,0.9417453206177171,0.9
491,common_rows,calibration_median,random_forest,spectral_edge_frequency_95,svd_entropy,0.9701264201027816,0.9
491,common_rows,calibration_median,random_forest,permutation_entropy,slope_sign_change_count,0.9923986606361125,0.9
491,common_rows,calibration_median_iqr,logistic_regression,hjorth_mobility,svd_entropy,0.9784705914832567,0.9
491,common_rows,calibration_median_iqr,logistic_regression,spectral_edge_frequency_95,svd_entropy,0.9737941593902935,0.9
491,common_rows,calibration_median_iqr,logistic_regression,mean_frequency,svd_entropy,0.9447274510014817,0.9
491,common_rows,calibration_median_iqr,logistic_regression,permutation_entropy,slope_sign_change_count,0.9953609020014129,0.9
491,common_rows,calibration_median_iqr,extra_trees,hjorth_mobility,svd_entropy,0.9784705914832567,0.9
491,common_rows,calibration_median_iqr,extra_trees,spectral_edge_frequency_95,svd_entropy,0.9737941593902935,0.9
491,common_rows,calibration_median_iqr,extra_trees,mean_frequency,svd_entropy,0.9447274510014817,0.9
491,common_rows,calibration_median_iqr,extra_trees,permutation_entropy,slope_sign_change_count,0.9953609020014129,0.9
491,common_rows,calibration_median_iqr,random_forest,hjorth_mobility,svd_entropy,0.9784705914832567,0.9
491,common_rows,calibration_median_iqr,random_forest,spectral_edge_frequency_95,svd_entropy,0.9737941593902935,0.9
491,common_rows,calibration_median_iqr,random_forest,mean_frequency,svd_entropy,0.9447274510014817,0.9
491,common_rows,calibration_median_iqr,random_forest,permutation_entropy,slope_sign_change_count,0.9953609020014129,0.9
491,native_rows,none,logistic_regression,root_mean_square,mean_absolute_value,0.9074687555620385,0.9
491,native_rows,none,logistic_regression,svd_entropy,spectral_edge_frequency_95,0.9600400714743357,0.9
491,native_rows,none,logistic_regression,permutation_entropy,slope_sign_change_count,0.9983462492791806,0.9
491,native_rows,none,logistic_regression,hjorth_complexity,median_frequency,0.9244188183842924,0.9
491,native_rows,none,extra_trees,root_mean_square,mean_absolute_value,0.9074687555620385,0.9
491,native_rows,none,extra_trees,svd_entropy,spectral_edge_frequency_95,0.9600400714743357,0.9
491,native_rows,none,extra_trees,permutation_entropy,slope_sign_change_count,0.9983462492791806,0.9
491,native_rows,none,extra_trees,hjorth_complexity,median_frequency,0.9244188183842924,0.9
491,native_rows,none,random_forest,root_mean_square,mean_absolute_value,0.9074687555620385,0.9
491,native_rows,none,random_forest,svd_entropy,spectral_edge_frequency_95,0.9600400714743357,0.9
491,native_rows,none,random_forest,permutation_entropy,slope_sign_change_count,0.9983462492791806,0.9
491,native_rows,none,random_forest,hjorth_complexity,median_frequency,0.9244188183842924,0.9
491,native_rows,jackknife_median,logistic_regression,spectral_edge_frequency_95,svd_entropy,0.9601094563268765,0.9
491,native_rows,jackknife_median,logistic_regression,hjorth_mobility,svd_entropy,0.9761977483910154,0.9
491,native_rows,jackknife_median,logistic_regression,mean_frequency,median_frequency,0.9023960648758408,0.9
491,native_rows,jackknife_median,extra_trees,spectral_edge_frequency_95,svd_entropy,0.9601094563268765,0.9
491,native_rows,jackknife_median,extra_trees,hjorth_mobility,svd_entropy,0.9761977483910154,0.9
491,native_rows,jackknife_median,extra_trees,mean_frequency,median_frequency,0.9023960648758408,0.9
491,native_rows,jackknife_median,random_forest,spectral_edge_frequency_95,svd_entropy,0.9601094563268765,0.9
491,native_rows,jackknife_median,random_forest,hjorth_mobility,svd_entropy,0.9761977483910154,0.9
491,native_rows,jackknife_median,random_forest,mean_frequency,median_frequency,0.9023960648758408,0.9
491,native_rows,calibration_median,logistic_regression,hjorth_mobility,svd_entropy,0.975984659099346,0.9
491,native_rows,calibration_median,logistic_regression,mean_frequency,svd_entropy,0.9417453206177171,0.9
491,native_rows,calibration_median,logistic_regression,spectral_edge_frequency_95,svd_entropy,0.9701264201027816,0.9
491,native_rows,calibration_median,logistic_regression,permutation_entropy,slope_sign_change_count,0.9923986606361125,0.9
491,native_rows,calibration_median,extra_trees,hjorth_mobility,svd_entropy,0.975984659099346,0.9
491,native_rows,calibration_median,extra_trees,mean_frequency,svd_entropy,0.9417453206177171,0.9
491,native_rows,calibration_median,extra_trees,spectral_edge_frequency_95,svd_entropy,0.9701264201027816,0.9
491,native_rows,calibration_median,extra_trees,permutation_entropy,slope_sign_change_count,0.9923986606361125,0.9
491,native_rows,calibration_median,random_forest,hjorth_mobility,svd_entropy,0.975984659099346,0.9
491,native_rows,calibration_median,random_forest,mean_frequency,svd_entropy,0.9417453206177171,0.9
491,native_rows,calibration_median,random_forest,spectral_edge_frequency_95,svd_entropy,0.9701264201027816,0.9
491,native_rows,calibration_median,random_forest,permutation_entropy,slope_sign_change_count,0.9923986606361125,0.9
491,native_rows,calibration_median_iqr,logistic_regression,hjorth_mobility,svd_entropy,0.9784705914832567,0.9
491,native_rows,calibration_median_iqr,logistic_regression,spectral_edge_frequency_95,svd_entropy,0.9737941593902935,0.9
491,native_rows,calibration_median_iqr,logistic_regression,mean_frequency,svd_entropy,0.9447274510014817,0.9
491,native_rows,calibration_median_iqr,logistic_regression,permutation_entropy,slope_sign_change_count,0.9953609020014129,0.9
491,native_rows,calibration_median_iqr,extra_trees,hjorth_mobility,svd_entropy,0.9784705914832567,0.9
491,native_rows,calibration_median_iqr,extra_trees,spectral_edge_frequency_95,svd_entropy,0.9737941593902935,0.9
491,native_rows,calibration_median_iqr,extra_trees,mean_frequency,svd_entropy,0.9447274510014817,0.9
491,native_rows,calibration_median_iqr,extra_trees,permutation_entropy,slope_sign_change_count,0.9953609020014129,0.9
491,native_rows,calibration_median_iqr,random_forest,hjorth_mobility,svd_entropy,0.9784705914832567,0.9
491,native_rows,calibration_median_iqr,random_forest,spectral_edge_frequency_95,svd_entropy,0.9737941593902935,0.9
491,native_rows,calibration_median_iqr,random_forest,mean_frequency,svd_entropy,0.9447274510014817,0.9
491,native_rows,calibration_median_iqr,random_forest,permutation_entropy,slope_sign_change_count,0.9953609020014129,0.9
638,common_rows,none,logistic_regression,root_mean_square,mean_absolute_value,0.9195332316145578,0.9
638,common_rows,none,logistic_regression,permutation_entropy,slope_sign_change_count,0.9979936220396965,0.9
638,common_rows,none,logistic_regression,svd_entropy,spectral_edge_frequency_95,0.9638565479607482,0.9
638,common_rows,none,logistic_regression,hjorth_mobility,spectral_edge_frequency_95,0.9025390379802882,0.9
638,common_rows,none,logistic_regression,hjorth_complexity,median_frequency,0.9233529111276941,0.9
638,common_rows,none,extra_trees,root_mean_square,mean_absolute_value,0.9195332316145578,0.9
638,common_rows,none,extra_trees,permutation_entropy,slope_sign_change_count,0.9979936220396965,0.9
638,common_rows,none,extra_trees,svd_entropy,spectral_edge_frequency_95,0.9638565479607482,0.9
638,common_rows,none,extra_trees,hjorth_mobility,spectral_edge_frequency_95,0.9025390379802882,0.9
638,common_rows,none,extra_trees,hjorth_complexity,median_frequency,0.9233529111276941,0.9
638,common_rows,none,random_forest,root_mean_square,mean_absolute_value,0.9195332316145578,0.9
638,common_rows,none,random_forest,permutation_entropy,slope_sign_change_count,0.9979936220396965,0.9
638,common_rows,none,random_forest,svd_entropy,spectral_edge_frequency_95,0.9638565479607482,0.9
638,common_rows,none,random_forest,hjorth_mobility,spectral_edge_frequency_95,0.9025390379802882,0.9
638,common_rows,none,random_forest,hjorth_complexity,median_frequency,0.9233529111276941,0.9
638,common_rows,jackknife_median,logistic_regression,spectral_edge_frequency_95,svd_entropy,0.9677140138551371,0.9
638,common_rows,jackknife_median,logistic_regression,hjorth_mobility,svd_entropy,0.9774867521230373,0.9
638,common_rows,jackknife_median,logistic_regression,mean_frequency,svd_entropy,0.9361875002258909,0.9
638,common_rows,jackknife_median,extra_trees,spectral_edge_frequency_95,svd_entropy,0.9677140138551371,0.9
638,common_rows,jackknife_median,extra_trees,hjorth_mobility,svd_entropy,0.9774867521230373,0.9
638,common_rows,jackknife_median,extra_trees,mean_frequency,svd_entropy,0.9361875002258909,0.9
638,common_rows,jackknife_median,random_forest,spectral_edge_frequency_95,svd_entropy,0.9677140138551371,0.9
638,common_rows,jackknife_median,random_forest,hjorth_mobility,svd_entropy,0.9774867521230373,0.9
638,common_rows,jackknife_median,random_forest,mean_frequency,svd_entropy,0.9361875002258909,0.9
638,common_rows,calibration_median,logistic_regression,hjorth_mobility,svd_entropy,0.9774416828005407,0.9
638,common_rows,calibration_median,logistic_regression,spectral_edge_frequency_95,svd_entropy,0.9722580139896048,0.9
638,common_rows,calibration_median,logistic_regression,mean_frequency,svd_entropy,0.947036350215721,0.9
638,common_rows,calibration_median,logistic_regression,permutation_entropy,slope_sign_change_count,0.9930679346380249,0.9
638,common_rows,calibration_median,extra_trees,hjorth_mobility,svd_entropy,0.9774416828005407,0.9
638,common_rows,calibration_median,extra_trees,spectral_edge_frequency_95,svd_entropy,0.9722580139896048,0.9
638,common_rows,calibration_median,extra_trees,mean_frequency,svd_entropy,0.947036350215721,0.9
638,common_rows,calibration_median,extra_trees,permutation_entropy,slope_sign_change_count,0.9930679346380249,0.9
638,common_rows,calibration_median,random_forest,hjorth_mobility,svd_entropy,0.9774416828005407,0.9
638,common_rows,calibration_median,random_forest,spectral_edge_frequency_95,svd_entropy,0.9722580139896048,0.9
638,common_rows,calibration_median,random_forest,mean_frequency,svd_entropy,0.947036350215721,0.9
638,common_rows,calibration_median,random_forest,permutation_entropy,slope_sign_change_count,0.9930679346380249,0.9
638,common_rows,calibration_median_iqr,logistic_regression,svd_entropy,hjorth_mobility,0.979084709990667,0.9
638,common_rows,calibration_median_iqr,logistic_regression,spectral_edge_frequency_95,hjorth_mobility,0.9496069345444949,0.9
638,common_rows,calibration_median_iqr,logistic_regression,mean_frequency,hjorth_mobility,0.9868524621545061,0.9
638,common_rows,calibration_median_iqr,logistic_regression,permutation_entropy,slope_sign_change_count,0.9956689464525399,0.9
638,common_rows,calibration_median_iqr,extra_trees,svd_entropy,hjorth_mobility,0.979084709990667,0.9
638,common_rows,calibration_median_iqr,extra_trees,spectral_edge_frequency_95,hjorth_mobility,0.9496069345444949,0.9
638,common_rows,calibration_median_iqr,extra_trees,mean_frequency,hjorth_mobility,0.9868524621545061,0.9
638,common_rows,calibration_median_iqr,extra_trees,permutation_entropy,slope_sign_change_count,0.9956689464525399,0.9
638,common_rows,calibration_median_iqr,random_forest,svd_entropy,hjorth_mobility,0.979084709990667,0.9
638,common_rows,calibration_median_iqr,random_forest,spectral_edge_frequency_95,hjorth_mobility,0.9496069345444949,0.9
638,common_rows,calibration_median_iqr,random_forest,mean_frequency,hjorth_mobility,0.9868524621545061,0.9
638,common_rows,calibration_median_iqr,random_forest,permutation_entropy,slope_sign_change_count,0.9956689464525399,0.9
638,native_rows,none,logistic_regression,root_mean_square,mean_absolute_value,0.9157083658806479,0.9
638,native_rows,none,logistic_regression,svd_entropy,spectral_edge_frequency_95,0.9640731045681223,0.9
638,native_rows,none,logistic_regression,hjorth_complexity,median_frequency,0.9296813678586376,0.9
638,native_rows,none,logistic_regression,hjorth_mobility,spectral_edge_frequency_95,0.9031900579752197,0.9
638,native_rows,none,logistic_regression,permutation_entropy,slope_sign_change_count,0.9981841914747264,0.9
638,native_rows,none,extra_trees,root_mean_square,mean_absolute_value,0.9157083658806479,0.9
638,native_rows,none,extra_trees,svd_entropy,spectral_edge_frequency_95,0.9640731045681223,0.9
638,native_rows,none,extra_trees,hjorth_complexity,median_frequency,0.9296813678586376,0.9
638,native_rows,none,extra_trees,hjorth_mobility,spectral_edge_frequency_95,0.9031900579752197,0.9
638,native_rows,none,extra_trees,permutation_entropy,slope_sign_change_count,0.9981841914747264,0.9
638,native_rows,none,random_forest,root_mean_square,mean_absolute_value,0.9157083658806479,0.9
638,native_rows,none,random_forest,svd_entropy,spectral_edge_frequency_95,0.9640731045681223,0.9
638,native_rows,none,random_forest,hjorth_complexity,median_frequency,0.9296813678586376,0.9
638,native_rows,none,random_forest,hjorth_mobility,spectral_edge_frequency_95,0.9031900579752197,0.9
638,native_rows,none,random_forest,permutation_entropy,slope_sign_change_count,0.9981841914747264,0.9
638,native_rows,jackknife_median,logistic_regression,spectral_edge_frequency_95,svd_entropy,0.9630211798229977,0.9
638,native_rows,jackknife_median,logistic_regression,hjorth_mobility,svd_entropy,0.9745849326879683,0.9
638,native_rows,jackknife_median,logistic_regression,mean_frequency,svd_entropy,0.9295749453888665,0.9
638,native_rows,jackknife_median,extra_trees,spectral_edge_frequency_95,svd_entropy,0.9630211798229977,0.9
638,native_rows,jackknife_median,extra_trees,hjorth_mobility,svd_entropy,0.9745849326879683,0.9
638,native_rows,jackknife_median,extra_trees,mean_frequency,svd_entropy,0.9295749453888665,0.9
638,native_rows,jackknife_median,random_forest,spectral_edge_frequency_95,svd_entropy,0.9630211798229977,0.9
638,native_rows,jackknife_median,random_forest,hjorth_mobility,svd_entropy,0.9745849326879683,0.9
638,native_rows,jackknife_median,random_forest,mean_frequency,svd_entropy,0.9295749453888665,0.9
638,native_rows,calibration_median,logistic_regression,hjorth_mobility,svd_entropy,0.9774416828005407,0.9
638,native_rows,calibration_median,logistic_regression,spectral_edge_frequency_95,svd_entropy,0.9722580139896048,0.9
638,native_rows,calibration_median,logistic_regression,mean_frequency,svd_entropy,0.947036350215721,0.9
638,native_rows,calibration_median,logistic_regression,permutation_entropy,slope_sign_change_count,0.9930679346380249,0.9
638,native_rows,calibration_median,extra_trees,hjorth_mobility,svd_entropy,0.9774416828005407,0.9
638,native_rows,calibration_median,extra_trees,spectral_edge_frequency_95,svd_entropy,0.9722580139896048,0.9
638,native_rows,calibration_median,extra_trees,mean_frequency,svd_entropy,0.947036350215721,0.9
638,native_rows,calibration_median,extra_trees,permutation_entropy,slope_sign_change_count,0.9930679346380249,0.9
638,native_rows,calibration_median,random_forest,hjorth_mobility,svd_entropy,0.9774416828005407,0.9
638,native_rows,calibration_median,random_forest,spectral_edge_frequency_95,svd_entropy,0.9722580139896048,0.9
638,native_rows,calibration_median,random_forest,mean_frequency,svd_entropy,0.947036350215721,0.9
638,native_rows,calibration_median,random_forest,permutation_entropy,slope_sign_change_count,0.9930679346380249,0.9
638,native_rows,calibration_median_iqr,logistic_regression,svd_entropy,hjorth_mobility,0.979084709990667,0.9
638,native_rows,calibration_median_iqr,logistic_regression,spectral_edge_frequency_95,hjorth_mobility,0.9496069345444949,0.9
638,native_rows,calibration_median_iqr,logistic_regression,mean_frequency,hjorth_mobility,0.9868524621545061,0.9
638,native_rows,calibration_median_iqr,logistic_regression,permutation_entropy,slope_sign_change_count,0.9956689464525399,0.9
638,native_rows,calibration_median_iqr,extra_trees,svd_entropy,hjorth_mobility,0.979084709990667,0.9
638,native_rows,calibration_median_iqr,extra_trees,spectral_edge_frequency_95,hjorth_mobility,0.9496069345444949,0.9
638,native_rows,calibration_median_iqr,extra_trees,mean_frequency,hjorth_mobility,0.9868524621545061,0.9
638,native_rows,calibration_median_iqr,extra_trees,permutation_entropy,slope_sign_change_count,0.9956689464525399,0.9
638,native_rows,calibration_median_iqr,random_forest,svd_entropy,hjorth_mobility,0.979084709990667,0.9
638,native_rows,calibration_median_iqr,random_forest,spectral_edge_frequency_95,hjorth_mobility,0.9496069345444949,0.9
638,native_rows,calibration_median_iqr,random_forest,mean_frequency,hjorth_mobility,0.9868524621545061,0.9
638,native_rows,calibration_median_iqr,random_forest,permutation_entropy,slope_sign_change_count,0.9956689464525399,0.9
906,common_rows,none,logistic_regression,svd_entropy,spectral_edge_frequency_95,0.9631651378182368,0.9
906,common_rows,none,logistic_regression,root_mean_square,mean_absolute_value,0.9070610707058441,0.9
906,common_rows,none,logistic_regression,median_frequency,hjorth_complexity,0.9262746545817776,0.9
906,common_rows,none,logistic_regression,hjorth_mobility,spectral_edge_frequency_95,0.9014409089339709,0.9
906,common_rows,none,logistic_regression,permutation_entropy,slope_sign_change_count,0.9982062200106154,0.9
906,common_rows,none,extra_trees,svd_entropy,spectral_edge_frequency_95,0.9631651378182368,0.9
906,common_rows,none,extra_trees,root_mean_square,mean_absolute_value,0.9070610707058441,0.9
906,common_rows,none,extra_trees,median_frequency,hjorth_complexity,0.9262746545817776,0.9
906,common_rows,none,extra_trees,hjorth_mobility,spectral_edge_frequency_95,0.9014409089339709,0.9
906,common_rows,none,extra_trees,permutation_entropy,slope_sign_change_count,0.9982062200106154,0.9
906,common_rows,none,random_forest,svd_entropy,spectral_edge_frequency_95,0.9631651378182368,0.9
906,common_rows,none,random_forest,root_mean_square,mean_absolute_value,0.9070610707058441,0.9
906,common_rows,none,random_forest,median_frequency,hjorth_complexity,0.9262746545817776,0.9
906,common_rows,none,random_forest,hjorth_mobility,spectral_edge_frequency_95,0.9014409089339709,0.9
906,common_rows,none,random_forest,permutation_entropy,slope_sign_change_count,0.9982062200106154,0.9
906,common_rows,jackknife_median,logistic_regression,spectral_edge_frequency_95,svd_entropy,0.9666719268014365,0.9
906,common_rows,jackknife_median,logistic_regression,hjorth_mobility,svd_entropy,0.9784828667344856,0.9
906,common_rows,jackknife_median,logistic_regression,mean_frequency,svd_entropy,0.9372072277715201,0.9
906,common_rows,jackknife_median,extra_trees,spectral_edge_frequency_95,svd_entropy,0.9666719268014365,0.9
906,common_rows,jackknife_median,extra_trees,hjorth_mobility,svd_entropy,0.9784828667344856,0.9
906,common_rows,jackknife_median,extra_trees,mean_frequency,svd_entropy,0.9372072277715201,0.9
906,common_rows,jackknife_median,random_forest,spectral_edge_frequency_95,svd_entropy,0.9666719268014365,0.9
906,common_rows,jackknife_median,random_forest,hjorth_mobility,svd_entropy,0.9784828667344856,0.9
906,common_rows,jackknife_median,random_forest,mean_frequency,svd_entropy,0.9372072277715201,0.9
906,common_rows,calibration_median,logistic_regression,spectral_edge_frequency_95,svd_entropy,0.9702604535166978,0.9
906,common_rows,calibration_median,logistic_regression,hjorth_mobility,svd_entropy,0.9807782553388474,0.9
906,common_rows,calibration_median,logistic_regression,mean_frequency,svd_entropy,0.950239503893528,0.9
906,common_rows,calibration_median,logistic_regression,permutation_entropy,slope_sign_change_count,0.9939788256523643,0.9
906,common_rows,calibration_median,extra_trees,spectral_edge_frequency_95,svd_entropy,0.9702604535166978,0.9
906,common_rows,calibration_median,extra_trees,hjorth_mobility,svd_entropy,0.9807782553388474,0.9
906,common_rows,calibration_median,extra_trees,mean_frequency,svd_entropy,0.950239503893528,0.9
906,common_rows,calibration_median,extra_trees,permutation_entropy,slope_sign_change_count,0.9939788256523643,0.9
906,common_rows,calibration_median,random_forest,spectral_edge_frequency_95,svd_entropy,0.9702604535166978,0.9
906,common_rows,calibration_median,random_forest,hjorth_mobility,svd_entropy,0.9807782553388474,0.9
906,common_rows,calibration_median,random_forest,mean_frequency,svd_entropy,0.950239503893528,0.9
906,common_rows,calibration_median,random_forest,permutation_entropy,slope_sign_change_count,0.9939788256523643,0.9
906,common_rows,calibration_median_iqr,logistic_regression,hjorth_mobility,svd_entropy,0.9809027560183897,0.9
906,common_rows,calibration_median_iqr,logistic_regression,spectral_edge_frequency_95,svd_entropy,0.9738944381867601,0.9
906,common_rows,calibration_median_iqr,logistic_regression,mean_frequency,median_frequency,0.9205722030883918,0.9
906,common_rows,calibration_median_iqr,logistic_regression,permutation_entropy,slope_sign_change_count,0.996495770315394,0.9
906,common_rows,calibration_median_iqr,extra_trees,hjorth_mobility,svd_entropy,0.9809027560183897,0.9
906,common_rows,calibration_median_iqr,extra_trees,spectral_edge_frequency_95,svd_entropy,0.9738944381867601,0.9
906,common_rows,calibration_median_iqr,extra_trees,mean_frequency,median_frequency,0.9205722030883918,0.9
906,common_rows,calibration_median_iqr,extra_trees,permutation_entropy,slope_sign_change_count,0.996495770315394,0.9
906,common_rows,calibration_median_iqr,random_forest,hjorth_mobility,svd_entropy,0.9809027560183897,0.9
906,common_rows,calibration_median_iqr,random_forest,spectral_edge_frequency_95,svd_entropy,0.9738944381867601,0.9
906,common_rows,calibration_median_iqr,random_forest,mean_frequency,median_frequency,0.9205722030883918,0.9
906,common_rows,calibration_median_iqr,random_forest,permutation_entropy,slope_sign_change_count,0.996495770315394,0.9
906,native_rows,none,logistic_regression,root_mean_square,mean_absolute_value,0.9028704597662882,0.9
906,native_rows,none,logistic_regression,median_frequency,hjorth_complexity,0.9311611496148214,0.9
906,native_rows,none,logistic_regression,svd_entropy,spectral_edge_frequency_95,0.9631330182970415,0.9
906,native_rows,none,logistic_regression,hjorth_mobility,spectral_edge_frequency_95,0.9006962197603348,0.9
906,native_rows,none,extra_trees,root_mean_square,mean_absolute_value,0.9028704597662882,0.9
906,native_rows,none,extra_trees,median_frequency,hjorth_complexity,0.9311611496148214,0.9
906,native_rows,none,extra_trees,svd_entropy,spectral_edge_frequency_95,0.9631330182970415,0.9
906,native_rows,none,extra_trees,hjorth_mobility,spectral_edge_frequency_95,0.9006962197603348,0.9
906,native_rows,none,random_forest,root_mean_square,mean_absolute_value,0.9028704597662882,0.9
906,native_rows,none,random_forest,median_frequency,hjorth_complexity,0.9311611496148214,0.9
906,native_rows,none,random_forest,svd_entropy,spectral_edge_frequency_95,0.9631330182970415,0.9
906,native_rows,none,random_forest,hjorth_mobility,spectral_edge_frequency_95,0.9006962197603348,0.9
906,native_rows,jackknife_median,logistic_regression,spectral_edge_frequency_95,svd_entropy,0.962041208000329,0.9
906,native_rows,jackknife_median,logistic_regression,mean_frequency,svd_entropy,0.9312493545542198,0.9
906,native_rows,jackknife_median,logistic_regression,hjorth_mobility,svd_entropy,0.9765521151364298,0.9
906,native_rows,jackknife_median,extra_trees,spectral_edge_frequency_95,svd_entropy,0.962041208000329,0.9
906,native_rows,jackknife_median,extra_trees,mean_frequency,svd_entropy,0.9312493545542198,0.9
906,native_rows,jackknife_median,extra_trees,hjorth_mobility,svd_entropy,0.9765521151364298,0.9
906,native_rows,jackknife_median,random_forest,spectral_edge_frequency_95,svd_entropy,0.962041208000329,0.9
906,native_rows,jackknife_median,random_forest,mean_frequency,svd_entropy,0.9312493545542198,0.9
906,native_rows,jackknife_median,random_forest,hjorth_mobility,svd_entropy,0.9765521151364298,0.9
906,native_rows,calibration_median,logistic_regression,spectral_edge_frequency_95,svd_entropy,0.9702604535166978,0.9
906,native_rows,calibration_median,logistic_regression,hjorth_mobility,svd_entropy,0.9807782553388474,0.9
906,native_rows,calibration_median,logistic_regression,mean_frequency,svd_entropy,0.950239503893528,0.9
906,native_rows,calibration_median,logistic_regression,permutation_entropy,slope_sign_change_count,0.9939788256523643,0.9
906,native_rows,calibration_median,extra_trees,spectral_edge_frequency_95,svd_entropy,0.9702604535166978,0.9
906,native_rows,calibration_median,extra_trees,hjorth_mobility,svd_entropy,0.9807782553388474,0.9
906,native_rows,calibration_median,extra_trees,mean_frequency,svd_entropy,0.950239503893528,0.9
906,native_rows,calibration_median,extra_trees,permutation_entropy,slope_sign_change_count,0.9939788256523643,0.9
906,native_rows,calibration_median,random_forest,spectral_edge_frequency_95,svd_entropy,0.9702604535166978,0.9
906,native_rows,calibration_median,random_forest,hjorth_mobility,svd_entropy,0.9807782553388474,0.9
906,native_rows,calibration_median,random_forest,mean_frequency,svd_entropy,0.950239503893528,0.9
906,native_rows,calibration_median,random_forest,permutation_entropy,slope_sign_change_count,0.9939788256523643,0.9
906,native_rows,calibration_median_iqr,logistic_regression,hjorth_mobility,svd_entropy,0.9809027560183897,0.9
906,native_rows,calibration_median_iqr,logistic_regression,spectral_edge_frequency_95,svd_entropy,0.9738944381867601,0.9
906,native_rows,calibration_median_iqr,logistic_regression,mean_frequency,median_frequency,0.9205722030883918,0.9
906,native_rows,calibration_median_iqr,logistic_regression,permutation_entropy,slope_sign_change_count,0.996495770315394,0.9
906,native_rows,calibration_median_iqr,extra_trees,hjorth_mobility,svd_entropy,0.9809027560183897,0.9
906,native_rows,calibration_median_iqr,extra_trees,spectral_edge_frequency_95,svd_entropy,0.9738944381867601,0.9
906,native_rows,calibration_median_iqr,extra_trees,mean_frequency,median_frequency,0.9205722030883918,0.9
906,native_rows,calibration_median_iqr,extra_trees,permutation_entropy,slope_sign_change_count,0.996495770315394,0.9
906,native_rows,calibration_median_iqr,random_forest,hjorth_mobility,svd_entropy,0.9809027560183897,0.9
906,native_rows,calibration_median_iqr,random_forest,spectral_edge_frequency_95,svd_entropy,0.9738944381867601,0.9
906,native_rows,calibration_median_iqr,random_forest,mean_frequency,median_frequency,0.9205722030883918,0.9
906,native_rows,calibration_median_iqr,random_forest,permutation_entropy,slope_sign_change_count,0.996495770315394,0.9
1049,common_rows,none,logistic_regression,root_mean_square,mean_absolute_value,0.9084942788330218,0.9
1049,common_rows,none,logistic_regression,svd_entropy,spectral_edge_frequency_95,0.9666198496117203,0.9
1049,common_rows,none,logistic_regression,median_frequency,hjorth_complexity,0.9147622622583825,0.9
1049,common_rows,none,logistic_regression,slope_sign_change_count,permutation_entropy,0.9979883816508047,0.9
1049,common_rows,none,logistic_regression,hjorth_mobility,spectral_edge_frequency_95,0.9064342294256381,0.9
1049,common_rows,none,extra_trees,root_mean_square,mean_absolute_value,0.9084942788330218,0.9
1049,common_rows,none,extra_trees,svd_entropy,spectral_edge_frequency_95,0.9666198496117203,0.9
1049,common_rows,none,extra_trees,median_frequency,hjorth_complexity,0.9147622622583825,0.9
1049,common_rows,none,extra_trees,slope_sign_change_count,permutation_entropy,0.9979883816508047,0.9
1049,common_rows,none,extra_trees,hjorth_mobility,spectral_edge_frequency_95,0.9064342294256381,0.9
1049,common_rows,none,random_forest,root_mean_square,mean_absolute_value,0.9084942788330218,0.9
1049,common_rows,none,random_forest,svd_entropy,spectral_edge_frequency_95,0.9666198496117203,0.9
1049,common_rows,none,random_forest,median_frequency,hjorth_complexity,0.9147622622583825,0.9
1049,common_rows,none,random_forest,slope_sign_change_count,permutation_entropy,0.9979883816508047,0.9
1049,common_rows,none,random_forest,hjorth_mobility,spectral_edge_frequency_95,0.9064342294256381,0.9
1049,common_rows,jackknife_median,logistic_regression,spectral_edge_frequency_95,svd_entropy,0.9729891410359104,0.9
1049,common_rows,jackknife_median,logistic_regression,hjorth_mobility,svd_entropy,0.9817371669820254,0.9
1049,common_rows,jackknife_median,logistic_regression,mean_frequency,svd_entropy,0.9437127779902297,0.9
1049,common_rows,jackknife_median,extra_trees,spectral_edge_frequency_95,svd_entropy,0.9729891410359104,0.9
1049,common_rows,jackknife_median,extra_trees,hjorth_mobility,svd_entropy,0.9817371669820254,0.9
1049,common_rows,jackknife_median,extra_trees,mean_frequency,svd_entropy,0.9437127779902297,0.9
1049,common_rows,jackknife_median,random_forest,spectral_edge_frequency_95,svd_entropy,0.9729891410359104,0.9
1049,common_rows,jackknife_median,random_forest,hjorth_mobility,svd_entropy,0.9817371669820254,0.9
1049,common_rows,jackknife_median,random_forest,mean_frequency,svd_entropy,0.9437127779902297,0.9
1049,common_rows,calibration_median,logistic_regression,hjorth_mobility,svd_entropy,0.9789988922392309,0.9
1049,common_rows,calibration_median,logistic_regression,spectral_edge_frequency_95,svd_entropy,0.9729117870999576,0.9
1049,common_rows,calibration_median,logistic_regression,mean_frequency,svd_entropy,0.9465094421260343,0.9
1049,common_rows,calibration_median,logistic_regression,permutation_entropy,slope_sign_change_count,0.9920196299826014,0.9
1049,common_rows,calibration_median,extra_trees,hjorth_mobility,svd_entropy,0.9789988922392309,0.9
1049,common_rows,calibration_median,extra_trees,spectral_edge_frequency_95,svd_entropy,0.9729117870999576,0.9
1049,common_rows,calibration_median,extra_trees,mean_frequency,svd_entropy,0.9465094421260343,0.9
1049,common_rows,calibration_median,extra_trees,permutation_entropy,slope_sign_change_count,0.9920196299826014,0.9
1049,common_rows,calibration_median,random_forest,hjorth_mobility,svd_entropy,0.9789988922392309,0.9
1049,common_rows,calibration_median,random_forest,spectral_edge_frequency_95,svd_entropy,0.9729117870999576,0.9
1049,common_rows,calibration_median,random_forest,mean_frequency,svd_entropy,0.9465094421260343,0.9
1049,common_rows,calibration_median,random_forest,permutation_entropy,slope_sign_change_count,0.9920196299826014,0.9
1049,common_rows,calibration_median_iqr,logistic_regression,hjorth_mobility,svd_entropy,0.9793512047528878,0.9
1049,common_rows,calibration_median_iqr,logistic_regression,spectral_edge_frequency_95,svd_entropy,0.974191866453632,0.9
1049,common_rows,calibration_median_iqr,logistic_regression,mean_frequency,svd_entropy,0.9454394357549523,0.9
1049,common_rows,calibration_median_iqr,logistic_regression,permutation_entropy,slope_sign_change_count,0.9957388402849854,0.9
1049,common_rows,calibration_median_iqr,extra_trees,hjorth_mobility,svd_entropy,0.9793512047528878,0.9
1049,common_rows,calibration_median_iqr,extra_trees,spectral_edge_frequency_95,svd_entropy,0.974191866453632,0.9
1049,common_rows,calibration_median_iqr,extra_trees,mean_frequency,svd_entropy,0.9454394357549523,0.9
1049,common_rows,calibration_median_iqr,extra_trees,permutation_entropy,slope_sign_change_count,0.9957388402849854,0.9
1049,common_rows,calibration_median_iqr,random_forest,hjorth_mobility,svd_entropy,0.9793512047528878,0.9
1049,common_rows,calibration_median_iqr,random_forest,spectral_edge_frequency_95,svd_entropy,0.974191866453632,0.9
1049,common_rows,calibration_median_iqr,random_forest,mean_frequency,svd_entropy,0.9454394357549523,0.9
1049,common_rows,calibration_median_iqr,random_forest,permutation_entropy,slope_sign_change_count,0.9957388402849854,0.9
1049,native_rows,none,logistic_regression,root_mean_square,mean_absolute_value,0.9046682270704122,0.9
1049,native_rows,none,logistic_regression,hjorth_complexity,median_frequency,0.9214792054860947,0.9
1049,native_rows,none,logistic_regression,svd_entropy,spectral_edge_frequency_95,0.9675559199923772,0.9
1049,native_rows,none,logistic_regression,hjorth_mobility,spectral_edge_frequency_95,0.908035054953167,0.9
1049,native_rows,none,extra_trees,root_mean_square,mean_absolute_value,0.9046682270704122,0.9
1049,native_rows,none,extra_trees,hjorth_complexity,median_frequency,0.9214792054860947,0.9
1049,native_rows,none,extra_trees,svd_entropy,spectral_edge_frequency_95,0.9675559199923772,0.9
1049,native_rows,none,extra_trees,hjorth_mobility,spectral_edge_frequency_95,0.908035054953167,0.9
1049,native_rows,none,random_forest,root_mean_square,mean_absolute_value,0.9046682270704122,0.9
1049,native_rows,none,random_forest,hjorth_complexity,median_frequency,0.9214792054860947,0.9
1049,native_rows,none,random_forest,svd_entropy,spectral_edge_frequency_95,0.9675559199923772,0.9
1049,native_rows,none,random_forest,hjorth_mobility,spectral_edge_frequency_95,0.908035054953167,0.9
1049,native_rows,jackknife_median,logistic_regression,spectral_edge_frequency_95,svd_entropy,0.9684490914636528,0.9
1049,native_rows,jackknife_median,logistic_regression,hjorth_mobility,svd_entropy,0.9786662218422278,0.9
1049,native_rows,jackknife_median,logistic_regression,mean_frequency,svd_entropy,0.9365709236797074,0.9
1049,native_rows,jackknife_median,extra_trees,spectral_edge_frequency_95,svd_entropy,0.9684490914636528,0.9
1049,native_rows,jackknife_median,extra_trees,hjorth_mobility,svd_entropy,0.9786662218422278,0.9
1049,native_rows,jackknife_median,extra_trees,mean_frequency,svd_entropy,0.9365709236797074,0.9
1049,native_rows,jackknife_median,random_forest,spectral_edge_frequency_95,svd_entropy,0.9684490914636528,0.9
1049,native_rows,jackknife_median,random_forest,hjorth_mobility,svd_entropy,0.9786662218422278,0.9
1049,native_rows,jackknife_median,random_forest,mean_frequency,svd_entropy,0.9365709236797074,0.9
1049,native_rows,calibration_median,logistic_regression,hjorth_mobility,svd_entropy,0.9789988922392309,0.9
1049,native_rows,calibration_median,logistic_regression,spectral_edge_frequency_95,svd_entropy,0.9729117870999576,0.9
1049,native_rows,calibration_median,logistic_regression,mean_frequency,svd_entropy,0.9465094421260343,0.9
1049,native_rows,calibration_median,logistic_regression,permutation_entropy,slope_sign_change_count,0.9920196299826014,0.9
1049,native_rows,calibration_median,extra_trees,hjorth_mobility,svd_entropy,0.9789988922392309,0.9
1049,native_rows,calibration_median,extra_trees,spectral_edge_frequency_95,svd_entropy,0.9729117870999576,0.9
1049,native_rows,calibration_median,extra_trees,mean_frequency,svd_entropy,0.9465094421260343,0.9
1049,native_rows,calibration_median,extra_trees,permutation_entropy,slope_sign_change_count,0.9920196299826014,0.9
1049,native_rows,calibration_median,random_forest,hjorth_mobility,svd_entropy,0.9789988922392309,0.9
1049,native_rows,calibration_median,random_forest,spectral_edge_frequency_95,svd_entropy,0.9729117870999576,0.9
1049,native_rows,calibration_median,random_forest,mean_frequency,svd_entropy,0.9465094421260343,0.9
1049,native_rows,calibration_median,random_forest,permutation_entropy,slope_sign_change_count,0.9920196299826014,0.9
1049,native_rows,calibration_median_iqr,logistic_regression,hjorth_mobility,svd_entropy,0.9793512047528878,0.9
1049,native_rows,calibration_median_iqr,logistic_regression,spectral_edge_frequency_95,svd_entropy,0.974191866453632,0.9
1049,native_rows,calibration_median_iqr,logistic_regression,mean_frequency,svd_entropy,0.9454394357549523,0.9
1049,native_rows,calibration_median_iqr,logistic_regression,permutation_entropy,slope_sign_change_count,0.9957388402849854,0.9
1049,native_rows,calibration_median_iqr,extra_trees,hjorth_mobility,svd_entropy,0.9793512047528878,0.9
1049,native_rows,calibration_median_iqr,extra_trees,spectral_edge_frequency_95,svd_entropy,0.974191866453632,0.9
1049,native_rows,calibration_median_iqr,extra_trees,mean_frequency,svd_entropy,0.9454394357549523,0.9
1049,native_rows,calibration_median_iqr,extra_trees,permutation_entropy,slope_sign_change_count,0.9957388402849854,0.9
1049,native_rows,calibration_median_iqr,random_forest,hjorth_mobility,svd_entropy,0.9793512047528878,0.9
1049,native_rows,calibration_median_iqr,random_forest,spectral_edge_frequency_95,svd_entropy,0.974191866453632,0.9
1049,native_rows,calibration_median_iqr,random_forest,mean_frequency,svd_entropy,0.9454394357549523,0.9
1049,native_rows,calibration_median_iqr,random_forest,permutation_entropy,slope_sign_change_count,0.9957388402849854,0.9
1855,common_rows,none,logistic_regression,svd_entropy,spectral_edge_frequency_95,0.9752475811800898,0.9
1855,common_rows,none,logistic_regression,root_mean_square,mean_absolute_value,0.9079704665838748,0.9
1855,common_rows,none,logistic_regression,hjorth_mobility,spectral_edge_frequency_95,0.9238628190778891,0.9
1855,common_rows,none,logistic_regression,hjorth_complexity,median_frequency,0.9188672178255611,0.9
1855,common_rows,none,logistic_regression,permutation_entropy,slope_sign_change_count,0.9980299382450191,0.9
1855,common_rows,none,extra_trees,svd_entropy,spectral_edge_frequency_95,0.9752475811800898,0.9
1855,common_rows,none,extra_trees,root_mean_square,mean_absolute_value,0.9079704665838748,0.9
1855,common_rows,none,extra_trees,hjorth_mobility,spectral_edge_frequency_95,0.9238628190778891,0.9
1855,common_rows,none,extra_trees,hjorth_complexity,median_frequency,0.9188672178255611,0.9
1855,common_rows,none,extra_trees,permutation_entropy,slope_sign_change_count,0.9980299382450191,0.9
1855,common_rows,none,random_forest,svd_entropy,spectral_edge_frequency_95,0.9752475811800898,0.9
1855,common_rows,none,random_forest,root_mean_square,mean_absolute_value,0.9079704665838748,0.9
1855,common_rows,none,random_forest,hjorth_mobility,spectral_edge_frequency_95,0.9238628190778891,0.9
1855,common_rows,none,random_forest,hjorth_complexity,median_frequency,0.9188672178255611,0.9
1855,common_rows,none,random_forest,permutation_entropy,slope_sign_change_count,0.9980299382450191,0.9
1855,common_rows,jackknife_median,logistic_regression,spectral_edge_frequency_95,svd_entropy,0.9657933143446252,0.9
1855,common_rows,jackknife_median,logistic_regression,hjorth_mobility,svd_entropy,0.978360091753887,0.9
1855,common_rows,jackknife_median,logistic_regression,mean_frequency,svd_entropy,0.9371741376739348,0.9
1855,common_rows,jackknife_median,logistic_regression,permutation_entropy,slope_sign_change_count,0.9939647830770949,0.9
1855,common_rows,jackknife_median,extra_trees,spectral_edge_frequency_95,svd_entropy,0.9657933143446252,0.9
1855,common_rows,jackknife_median,extra_trees,hjorth_mobility,svd_entropy,0.978360091753887,0.9
1855,common_rows,jackknife_median,extra_trees,mean_frequency,svd_entropy,0.9371741376739348,0.9
1855,common_rows,jackknife_median,extra_trees,permutation_entropy,slope_sign_change_count,0.9939647830770949,0.9
1855,common_rows,jackknife_median,random_forest,spectral_edge_frequency_95,svd_entropy,0.9657933143446252,0.9
1855,common_rows,jackknife_median,random_forest,hjorth_mobility,svd_entropy,0.978360091753887,0.9
1855,common_rows,jackknife_median,random_forest,mean_frequency,svd_entropy,0.9371741376739348,0.9
1855,common_rows,jackknife_median,random_forest,permutation_entropy,slope_sign_change_count,0.9939647830770949,0.9
1855,common_rows,calibration_median,logistic_regression,spectral_edge_frequency_95,svd_entropy,0.9714179990741111,0.9
1855,common_rows,calibration_median,logistic_regression,hjorth_mobility,svd_entropy,0.9770158037202777,0.9
1855,common_rows,calibration_median,logistic_regression,permutation_entropy,slope_sign_change_count,0.992450656066365,0.9
1855,common_rows,calibration_median,logistic_regression,mean_frequency,svd_entropy,0.9460183947550516,0.9
1855,common_rows,calibration_median,extra_trees,spectral_edge_frequency_95,svd_entropy,0.9714179990741111,0.9
1855,common_rows,calibration_median,extra_trees,hjorth_mobility,svd_entropy,0.9770158037202777,0.9
1855,common_rows,calibration_median,extra_trees,permutation_entropy,slope_sign_change_count,0.992450656066365,0.9
1855,common_rows,calibration_median,extra_trees,mean_frequency,svd_entropy,0.9460183947550516,0.9
1855,common_rows,calibration_median,random_forest,spectral_edge_frequency_95,svd_entropy,0.9714179990741111,0.9
1855,common_rows,calibration_median,random_forest,hjorth_mobility,svd_entropy,0.9770158037202777,0.9
1855,common_rows,calibration_median,random_forest,permutation_entropy,slope_sign_change_count,0.992450656066365,0.9
1855,common_rows,calibration_median,random_forest,mean_frequency,svd_entropy,0.9460183947550516,0.9
1855,common_rows,calibration_median_iqr,logistic_regression,svd_entropy,spectral_edge_frequency_95,0.978341334652692,0.9
1855,common_rows,calibration_median_iqr,logistic_regression,hjorth_mobility,spectral_edge_frequency_95,0.957609289756795,0.9
1855,common_rows,calibration_median_iqr,logistic_regression,permutation_entropy,slope_sign_change_count,0.9961246983591984,0.9
1855,common_rows,calibration_median_iqr,logistic_regression,mean_frequency,spectral_edge_frequency_95,0.9300964545170102,0.9
1855,common_rows,calibration_median_iqr,extra_trees,svd_entropy,spectral_edge_frequency_95,0.978341334652692,0.9
1855,common_rows,calibration_median_iqr,extra_trees,hjorth_mobility,spectral_edge_frequency_95,0.957609289756795,0.9
1855,common_rows,calibration_median_iqr,extra_trees,permutation_entropy,slope_sign_change_count,0.9961246983591984,0.9
1855,common_rows,calibration_median_iqr,extra_trees,mean_frequency,spectral_edge_frequency_95,0.9300964545170102,0.9
1855,common_rows,calibration_median_iqr,random_forest,svd_entropy,spectral_edge_frequency_95,0.978341334652692,0.9
1855,common_rows,calibration_median_iqr,random_forest,hjorth_mobility,spectral_edge_frequency_95,0.957609289756795,0.9
1855,common_rows,calibration_median_iqr,random_forest,permutation_entropy,slope_sign_change_count,0.9961246983591984,0.9
1855,common_rows,calibration_median_iqr,random_forest,mean_frequency,spectral_edge_frequency_95,0.9300964545170102,0.9
1855,native_rows,none,logistic_regression,root_mean_square,mean_absolute_value,0.90393532812767,0.9
1855,native_rows,none,logistic_regression,hjorth_mobility,spectral_edge_frequency_95,0.9219608122028052,0.9
1855,native_rows,none,logistic_regression,svd_entropy,spectral_edge_frequency_95,0.9745685796380809,0.9
1855,native_rows,none,logistic_regression,hjorth_complexity,median_frequency,0.925148474443024,0.9
1855,native_rows,none,extra_trees,root_mean_square,mean_absolute_value,0.90393532812767,0.9
1855,native_rows,none,extra_trees,hjorth_mobility,spectral_edge_frequency_95,0.9219608122028052,0.9
1855,native_rows,none,extra_trees,svd_entropy,spectral_edge_frequency_95,0.9745685796380809,0.9
1855,native_rows,none,extra_trees,hjorth_complexity,median_frequency,0.925148474443024,0.9
1855,native_rows,none,random_forest,root_mean_square,mean_absolute_value,0.90393532812767,0.9
1855,native_rows,none,random_forest,hjorth_mobility,spectral_edge_frequency_95,0.9219608122028052,0.9
1855,native_rows,none,random_forest,svd_entropy,spectral_edge_frequency_95,0.9745685796380809,0.9
1855,native_rows,none,random_forest,hjorth_complexity,median_frequency,0.925148474443024,0.9
1855,native_rows,jackknife_median,logistic_regression,spectral_edge_frequency_95,svd_entropy,0.9613603464267162,0.9
1855,native_rows,jackknife_median,logistic_regression,mean_frequency,svd_entropy,0.9309744255726407,0.9
1855,native_rows,jackknife_median,logistic_regression,hjorth_mobility,svd_entropy,0.9754633096432995,0.9
1855,native_rows,jackknife_median,extra_trees,spectral_edge_frequency_95,svd_entropy,0.9613603464267162,0.9
1855,native_rows,jackknife_median,extra_trees,mean_frequency,svd_entropy,0.9309744255726407,0.9
1855,native_rows,jackknife_median,extra_trees,hjorth_mobility,svd_entropy,0.9754633096432995,0.9
1855,native_rows,jackknife_median,random_forest,spectral_edge_frequency_95,svd_entropy,0.9613603464267162,0.9
1855,native_rows,jackknife_median,random_forest,mean_frequency,svd_entropy,0.9309744255726407,0.9
1855,native_rows,jackknife_median,random_forest,hjorth_mobility,svd_entropy,0.9754633096432995,0.9
1855,native_rows,calibration_median,logistic_regression,spectral_edge_frequency_95,svd_entropy,0.9714179990741111,0.9
1855,native_rows,calibration_median,logistic_regression,hjorth_mobility,svd_entropy,0.9770158037202777,0.9
1855,native_rows,calibration_median,logistic_regression,permutation_entropy,slope_sign_change_count,0.992450656066365,0.9
1855,native_rows,calibration_median,logistic_regression,mean_frequency,svd_entropy,0.9460183947550516,0.9
1855,native_rows,calibration_median,extra_trees,spectral_edge_frequency_95,svd_entropy,0.9714179990741111,0.9
1855,native_rows,calibration_median,extra_trees,hjorth_mobility,svd_entropy,0.9770158037202777,0.9
1855,native_rows,calibration_median,extra_trees,permutation_entropy,slope_sign_change_count,0.992450656066365,0.9
1855,native_rows,calibration_median,extra_trees,mean_frequency,svd_entropy,0.9460183947550516,0.9
1855,native_rows,calibration_median,random_forest,spectral_edge_frequency_95,svd_entropy,0.9714179990741111,0.9
1855,native_rows,calibration_median,random_forest,hjorth_mobility,svd_entropy,0.9770158037202777,0.9
1855,native_rows,calibration_median,random_forest,permutation_entropy,slope_sign_change_count,0.992450656066365,0.9
1855,native_rows,calibration_median,random_forest,mean_frequency,svd_entropy,0.9460183947550516,0.9
1855,native_rows,calibration_median_iqr,logistic_regression,svd_entropy,spectral_edge_frequency_95,0.978341334652692,0.9
1855,native_rows,calibration_median_iqr,logistic_regression,hjorth_mobility,spectral_edge_frequency_95,0.957609289756795,0.9
1855,native_rows,calibration_median_iqr,logistic_regression,permutation_entropy,slope_sign_change_count,0.9961246983591984,0.9
1855,native_rows,calibration_median_iqr,logistic_regression,mean_frequency,spectral_edge_frequency_95,0.9300964545170102,0.9
1855,native_rows,calibration_median_iqr,extra_trees,svd_entropy,spectral_edge_frequency_95,0.978341334652692,0.9
1855,native_rows,calibration_median_iqr,extra_trees,hjorth_mobility,spectral_edge_frequency_95,0.957609289756795,0.9
1855,native_rows,calibration_median_iqr,extra_trees,permutation_entropy,slope_sign_change_count,0.9961246983591984,0.9
1855,native_rows,calibration_median_iqr,extra_trees,mean_frequency,spectral_edge_frequency_95,0.9300964545170102,0.9
1855,native_rows,calibration_median_iqr,random_forest,svd_entropy,spectral_edge_frequency_95,0.978341334652692,0.9
1855,native_rows,calibration_median_iqr,random_forest,hjorth_mobility,spectral_edge_frequency_95,0.957609289756795,0.9
1855,native_rows,calibration_median_iqr,random_forest,permutation_entropy,slope_sign_change_count,0.9961246983591984,0.9
1855,native_rows,calibration_median_iqr,random_forest,mean_frequency,spectral_edge_frequency_95,0.9300964545170102,0.9
8452,common_rows,none,logistic_regression,root_mean_square,mean_absolute_value,0.9432763492243137,0.9
8452,common_rows,none,logistic_regression,svd_entropy,spectral_edge_frequency_95,0.9694802611254065,0.9
8452,common_rows,none,logistic_regression,permutation_entropy,slope_sign_change_count,0.9980121673290497,0.9
8452,common_rows,none,logistic_regression,hjorth_complexity,median_frequency,0.9271698373393822,0.9
8452,common_rows,none,logistic_regression,hjorth_mobility,spectral_edge_frequency_95,0.9137154392800667,0.9
8452,common_rows,none,extra_trees,root_mean_square,mean_absolute_value,0.9432763492243137,0.9
8452,common_rows,none,extra_trees,svd_entropy,spectral_edge_frequency_95,0.9694802611254065,0.9
8452,common_rows,none,extra_trees,permutation_entropy,slope_sign_change_count,0.9980121673290497,0.9
8452,common_rows,none,extra_trees,hjorth_complexity,median_frequency,0.9271698373393822,0.9
8452,common_rows,none,extra_trees,hjorth_mobility,spectral_edge_frequency_95,0.9137154392800667,0.9
8452,common_rows,none,random_forest,root_mean_square,mean_absolute_value,0.9432763492243137,0.9
8452,common_rows,none,random_forest,svd_entropy,spectral_edge_frequency_95,0.9694802611254065,0.9
8452,common_rows,none,random_forest,permutation_entropy,slope_sign_change_count,0.9980121673290497,0.9
8452,common_rows,none,random_forest,hjorth_complexity,median_frequency,0.9271698373393822,0.9
8452,common_rows,none,random_forest,hjorth_mobility,spectral_edge_frequency_95,0.9137154392800667,0.9
8452,common_rows,jackknife_median,logistic_regression,spectral_edge_frequency_95,svd_entropy,0.9649459897645472,0.9
8452,common_rows,jackknife_median,logistic_regression,hjorth_mobility,svd_entropy,0.9804689161391369,0.9
8452,common_rows,jackknife_median,logistic_regression,mean_frequency,svd_entropy,0.9396701374736467,0.9
8452,common_rows,jackknife_median,logistic_regression,permutation_entropy,slope_sign_change_count,0.9938942761603967,0.9
8452,common_rows,jackknife_median,extra_trees,spectral_edge_frequency_95,svd_entropy,0.9649459897645472,0.9
8452,common_rows,jackknife_median,extra_trees,hjorth_mobility,svd_entropy,0.9804689161391369,0.9
8452,common_rows,jackknife_median,extra_trees,mean_frequency,svd_entropy,0.9396701374736467,0.9
8452,common_rows,jackknife_median,extra_trees,permutation_entropy,slope_sign_change_count,0.9938942761603967,0.9
8452,common_rows,jackknife_median,random_forest,spectral_edge_frequency_95,svd_entropy,0.9649459897645472,0.9
8452,common_rows,jackknife_median,random_forest,hjorth_mobility,svd_entropy,0.9804689161391369,0.9
8452,common_rows,jackknife_median,random_forest,mean_frequency,svd_entropy,0.9396701374736467,0.9
8452,common_rows,jackknife_median,random_forest,permutation_entropy,slope_sign_change_count,0.9938942761603967,0.9
8452,common_rows,calibration_median,logistic_regression,hjorth_mobility,svd_entropy,0.9805010253179334,0.9
8452,common_rows,calibration_median,logistic_regression,mean_frequency,svd_entropy,0.9497455424651893,0.9
8452,common_rows,calibration_median,logistic_regression,spectral_edge_frequency_95,svd_entropy,0.9698228855089012,0.9
8452,common_rows,calibration_median,logistic_regression,permutation_entropy,slope_sign_change_count,0.9923345607523747,0.9
8452,common_rows,calibration_median,extra_trees,hjorth_mobility,svd_entropy,0.9805010253179334,0.9
8452,common_rows,calibration_median,extra_trees,mean_frequency,svd_entropy,0.9497455424651893,0.9
8452,common_rows,calibration_median,extra_trees,spectral_edge_frequency_95,svd_entropy,0.9698228855089012,0.9
8452,common_rows,calibration_median,extra_trees,permutation_entropy,slope_sign_change_count,0.9923345607523747,0.9
8452,common_rows,calibration_median,random_forest,hjorth_mobility,svd_entropy,0.9805010253179334,0.9
8452,common_rows,calibration_median,random_forest,mean_frequency,svd_entropy,0.9497455424651893,0.9
8452,common_rows,calibration_median,random_forest,spectral_edge_frequency_95,svd_entropy,0.9698228855089012,0.9
8452,common_rows,calibration_median,random_forest,permutation_entropy,slope_sign_change_count,0.9923345607523747,0.9
8452,common_rows,calibration_median_iqr,logistic_regression,svd_entropy,hjorth_mobility,0.9863338094179138,0.9
8452,common_rows,calibration_median_iqr,logistic_regression,spectral_edge_frequency_95,hjorth_mobility,0.9580838740838791,0.9
8452,common_rows,calibration_median_iqr,logistic_regression,mean_frequency,hjorth_mobility,0.9870218801880616,0.9
8452,common_rows,calibration_median_iqr,logistic_regression,permutation_entropy,slope_sign_change_count,0.9957367826722049,0.9
8452,common_rows,calibration_median_iqr,extra_trees,svd_entropy,hjorth_mobility,0.9863338094179138,0.9
8452,common_rows,calibration_median_iqr,extra_trees,spectral_edge_frequency_95,hjorth_mobility,0.9580838740838791,0.9
8452,common_rows,calibration_median_iqr,extra_trees,mean_frequency,hjorth_mobility,0.9870218801880616,0.9
8452,common_rows,calibration_median_iqr,extra_trees,permutation_entropy,slope_sign_change_count,0.9957367826722049,0.9
8452,common_rows,calibration_median_iqr,random_forest,svd_entropy,hjorth_mobility,0.9863338094179138,0.9
8452,common_rows,calibration_median_iqr,random_forest,spectral_edge_frequency_95,hjorth_mobility,0.9580838740838791,0.9
8452,common_rows,calibration_median_iqr,random_forest,mean_frequency,hjorth_mobility,0.9870218801880616,0.9
8452,common_rows,calibration_median_iqr,random_forest,permutation_entropy,slope_sign_change_count,0.9957367826722049,0.9
8452,native_rows,none,logistic_regression,root_mean_square,mean_absolute_value,0.940754405605345,0.9
8452,native_rows,none,logistic_regression,svd_entropy,spectral_edge_frequency_95,0.9687597132287327,0.9
8452,native_rows,none,logistic_regression,hjorth_complexity,median_frequency,0.9323746856135148,0.9
8452,native_rows,none,logistic_regression,hjorth_mobility,spectral_edge_frequency_95,0.9125663565277523,0.9
8452,native_rows,none,extra_trees,root_mean_square,mean_absolute_value,0.940754405605345,0.9
8452,native_rows,none,extra_trees,svd_entropy,spectral_edge_frequency_95,0.9687597132287327,0.9
8452,native_rows,none,extra_trees,hjorth_complexity,median_frequency,0.9323746856135148,0.9
8452,native_rows,none,extra_trees,hjorth_mobility,spectral_edge_frequency_95,0.9125663565277523,0.9
8452,native_rows,none,random_forest,root_mean_square,mean_absolute_value,0.940754405605345,0.9
8452,native_rows,none,random_forest,svd_entropy,spectral_edge_frequency_95,0.9687597132287327,0.9
8452,native_rows,none,random_forest,hjorth_complexity,median_frequency,0.9323746856135148,0.9
8452,native_rows,none,random_forest,hjorth_mobility,spectral_edge_frequency_95,0.9125663565277523,0.9
8452,native_rows,jackknife_median,logistic_regression,spectral_edge_frequency_95,svd_entropy,0.9604375114656216,0.9
8452,native_rows,jackknife_median,logistic_regression,mean_frequency,svd_entropy,0.9330327790280459,0.9
8452,native_rows,jackknife_median,logistic_regression,hjorth_mobility,svd_entropy,0.977683864862617,0.9
8452,native_rows,jackknife_median,extra_trees,spectral_edge_frequency_95,svd_entropy,0.9604375114656216,0.9
8452,native_rows,jackknife_median,extra_trees,mean_frequency,svd_entropy,0.9330327790280459,0.9
8452,native_rows,jackknife_median,extra_trees,hjorth_mobility,svd_entropy,0.977683864862617,0.9
8452,native_rows,jackknife_median,random_forest,spectral_edge_frequency_95,svd_entropy,0.9604375114656216,0.9
8452,native_rows,jackknife_median,random_forest,mean_frequency,svd_entropy,0.9330327790280459,0.9
8452,native_rows,jackknife_median,random_forest,hjorth_mobility,svd_entropy,0.977683864862617,0.9
8452,native_rows,calibration_median,logistic_regression,hjorth_mobility,svd_entropy,0.9805010253179334,0.9
8452,native_rows,calibration_median,logistic_regression,mean_frequency,svd_entropy,0.9497455424651893,0.9
8452,native_rows,calibration_median,logistic_regression,spectral_edge_frequency_95,svd_entropy,0.9698228855089012,0.9
8452,native_rows,calibration_median,logistic_regression,permutation_entropy,slope_sign_change_count,0.9923345607523747,0.9
8452,native_rows,calibration_median,extra_trees,hjorth_mobility,svd_entropy,0.9805010253179334,0.9
8452,native_rows,calibration_median,extra_trees,mean_frequency,svd_entropy,0.9497455424651893,0.9
8452,native_rows,calibration_median,extra_trees,spectral_edge_frequency_95,svd_entropy,0.9698228855089012,0.9
8452,native_rows,calibration_median,extra_trees,permutation_entropy,slope_sign_change_count,0.9923345607523747,0.9
8452,native_rows,calibration_median,random_forest,hjorth_mobility,svd_entropy,0.9805010253179334,0.9
8452,native_rows,calibration_median,random_forest,mean_frequency,svd_entropy,0.9497455424651893,0.9
8452,native_rows,calibration_median,random_forest,spectral_edge_frequency_95,svd_entropy,0.9698228855089012,0.9
8452,native_rows,calibration_median,random_forest,permutation_entropy,slope_sign_change_count,0.9923345607523747,0.9
8452,native_rows,calibration_median_iqr,logistic_regression,svd_entropy,hjorth_mobility,0.9863338094179138,0.9
8452,native_rows,calibration_median_iqr,logistic_regression,spectral_edge_frequency_95,hjorth_mobility,0.9580838740838791,0.9
8452,native_rows,calibration_median_iqr,logistic_regression,mean_frequency,hjorth_mobility,0.9870218801880616,0.9
8452,native_rows,calibration_median_iqr,logistic_regression,permutation_entropy,slope_sign_change_count,0.9957367826722049,0.9
8452,native_rows,calibration_median_iqr,extra_trees,svd_entropy,hjorth_mobility,0.9863338094179138,0.9
8452,native_rows,calibration_median_iqr,extra_trees,spectral_edge_frequency_95,hjorth_mobility,0.9580838740838791,0.9
8452,native_rows,calibration_median_iqr,extra_trees,mean_frequency,hjorth_mobility,0.9870218801880616,0.9
8452,native_rows,calibration_median_iqr,extra_trees,permutation_entropy,slope_sign_change_count,0.9957367826722049,0.9
8452,native_rows,calibration_median_iqr,random_forest,svd_entropy,hjorth_mobility,0.9863338094179138,0.9
8452,native_rows,calibration_median_iqr,random_forest,spectral_edge_frequency_95,hjorth_mobility,0.9580838740838791,0.9
8452,native_rows,calibration_median_iqr,random_forest,mean_frequency,hjorth_mobility,0.9870218801880616,0.9
8452,native_rows,calibration_median_iqr,random_forest,permutation_entropy,slope_sign_change_count,0.9957367826722049,0.9
10013,common_rows,none,logistic_regression,root_mean_square,mean_absolute_value,0.9083817313264843,0.9
10013,common_rows,none,logistic_regression,svd_entropy,spectral_edge_frequency_95,0.9645401646698054,0.9
10013,common_rows,none,logistic_regression,permutation_entropy,slope_sign_change_count,0.9979008869118857,0.9
10013,common_rows,none,logistic_regression,hjorth_mobility,spectral_edge_frequency_95,0.906232425413646,0.9
10013,common_rows,none,logistic_regression,hjorth_complexity,median_frequency,0.9250758764905481,0.9
10013,common_rows,none,extra_trees,root_mean_square,mean_absolute_value,0.9083817313264843,0.9
10013,common_rows,none,extra_trees,svd_entropy,spectral_edge_frequency_95,0.9645401646698054,0.9
10013,common_rows,none,extra_trees,permutation_entropy,slope_sign_change_count,0.9979008869118857,0.9
10013,common_rows,none,extra_trees,hjorth_mobility,spectral_edge_frequency_95,0.906232425413646,0.9
10013,common_rows,none,extra_trees,hjorth_complexity,median_frequency,0.9250758764905481,0.9
10013,common_rows,none,random_forest,root_mean_square,mean_absolute_value,0.9083817313264843,0.9
10013,common_rows,none,random_forest,svd_entropy,spectral_edge_frequency_95,0.9645401646698054,0.9
10013,common_rows,none,random_forest,permutation_entropy,slope_sign_change_count,0.9979008869118857,0.9
10013,common_rows,none,random_forest,hjorth_mobility,spectral_edge_frequency_95,0.906232425413646,0.9
10013,common_rows,none,random_forest,hjorth_complexity,median_frequency,0.9250758764905481,0.9
10013,common_rows,jackknife_median,logistic_regression,spectral_edge_frequency_95,svd_entropy,0.9662862307820164,0.9
10013,common_rows,jackknife_median,logistic_regression,hjorth_mobility,svd_entropy,0.9782895630378953,0.9
10013,common_rows,jackknife_median,logistic_regression,mean_frequency,svd_entropy,0.9343786963104075,0.9
10013,common_rows,jackknife_median,extra_trees,spectral_edge_frequency_95,svd_entropy,0.9662862307820164,0.9
10013,common_rows,jackknife_median,extra_trees,hjorth_mobility,svd_entropy,0.9782895630378953,0.9
10013,common_rows,jackknife_median,extra_trees,mean_frequency,svd_entropy,0.9343786963104075,0.9
10013,common_rows,jackknife_median,random_forest,spectral_edge_frequency_95,svd_entropy,0.9662862307820164,0.9
10013,common_rows,jackknife_median,random_forest,hjorth_mobility,svd_entropy,0.9782895630378953,0.9
10013,common_rows,jackknife_median,random_forest,mean_frequency,svd_entropy,0.9343786963104075,0.9
10013,common_rows,calibration_median,logistic_regression,spectral_edge_frequency_95,svd_entropy,0.970581435192731,0.9
10013,common_rows,calibration_median,logistic_regression,mean_frequency,svd_entropy,0.9411029739090426,0.9
10013,common_rows,calibration_median,logistic_regression,permutation_entropy,slope_sign_change_count,0.9933686800195722,0.9
10013,common_rows,calibration_median,logistic_regression,hjorth_mobility,svd_entropy,0.9759805114153192,0.9
10013,common_rows,calibration_median,extra_trees,spectral_edge_frequency_95,svd_entropy,0.970581435192731,0.9
10013,common_rows,calibration_median,extra_trees,mean_frequency,svd_entropy,0.9411029739090426,0.9
10013,common_rows,calibration_median,extra_trees,permutation_entropy,slope_sign_change_count,0.9933686800195722,0.9
10013,common_rows,calibration_median,extra_trees,hjorth_mobility,svd_entropy,0.9759805114153192,0.9
10013,common_rows,calibration_median,random_forest,spectral_edge_frequency_95,svd_entropy,0.970581435192731,0.9
10013,common_rows,calibration_median,random_forest,mean_frequency,svd_entropy,0.9411029739090426,0.9
10013,common_rows,calibration_median,random_forest,permutation_entropy,slope_sign_change_count,0.9933686800195722,0.9
10013,common_rows,calibration_median,random_forest,hjorth_mobility,svd_entropy,0.9759805114153192,0.9
10013,common_rows,calibration_median_iqr,logistic_regression,spectral_edge_frequency_95,hjorth_mobility,0.9460240213828026,0.9
10013,common_rows,calibration_median_iqr,logistic_regression,mean_frequency,median_frequency,0.9175040561301616,0.9
10013,common_rows,calibration_median_iqr,logistic_regression,svd_entropy,hjorth_mobility,0.9784525528679482,0.9
10013,common_rows,calibration_median_iqr,logistic_regression,permutation_entropy,slope_sign_change_count,0.9954867313775921,0.9
10013,common_rows,calibration_median_iqr,extra_trees,spectral_edge_frequency_95,hjorth_mobility,0.9460240213828026,0.9
10013,common_rows,calibration_median_iqr,extra_trees,mean_frequency,median_frequency,0.9175040561301616,0.9
10013,common_rows,calibration_median_iqr,extra_trees,svd_entropy,hjorth_mobility,0.9784525528679482,0.9
10013,common_rows,calibration_median_iqr,extra_trees,permutation_entropy,slope_sign_change_count,0.9954867313775921,0.9
10013,common_rows,calibration_median_iqr,random_forest,spectral_edge_frequency_95,hjorth_mobility,0.9460240213828026,0.9
10013,common_rows,calibration_median_iqr,random_forest,mean_frequency,median_frequency,0.9175040561301616,0.9
10013,common_rows,calibration_median_iqr,random_forest,svd_entropy,hjorth_mobility,0.9784525528679482,0.9
10013,common_rows,calibration_median_iqr,random_forest,permutation_entropy,slope_sign_change_count,0.9954867313775921,0.9
10013,native_rows,none,logistic_regression,root_mean_square,mean_absolute_value,0.904593216886435,0.9
10013,native_rows,none,logistic_regression,hjorth_mobility,spectral_edge_frequency_95,0.907259092210232,0.9
10013,native_rows,none,logistic_regression,svd_entropy,spectral_edge_frequency_95,0.9648695904578922,0.9
10013,native_rows,none,logistic_regression,hjorth_complexity,median_frequency,0.9288576908736819,0.9
10013,native_rows,none,extra_trees,root_mean_square,mean_absolute_value,0.904593216886435,0.9
10013,native_rows,none,extra_trees,hjorth_mobility,spectral_edge_frequency_95,0.907259092210232,0.9
10013,native_rows,none,extra_trees,svd_entropy,spectral_edge_frequency_95,0.9648695904578922,0.9
10013,native_rows,none,extra_trees,hjorth_complexity,median_frequency,0.9288576908736819,0.9
10013,native_rows,none,random_forest,root_mean_square,mean_absolute_value,0.904593216886435,0.9
10013,native_rows,none,random_forest,hjorth_mobility,spectral_edge_frequency_95,0.907259092210232,0.9
10013,native_rows,none,random_forest,svd_entropy,spectral_edge_frequency_95,0.9648695904578922,0.9
10013,native_rows,none,random_forest,hjorth_complexity,median_frequency,0.9288576908736819,0.9
10013,native_rows,jackknife_median,logistic_regression,spectral_edge_frequency_95,svd_entropy,0.961288323142675,0.9
10013,native_rows,jackknife_median,logistic_regression,mean_frequency,svd_entropy,0.9281879043355215,0.9
10013,native_rows,jackknife_median,logistic_regression,hjorth_mobility,svd_entropy,0.9755077112109154,0.9
10013,native_rows,jackknife_median,extra_trees,spectral_edge_frequency_95,svd_entropy,0.961288323142675,0.9
10013,native_rows,jackknife_median,extra_trees,mean_frequency,svd_entropy,0.9281879043355215,0.9
10013,native_rows,jackknife_median,extra_trees,hjorth_mobility,svd_entropy,0.9755077112109154,0.9
10013,native_rows,jackknife_median,random_forest,spectral_edge_frequency_95,svd_entropy,0.961288323142675,0.9
10013,native_rows,jackknife_median,random_forest,mean_frequency,svd_entropy,0.9281879043355215,0.9
10013,native_rows,jackknife_median,random_forest,hjorth_mobility,svd_entropy,0.9755077112109154,0.9
10013,native_rows,calibration_median,logistic_regression,spectral_edge_frequency_95,svd_entropy,0.970581435192731,0.9
10013,native_rows,calibration_median,logistic_regression,mean_frequency,svd_entropy,0.9411029739090426,0.9
10013,native_rows,calibration_median,logistic_regression,permutation_entropy,slope_sign_change_count,0.9933686800195722,0.9
10013,native_rows,calibration_median,logistic_regression,hjorth_mobility,svd_entropy,0.9759805114153192,0.9
10013,native_rows,calibration_median,extra_trees,spectral_edge_frequency_95,svd_entropy,0.970581435192731,0.9
10013,native_rows,calibration_median,extra_trees,mean_frequency,svd_entropy,0.9411029739090426,0.9
10013,native_rows,calibration_median,extra_trees,permutation_entropy,slope_sign_change_count,0.9933686800195722,0.9
10013,native_rows,calibration_median,extra_trees,hjorth_mobility,svd_entropy,0.9759805114153192,0.9
10013,native_rows,calibration_median,random_forest,spectral_edge_frequency_95,svd_entropy,0.970581435192731,0.9
10013,native_rows,calibration_median,random_forest,mean_frequency,svd_entropy,0.9411029739090426,0.9
10013,native_rows,calibration_median,random_forest,permutation_entropy,slope_sign_change_count,0.9933686800195722,0.9
10013,native_rows,calibration_median,random_forest,hjorth_mobility,svd_entropy,0.9759805114153192,0.9
10013,native_rows,calibration_median_iqr,logistic_regression,spectral_edge_frequency_95,hjorth_mobility,0.9460240213828026,0.9
10013,native_rows,calibration_median_iqr,logistic_regression,mean_frequency,median_frequency,0.9175040561301616,0.9
10013,native_rows,calibration_median_iqr,logistic_regression,svd_entropy,hjorth_mobility,0.9784525528679482,0.9
10013,native_rows,calibration_median_iqr,logistic_regression,permutation_entropy,slope_sign_change_count,0.9954867313775921,0.9
10013,native_rows,calibration_median_iqr,extra_trees,spectral_edge_frequency_95,hjorth_mobility,0.9460240213828026,0.9
10013,native_rows,calibration_median_iqr,extra_trees,mean_frequency,median_frequency,0.9175040561301616,0.9
10013,native_rows,calibration_median_iqr,extra_trees,svd_entropy,hjorth_mobility,0.9784525528679482,0.9
10013,native_rows,calibration_median_iqr,extra_trees,permutation_entropy,slope_sign_change_count,0.9954867313775921,0.9
10013,native_rows,calibration_median_iqr,random_forest,spectral_edge_frequency_95,hjorth_mobility,0.9460240213828026,0.9
10013,native_rows,calibration_median_iqr,random_forest,mean_frequency,median_frequency,0.9175040561301616,0.9
10013,native_rows,calibration_median_iqr,random_forest,svd_entropy,hjorth_mobility,0.9784525528679482,0.9
10013,native_rows,calibration_median_iqr,random_forest,permutation_entropy,slope_sign_change_count,0.9954867313775921,0.9
26398,common_rows,none,logistic_regression,root_mean_square,mean_absolute_value,0.9137605450278901,0.9
26398,common_rows,none,logistic_regression,svd_entropy,spectral_edge_frequency_95,0.9652846907240987,0.9
26398,common_rows,none,logistic_regression,permutation_entropy,slope_sign_change_count,0.9981938462256986,0.9
26398,common_rows,none,logistic_regression,hjorth_mobility,spectral_edge_frequency_95,0.9032100567715738,0.9
26398,common_rows,none,logistic_regression,median_frequency,hjorth_complexity,0.9463703608939502,0.9
26398,common_rows,none,extra_trees,root_mean_square,mean_absolute_value,0.9137605450278901,0.9
26398,common_rows,none,extra_trees,svd_entropy,spectral_edge_frequency_95,0.9652846907240987,0.9
26398,common_rows,none,extra_trees,permutation_entropy,slope_sign_change_count,0.9981938462256986,0.9
26398,common_rows,none,extra_trees,hjorth_mobility,spectral_edge_frequency_95,0.9032100567715738,0.9
26398,common_rows,none,extra_trees,median_frequency,hjorth_complexity,0.9463703608939502,0.9
26398,common_rows,none,random_forest,root_mean_square,mean_absolute_value,0.9137605450278901,0.9
26398,common_rows,none,random_forest,svd_entropy,spectral_edge_frequency_95,0.9652846907240987,0.9
26398,common_rows,none,random_forest,permutation_entropy,slope_sign_change_count,0.9981938462256986,0.9
26398,common_rows,none,random_forest,hjorth_mobility,spectral_edge_frequency_95,0.9032100567715738,0.9
26398,common_rows,none,random_forest,median_frequency,hjorth_complexity,0.9463703608939502,0.9
26398,common_rows,jackknife_median,logistic_regression,spectral_edge_frequency_95,svd_entropy,0.967862795337356,0.9
26398,common_rows,jackknife_median,logistic_regression,hjorth_mobility,svd_entropy,0.9795393528973547,0.9
26398,common_rows,jackknife_median,logistic_regression,mean_frequency,svd_entropy,0.9386548688121306,0.9
26398,common_rows,jackknife_median,logistic_regression,permutation_entropy,slope_sign_change_count,0.9944039178150597,0.9
26398,common_rows,jackknife_median,extra_trees,spectral_edge_frequency_95,svd_entropy,0.967862795337356,0.9
26398,common_rows,jackknife_median,extra_trees,hjorth_mobility,svd_entropy,0.9795393528973547,0.9
26398,common_rows,jackknife_median,extra_trees,mean_frequency,svd_entropy,0.9386548688121306,0.9
26398,common_rows,jackknife_median,extra_trees,permutation_entropy,slope_sign_change_count,0.9944039178150597,0.9
26398,common_rows,jackknife_median,random_forest,spectral_edge_frequency_95,svd_entropy,0.967862795337356,0.9
26398,common_rows,jackknife_median,random_forest,hjorth_mobility,svd_entropy,0.9795393528973547,0.9
26398,common_rows,jackknife_median,random_forest,mean_frequency,svd_entropy,0.9386548688121306,0.9
26398,common_rows,jackknife_median,random_forest,permutation_entropy,slope_sign_change_count,0.9944039178150597,0.9
26398,common_rows,calibration_median,logistic_regression,spectral_edge_frequency_95,svd_entropy,0.9724623502606852,0.9
26398,common_rows,calibration_median,logistic_regression,hjorth_mobility,svd_entropy,0.9770176810879864,0.9
26398,common_rows,calibration_median,logistic_regression,mean_frequency,svd_entropy,0.943663729325154,0.9
26398,common_rows,calibration_median,logistic_regression,permutation_entropy,slope_sign_change_count,0.9922683749262625,0.9
26398,common_rows,calibration_median,extra_trees,spectral_edge_frequency_95,svd_entropy,0.9724623502606852,0.9
26398,common_rows,calibration_median,extra_trees,hjorth_mobility,svd_entropy,0.9770176810879864,0.9
26398,common_rows,calibration_median,extra_trees,mean_frequency,svd_entropy,0.943663729325154,0.9
26398,common_rows,calibration_median,extra_trees,permutation_entropy,slope_sign_change_count,0.9922683749262625,0.9
26398,common_rows,calibration_median,random_forest,spectral_edge_frequency_95,svd_entropy,0.9724623502606852,0.9
26398,common_rows,calibration_median,random_forest,hjorth_mobility,svd_entropy,0.9770176810879864,0.9
26398,common_rows,calibration_median,random_forest,mean_frequency,svd_entropy,0.943663729325154,0.9
26398,common_rows,calibration_median,random_forest,permutation_entropy,slope_sign_change_count,0.9922683749262625,0.9
26398,common_rows,calibration_median_iqr,logistic_regression,hjorth_mobility,svd_entropy,0.9792827968591151,0.9
26398,common_rows,calibration_median_iqr,logistic_regression,spectral_edge_frequency_95,svd_entropy,0.9761877811831559,0.9
26398,common_rows,calibration_median_iqr,logistic_regression,mean_frequency,svd_entropy,0.9452220388390601,0.9
26398,common_rows,calibration_median_iqr,logistic_regression,permutation_entropy,slope_sign_change_count,0.9958462518272141,0.9
26398,common_rows,calibration_median_iqr,extra_trees,hjorth_mobility,svd_entropy,0.9792827968591151,0.9
26398,common_rows,calibration_median_iqr,extra_trees,spectral_edge_frequency_95,svd_entropy,0.9761877811831559,0.9
26398,common_rows,calibration_median_iqr,extra_trees,mean_frequency,svd_entropy,0.9452220388390601,0.9
26398,common_rows,calibration_median_iqr,extra_trees,permutation_entropy,slope_sign_change_count,0.9958462518272141,0.9
26398,common_rows,calibration_median_iqr,random_forest,hjorth_mobility,svd_entropy,0.9792827968591151,0.9
26398,common_rows,calibration_median_iqr,random_forest,spectral_edge_frequency_95,svd_entropy,0.9761877811831559,0.9
26398,common_rows,calibration_median_iqr,random_forest,mean_frequency,svd_entropy,0.9452220388390601,0.9
26398,common_rows,calibration_median_iqr,random_forest,permutation_entropy,slope_sign_change_count,0.9958462518272141,0.9
26398,native_rows,none,logistic_regression,root_mean_square,mean_absolute_value,0.9100736150904081,0.9
26398,native_rows,none,logistic_regression,svd_entropy,spectral_edge_frequency_95,0.9667433759800821,0.9
26398,native_rows,none,logistic_regression,hjorth_complexity,median_frequency,0.9491332324120513,0.9
26398,native_rows,none,logistic_regression,hjorth_mobility,spectral_edge_frequency_95,0.906350566327673,0.9
26398,native_rows,none,logistic_regression,slope_sign_change_count,permutation_entropy,0.9983920248543967,0.9
26398,native_rows,none,extra_trees,root_mean_square,mean_absolute_value,0.9100736150904081,0.9
26398,native_rows,none,extra_trees,svd_entropy,spectral_edge_frequency_95,0.9667433759800821,0.9
26398,native_rows,none,extra_trees,hjorth_complexity,median_frequency,0.9491332324120513,0.9
26398,native_rows,none,extra_trees,hjorth_mobility,spectral_edge_frequency_95,0.906350566327673,0.9
26398,native_rows,none,extra_trees,slope_sign_change_count,permutation_entropy,0.9983920248543967,0.9
26398,native_rows,none,random_forest,root_mean_square,mean_absolute_value,0.9100736150904081,0.9
26398,native_rows,none,random_forest,svd_entropy,spectral_edge_frequency_95,0.9667433759800821,0.9
26398,native_rows,none,random_forest,hjorth_complexity,median_frequency,0.9491332324120513,0.9
26398,native_rows,none,random_forest,hjorth_mobility,spectral_edge_frequency_95,0.906350566327673,0.9
26398,native_rows,none,random_forest,slope_sign_change_count,permutation_entropy,0.9983920248543967,0.9
26398,native_rows,jackknife_median,logistic_regression,spectral_edge_frequency_95,svd_entropy,0.9629706760355039,0.9
26398,native_rows,jackknife_median,logistic_regression,hjorth_mobility,svd_entropy,0.97669918211983,0.9
26398,native_rows,jackknife_median,logistic_regression,mean_frequency,svd_entropy,0.93158417037288,0.9
26398,native_rows,jackknife_median,extra_trees,spectral_edge_frequency_95,svd_entropy,0.9629706760355039,0.9
26398,native_rows,jackknife_median,extra_trees,hjorth_mobility,svd_entropy,0.97669918211983,0.9
26398,native_rows,jackknife_median,extra_trees,mean_frequency,svd_entropy,0.93158417037288,0.9
26398,native_rows,jackknife_median,random_forest,spectral_edge_frequency_95,svd_entropy,0.9629706760355039,0.9
26398,native_rows,jackknife_median,random_forest,hjorth_mobility,svd_entropy,0.97669918211983,0.9
26398,native_rows,jackknife_median,random_forest,mean_frequency,svd_entropy,0.93158417037288,0.9
26398,native_rows,calibration_median,logistic_regression,spectral_edge_frequency_95,svd_entropy,0.9724623502606852,0.9
26398,native_rows,calibration_median,logistic_regression,hjorth_mobility,svd_entropy,0.9770176810879864,0.9
26398,native_rows,calibration_median,logistic_regression,mean_frequency,svd_entropy,0.943663729325154,0.9
26398,native_rows,calibration_median,logistic_regression,permutation_entropy,slope_sign_change_count,0.9922683749262625,0.9
26398,native_rows,calibration_median,extra_trees,spectral_edge_frequency_95,svd_entropy,0.9724623502606852,0.9
26398,native_rows,calibration_median,extra_trees,hjorth_mobility,svd_entropy,0.9770176810879864,0.9
26398,native_rows,calibration_median,extra_trees,mean_frequency,svd_entropy,0.943663729325154,0.9
26398,native_rows,calibration_median,extra_trees,permutation_entropy,slope_sign_change_count,0.9922683749262625,0.9
26398,native_rows,calibration_median,random_forest,spectral_edge_frequency_95,svd_entropy,0.9724623502606852,0.9
26398,native_rows,calibration_median,random_forest,hjorth_mobility,svd_entropy,0.9770176810879864,0.9
26398,native_rows,calibration_median,random_forest,mean_frequency,svd_entropy,0.943663729325154,0.9
26398,native_rows,calibration_median,random_forest,permutation_entropy,slope_sign_change_count,0.9922683749262625,0.9
26398,native_rows,calibration_median_iqr,logistic_regression,hjorth_mobility,svd_entropy,0.9792827968591151,0.9
26398,native_rows,calibration_median_iqr,logistic_regression,spectral_edge_frequency_95,svd_entropy,0.9761877811831559,0.9
26398,native_rows,calibration_median_iqr,logistic_regression,mean_frequency,svd_entropy,0.9452220388390601,0.9
26398,native_rows,calibration_median_iqr,logistic_regression,permutation_entropy,slope_sign_change_count,0.9958462518272141,0.9
26398,native_rows,calibration_median_iqr,extra_trees,hjorth_mobility,svd_entropy,0.9792827968591151,0.9
26398,native_rows,calibration_median_iqr,extra_trees,spectral_edge_frequency_95,svd_entropy,0.9761877811831559,0.9
26398,native_rows,calibration_median_iqr,extra_trees,mean_frequency,svd_entropy,0.9452220388390601,0.9
26398,native_rows,calibration_median_iqr,extra_trees,permutation_entropy,slope_sign_change_count,0.9958462518272141,0.9
26398,native_rows,calibration_median_iqr,random_forest,hjorth_mobility,svd_entropy,0.9792827968591151,0.9
26398,native_rows,calibration_median_iqr,random_forest,spectral_edge_frequency_95,svd_entropy,0.9761877811831559,0.9
26398,native_rows,calibration_median_iqr,random_forest,mean_frequency,svd_entropy,0.9452220388390601,0.9
26398,native_rows,calibration_median_iqr,random_forest,permutation_entropy,slope_sign_change_count,0.9958462518272141,0.9
26502,common_rows,none,logistic_regression,root_mean_square,mean_absolute_value,0.9327849647582792,0.9
26502,common_rows,none,logistic_regression,svd_entropy,spectral_edge_frequency_95,0.9663556257498658,0.9
26502,common_rows,none,logistic_regression,hjorth_complexity,median_frequency,0.9300928749929981,0.9
26502,common_rows,none,logistic_regression,slope_sign_change_count,permutation_entropy,0.9981259803676114,0.9
26502,common_rows,none,logistic_regression,hjorth_mobility,spectral_edge_frequency_95,0.9099259811744188,0.9
26502,common_rows,none,extra_trees,root_mean_square,mean_absolute_value,0.9327849647582792,0.9
26502,common_rows,none,extra_trees,svd_entropy,spectral_edge_frequency_95,0.9663556257498658,0.9
26502,common_rows,none,extra_trees,hjorth_complexity,median_frequency,0.9300928749929981,0.9
26502,common_rows,none,extra_trees,slope_sign_change_count,permutation_entropy,0.9981259803676114,0.9
26502,common_rows,none,extra_trees,hjorth_mobility,spectral_edge_frequency_95,0.9099259811744188,0.9
26502,common_rows,none,random_forest,root_mean_square,mean_absolute_value,0.9327849647582792,0.9
26502,common_rows,none,random_forest,svd_entropy,spectral_edge_frequency_95,0.9663556257498658,0.9
26502,common_rows,none,random_forest,hjorth_complexity,median_frequency,0.9300928749929981,0.9
26502,common_rows,none,random_forest,slope_sign_change_count,permutation_entropy,0.9981259803676114,0.9
26502,common_rows,none,random_forest,hjorth_mobility,spectral_edge_frequency_95,0.9099259811744188,0.9
26502,common_rows,jackknife_median,logistic_regression,spectral_edge_frequency_95,svd_entropy,0.9649313946023426,0.9
26502,common_rows,jackknife_median,logistic_regression,hjorth_mobility,svd_entropy,0.9790298508936008,0.9
26502,common_rows,jackknife_median,logistic_regression,mean_frequency,svd_entropy,0.9370912381614506,0.9
26502,common_rows,jackknife_median,logistic_regression,permutation_entropy,slope_sign_change_count,0.9935108030160553,0.9
26502,common_rows,jackknife_median,extra_trees,spectral_edge_frequency_95,svd_entropy,0.9649313946023426,0.9
26502,common_rows,jackknife_median,extra_trees,hjorth_mobility,svd_entropy,0.9790298508936008,0.9
26502,common_rows,jackknife_median,extra_trees,mean_frequency,svd_entropy,0.9370912381614506,0.9
26502,common_rows,jackknife_median,extra_trees,permutation_entropy,slope_sign_change_count,0.9935108030160553,0.9
26502,common_rows,jackknife_median,random_forest,spectral_edge_frequency_95,svd_entropy,0.9649313946023426,0.9
26502,common_rows,jackknife_median,random_forest,hjorth_mobility,svd_entropy,0.9790298508936008,0.9
26502,common_rows,jackknife_median,random_forest,mean_frequency,svd_entropy,0.9370912381614506,0.9
26502,common_rows,jackknife_median,random_forest,permutation_entropy,slope_sign_change_count,0.9935108030160553,0.9
26502,common_rows,calibration_median,logistic_regression,hjorth_mobility,svd_entropy,0.9768931211085323,0.9
26502,common_rows,calibration_median,logistic_regression,spectral_edge_frequency_95,svd_entropy,0.9689874507420491,0.9
26502,common_rows,calibration_median,logistic_regression,mean_frequency,svd_entropy,0.9442434397454076,0.9
26502,common_rows,calibration_median,logistic_regression,permutation_entropy,slope_sign_change_count,0.9923502005323559,0.9
26502,common_rows,calibration_median,extra_trees,hjorth_mobility,svd_entropy,0.9768931211085323,0.9
26502,common_rows,calibration_median,extra_trees,spectral_edge_frequency_95,svd_entropy,0.9689874507420491,0.9
26502,common_rows,calibration_median,extra_trees,mean_frequency,svd_entropy,0.9442434397454076,0.9
26502,common_rows,calibration_median,extra_trees,permutation_entropy,slope_sign_change_count,0.9923502005323559,0.9
26502,common_rows,calibration_median,random_forest,hjorth_mobility,svd_entropy,0.9768931211085323,0.9
26502,common_rows,calibration_median,random_forest,spectral_edge_frequency_95,svd_entropy,0.9689874507420491,0.9
26502,common_rows,calibration_median,random_forest,mean_frequency,svd_entropy,0.9442434397454076,0.9
26502,common_rows,calibration_median,random_forest,permutation_entropy,slope_sign_change_count,0.9923502005323559,0.9
26502,common_rows,calibration_median_iqr,logistic_regression,spectral_edge_frequency_95,svd_entropy,0.9742520318660743,0.9
26502,common_rows,calibration_median_iqr,logistic_regression,hjorth_mobility,svd_entropy,0.9781915187497788,0.9
26502,common_rows,calibration_median_iqr,logistic_regression,mean_frequency,median_frequency,0.9138463266555199,0.9
26502,common_rows,calibration_median_iqr,extra_trees,spectral_edge_frequency_95,svd_entropy,0.9742520318660743,0.9
26502,common_rows,calibration_median_iqr,extra_trees,hjorth_mobility,svd_entropy,0.9781915187497788,0.9
26502,common_rows,calibration_median_iqr,extra_trees,mean_frequency,median_frequency,0.9138463266555199,0.9
26502,common_rows,calibration_median_iqr,random_forest,spectral_edge_frequency_95,svd_entropy,0.9742520318660743,0.9
26502,common_rows,calibration_median_iqr,random_forest,hjorth_mobility,svd_entropy,0.9781915187497788,0.9
26502,common_rows,calibration_median_iqr,random_forest,mean_frequency,median_frequency,0.9138463266555199,0.9
26502,native_rows,none,logistic_regression,root_mean_square,mean_absolute_value,0.9291076798501902,0.9
26502,native_rows,none,logistic_regression,svd_entropy,spectral_edge_frequency_95,0.9658649429299448,0.9
26502,native_rows,none,logistic_regression,hjorth_complexity,median_frequency,0.9338697775069768,0.9
26502,native_rows,none,logistic_regression,hjorth_mobility,spectral_edge_frequency_95,0.9094863914239076,0.9
26502,native_rows,none,logistic_regression,permutation_entropy,slope_sign_change_count,0.9983398722623847,0.9
26502,native_rows,none,extra_trees,root_mean_square,mean_absolute_value,0.9291076798501902,0.9
26502,native_rows,none,extra_trees,svd_entropy,spectral_edge_frequency_95,0.9658649429299448,0.9
26502,native_rows,none,extra_trees,hjorth_complexity,median_frequency,0.9338697775069768,0.9
26502,native_rows,none,extra_trees,hjorth_mobility,spectral_edge_frequency_95,0.9094863914239076,0.9
26502,native_rows,none,extra_trees,permutation_entropy,slope_sign_change_count,0.9983398722623847,0.9
26502,native_rows,none,random_forest,root_mean_square,mean_absolute_value,0.9291076798501902,0.9
26502,native_rows,none,random_forest,svd_entropy,spectral_edge_frequency_95,0.9658649429299448,0.9
26502,native_rows,none,random_forest,hjorth_complexity,median_frequency,0.9338697775069768,0.9
26502,native_rows,none,random_forest,hjorth_mobility,spectral_edge_frequency_95,0.9094863914239076,0.9
26502,native_rows,none,random_forest,permutation_entropy,slope_sign_change_count,0.9983398722623847,0.9
26502,native_rows,jackknife_median,logistic_regression,spectral_edge_frequency_95,svd_entropy,0.9605699152935444,0.9
26502,native_rows,jackknife_median,logistic_regression,hjorth_mobility,svd_entropy,0.9760525563499435,0.9
26502,native_rows,jackknife_median,logistic_regression,mean_frequency,svd_entropy,0.9301564949162203,0.9
26502,native_rows,jackknife_median,extra_trees,spectral_edge_frequency_95,svd_entropy,0.9605699152935444,0.9
26502,native_rows,jackknife_median,extra_trees,hjorth_mobility,svd_entropy,0.9760525563499435,0.9
26502,native_rows,jackknife_median,extra_trees,mean_frequency,svd_entropy,0.9301564949162203,0.9
26502,native_rows,jackknife_median,random_forest,spectral_edge_frequency_95,svd_entropy,0.9605699152935444,0.9
26502,native_rows,jackknife_median,random_forest,hjorth_mobility,svd_entropy,0.9760525563499435,0.9
26502,native_rows,jackknife_median,random_forest,mean_frequency,svd_entropy,0.9301564949162203,0.9
26502,native_rows,calibration_median,logistic_regression,hjorth_mobility,svd_entropy,0.9768931211085323,0.9
26502,native_rows,calibration_median,logistic_regression,spectral_edge_frequency_95,svd_entropy,0.9689874507420491,0.9
26502,native_rows,calibration_median,logistic_regression,mean_frequency,svd_entropy,0.9442434397454076,0.9
26502,native_rows,calibration_median,logistic_regression,permutation_entropy,slope_sign_change_count,0.9923502005323559,0.9
26502,native_rows,calibration_median,extra_trees,hjorth_mobility,svd_entropy,0.9768931211085323,0.9
26502,native_rows,calibration_median,extra_trees,spectral_edge_frequency_95,svd_entropy,0.9689874507420491,0.9
26502,native_rows,calibration_median,extra_trees,mean_frequency,svd_entropy,0.9442434397454076,0.9
26502,native_rows,calibration_median,extra_trees,permutation_entropy,slope_sign_change_count,0.9923502005323559,0.9
26502,native_rows,calibration_median,random_forest,hjorth_mobility,svd_entropy,0.9768931211085323,0.9
26502,native_rows,calibration_median,random_forest,spectral_edge_frequency_95,svd_entropy,0.9689874507420491,0.9
26502,native_rows,calibration_median,random_forest,mean_frequency,svd_entropy,0.9442434397454076,0.9
26502,native_rows,calibration_median,random_forest,permutation_entropy,slope_sign_change_count,0.9923502005323559,0.9
26502,native_rows,calibration_median_iqr,logistic_regression,spectral_edge_frequency_95,svd_entropy,0.9742520318660743,0.9
26502,native_rows,calibration_median_iqr,logistic_regression,hjorth_mobility,svd_entropy,0.9781915187497788,0.9
26502,native_rows,calibration_median_iqr,logistic_regression,mean_frequency,median_frequency,0.9138463266555199,0.9
26502,native_rows,calibration_median_iqr,extra_trees,spectral_edge_frequency_95,svd_entropy,0.9742520318660743,0.9
26502,native_rows,calibration_median_iqr,extra_trees,hjorth_mobility,svd_entropy,0.9781915187497788,0.9
26502,native_rows,calibration_median_iqr,extra_trees,mean_frequency,median_frequency,0.9138463266555199,0.9
26502,native_rows,calibration_median_iqr,random_forest,spectral_edge_frequency_95,svd_entropy,0.9742520318660743,0.9
26502,native_rows,calibration_median_iqr,random_forest,hjorth_mobility,svd_entropy,0.9781915187497788,0.9
26502,native_rows,calibration_median_iqr,random_forest,mean_frequency,median_frequency,0.9138463266555199,0.9
27245,common_rows,none,logistic_regression,svd_entropy,spectral_edge_frequency_95,0.9577228178160136,0.9
27245,common_rows,none,logistic_regression,median_frequency,hjorth_complexity,0.9142525746379893,0.9
27245,common_rows,none,extra_trees,svd_entropy,spectral_edge_frequency_95,0.9577228178160136,0.9
27245,common_rows,none,extra_trees,median_frequency,hjorth_complexity,0.9142525746379893,0.9
27245,common_rows,none,random_forest,svd_entropy,spectral_edge_frequency_95,0.9577228178160136,0.9
27245,common_rows,none,random_forest,median_frequency,hjorth_complexity,0.9142525746379893,0.9
27245,common_rows,jackknife_median,logistic_regression,spectral_edge_frequency_95,svd_entropy,0.9697779647390966,0.9
27245,common_rows,jackknife_median,logistic_regression,mean_frequency,svd_entropy,0.9386327811193872,0.9
27245,common_rows,jackknife_median,logistic_regression,hjorth_mobility,svd_entropy,0.9800057559753457,0.9
27245,common_rows,jackknife_median,extra_trees,spectral_edge_frequency_95,svd_entropy,0.9697779647390966,0.9
27245,common_rows,jackknife_median,extra_trees,mean_frequency,svd_entropy,0.9386327811193872,0.9
27245,common_rows,jackknife_median,extra_trees,hjorth_mobility,svd_entropy,0.9800057559753457,0.9
27245,common_rows,jackknife_median,random_forest,spectral_edge_frequency_95,svd_entropy,0.9697779647390966,0.9
27245,common_rows,jackknife_median,random_forest,mean_frequency,svd_entropy,0.9386327811193872,0.9
27245,common_rows,jackknife_median,random_forest,hjorth_mobility,svd_entropy,0.9800057559753457,0.9
27245,common_rows,calibration_median,logistic_regression,hjorth_mobility,svd_entropy,0.976078574279029,0.9
27245,common_rows,calibration_median,logistic_regression,spectral_edge_frequency_95,svd_entropy,0.9718089099869944,0.9
27245,common_rows,calibration_median,logistic_regression,mean_frequency,svd_entropy,0.9435785353096556,0.9
27245,common_rows,calibration_median,extra_trees,hjorth_mobility,svd_entropy,0.976078574279029,0.9
27245,common_rows,calibration_median,extra_trees,spectral_edge_frequency_95,svd_entropy,0.9718089099869944,0.9
27245,common_rows,calibration_median,extra_trees,mean_frequency,svd_entropy,0.9435785353096556,0.9
27245,common_rows,calibration_median,random_forest,hjorth_mobility,svd_entropy,0.976078574279029,0.9
27245,common_rows,calibration_median,random_forest,spectral_edge_frequency_95,svd_entropy,0.9718089099869944,0.9
27245,common_rows,calibration_median,random_forest,mean_frequency,svd_entropy,0.9435785353096556,0.9
27245,common_rows,calibration_median_iqr,logistic_regression,hjorth_mobility,spectral_edge_frequency_95,0.9472339538780007,0.9
27245,common_rows,calibration_median_iqr,logistic_regression,svd_entropy,spectral_edge_frequency_95,0.9739837457786003,0.9
27245,common_rows,calibration_median_iqr,logistic_regression,mean_frequency,spectral_edge_frequency_95,0.9145351106982141,0.9
27245,common_rows,calibration_median_iqr,extra_trees,hjorth_mobility,spectral_edge_frequency_95,0.9472339538780007,0.9
27245,common_rows,calibration_median_iqr,extra_trees,svd_entropy,spectral_edge_frequency_95,0.9739837457786003,0.9
27245,common_rows,calibration_median_iqr,extra_trees,mean_frequency,spectral_edge_frequency_95,0.9145351106982141,0.9
27245,common_rows,calibration_median_iqr,random_forest,hjorth_mobility,spectral_edge_frequency_95,0.9472339538780007,0.9
27245,common_rows,calibration_median_iqr,random_forest,svd_entropy,spectral_edge_frequency_95,0.9739837457786003,0.9
27245,common_rows,calibration_median_iqr,random_forest,mean_frequency,spectral_edge_frequency_95,0.9145351106982141,0.9
27245,native_rows,none,logistic_regression,svd_entropy,spectral_edge_frequency_95,0.9581699522451894,0.9
27245,native_rows,none,logistic_regression,median_frequency,hjorth_complexity,0.9214730477275598,0.9
27245,native_rows,none,extra_trees,svd_entropy,spectral_edge_frequency_95,0.9581699522451894,0.9
27245,native_rows,none,extra_trees,median_frequency,hjorth_complexity,0.9214730477275598,0.9
27245,native_rows,none,random_forest,svd_entropy,spectral_edge_frequency_95,0.9581699522451894,0.9
27245,native_rows,none,random_forest,median_frequency,hjorth_complexity,0.9214730477275598,0.9
27245,native_rows,jackknife_median,logistic_regression,spectral_edge_frequency_95,svd_entropy,0.9657566271930088,0.9
27245,native_rows,jackknife_median,logistic_regression,mean_frequency,median_frequency,0.9050057659787368,0.9
27245,native_rows,jackknife_median,logistic_regression,hjorth_mobility,svd_entropy,0.9778082855646695,0.9
27245,native_rows,jackknife_median,extra_trees,spectral_edge_frequency_95,svd_entropy,0.9657566271930088,0.9
27245,native_rows,jackknife_median,extra_trees,mean_frequency,median_frequency,0.9050057659787368,0.9
27245,native_rows,jackknife_median,extra_trees,hjorth_mobility,svd_entropy,0.9778082855646695,0.9
27245,native_rows,jackknife_median,random_forest,spectral_edge_frequency_95,svd_entropy,0.9657566271930088,0.9
27245,native_rows,jackknife_median,random_forest,mean_frequency,median_frequency,0.9050057659787368,0.9
27245,native_rows,jackknife_median,random_forest,hjorth_mobility,svd_entropy,0.9778082855646695,0.9
27245,native_rows,calibration_median,logistic_regression,hjorth_mobility,svd_entropy,0.976078574279029,0.9
27245,native_rows,calibration_median,logistic_regression,spectral_edge_frequency_95,svd_entropy,0.9718089099869944,0.9
27245,native_rows,calibration_median,logistic_regression,mean_frequency,svd_entropy,0.9435785353096556,0.9
27245,native_rows,calibration_median,extra_trees,hjorth_mobility,svd_entropy,0.976078574279029,0.9
27245,native_rows,calibration_median,extra_trees,spectral_edge_frequency_95,svd_entropy,0.9718089099869944,0.9
27245,native_rows,calibration_median,extra_trees,mean_frequency,svd_entropy,0.9435785353096556,0.9
27245,native_rows,calibration_median,random_forest,hjorth_mobility,svd_entropy,0.976078574279029,0.9
27245,native_rows,calibration_median,random_forest,spectral_edge_frequency_95,svd_entropy,0.9718089099869944,0.9
27245,native_rows,calibration_median,random_forest,mean_frequency,svd_entropy,0.9435785353096556,0.9
27245,native_rows,calibration_median_iqr,logistic_regression,hjorth_mobility,spectral_edge_frequency_95,0.9472339538780007,0.9
27245,native_rows,calibration_median_iqr,logistic_regression,svd_entropy,spectral_edge_frequency_95,0.9739837457786003,0.9
27245,native_rows,calibration_median_iqr,logistic_regression,mean_frequency,spectral_edge_frequency_95,0.9145351106982141,0.9
27245,native_rows,calibration_median_iqr,extra_trees,hjorth_mobility,spectral_edge_frequency_95,0.9472339538780007,0.9
27245,native_rows,calibration_median_iqr,extra_trees,svd_entropy,spectral_edge_frequency_95,0.9739837457786003,0.9
27245,native_rows,calibration_median_iqr,extra_trees,mean_frequency,spectral_edge_frequency_95,0.9145351106982141,0.9
27245,native_rows,calibration_median_iqr,random_forest,hjorth_mobility,spectral_edge_frequency_95,0.9472339538780007,0.9
27245,native_rows,calibration_median_iqr,random_forest,svd_entropy,spectral_edge_frequency_95,0.9739837457786003,0.9
27245,native_rows,calibration_median_iqr,random_forest,mean_frequency,spectral_edge_frequency_95,0.9145351106982141,0.9
30071,common_rows,none,logistic_regression,root_mean_square,mean_absolute_value,0.9178179973056132,0.9
30071,common_rows,none,logistic_regression,median_frequency,hjorth_complexity,0.9262783914052175,0.9
30071,common_rows,none,logistic_regression,slope_sign_change_count,permutation_entropy,0.998343827942147,0.9
30071,common_rows,none,logistic_regression,svd_entropy,spectral_edge_frequency_95,0.963865751871544,0.9
30071,common_rows,none,extra_trees,root_mean_square,mean_absolute_value,0.9178179973056132,0.9
30071,common_rows,none,extra_trees,median_frequency,hjorth_complexity,0.9262783914052175,0.9
30071,common_rows,none,extra_trees,slope_sign_change_count,permutation_entropy,0.998343827942147,0.9
30071,common_rows,none,extra_trees,svd_entropy,spectral_edge_frequency_95,0.963865751871544,0.9
30071,common_rows,none,random_forest,root_mean_square,mean_absolute_value,0.9178179973056132,0.9
30071,common_rows,none,random_forest,median_frequency,hjorth_complexity,0.9262783914052175,0.9
30071,common_rows,none,random_forest,slope_sign_change_count,permutation_entropy,0.998343827942147,0.9
30071,common_rows,none,random_forest,svd_entropy,spectral_edge_frequency_95,0.963865751871544,0.9
30071,common_rows,jackknife_median,logistic_regression,spectral_edge_frequency_95,svd_entropy,0.9662205880351421,0.9
30071,common_rows,jackknife_median,logistic_regression,hjorth_mobility,svd_entropy,0.977917630168868,0.9
30071,common_rows,jackknife_median,logistic_regression,permutation_entropy,slope_sign_change_count,0.9931977101775641,0.9
30071,common_rows,jackknife_median,logistic_regression,mean_frequency,median_frequency,0.912852116814924,0.9
30071,common_rows,jackknife_median,extra_trees,spectral_edge_frequency_95,svd_entropy,0.9662205880351421,0.9
30071,common_rows,jackknife_median,extra_trees,hjorth_mobility,svd_entropy,0.977917630168868,0.9
30071,common_rows,jackknife_median,extra_trees,permutation_entropy,slope_sign_change_count,0.9931977101775641,0.9
30071,common_rows,jackknife_median,extra_trees,mean_frequency,median_frequency,0.912852116814924,0.9
30071,common_rows,jackknife_median,random_forest,spectral_edge_frequency_95,svd_entropy,0.9662205880351421,0.9
30071,common_rows,jackknife_median,random_forest,hjorth_mobility,svd_entropy,0.977917630168868,0.9
30071,common_rows,jackknife_median,random_forest,permutation_entropy,slope_sign_change_count,0.9931977101775641,0.9
30071,common_rows,jackknife_median,random_forest,mean_frequency,median_frequency,0.912852116814924,0.9
30071,common_rows,calibration_median,logistic_regression,permutation_entropy,slope_sign_change_count,0.9912421966208755,0.9
30071,common_rows,calibration_median,logistic_regression,spectral_edge_frequency_95,svd_entropy,0.9712198699674511,0.9
30071,common_rows,calibration_median,logistic_regression,mean_frequency,svd_entropy,0.941491620102569,0.9
30071,common_rows,calibration_median,logistic_regression,hjorth_mobility,svd_entropy,0.9755576261047574,0.9
30071,common_rows,calibration_median,logistic_regression,hjorth_complexity,median_frequency,0.9024385901058127,0.9
30071,common_rows,calibration_median,extra_trees,permutation_entropy,slope_sign_change_count,0.9912421966208755,0.9
30071,common_rows,calibration_median,extra_trees,spectral_edge_frequency_95,svd_entropy,0.9712198699674511,0.9
30071,common_rows,calibration_median,extra_trees,mean_frequency,svd_entropy,0.941491620102569,0.9
30071,common_rows,calibration_median,extra_trees,hjorth_mobility,svd_entropy,0.9755576261047574,0.9
30071,common_rows,calibration_median,extra_trees,hjorth_complexity,median_frequency,0.9024385901058127,0.9
30071,common_rows,calibration_median,random_forest,permutation_entropy,slope_sign_change_count,0.9912421966208755,0.9
30071,common_rows,calibration_median,random_forest,spectral_edge_frequency_95,svd_entropy,0.9712198699674511,0.9
30071,common_rows,calibration_median,random_forest,mean_frequency,svd_entropy,0.941491620102569,0.9
30071,common_rows,calibration_median,random_forest,hjorth_mobility,svd_entropy,0.9755576261047574,0.9
30071,common_rows,calibration_median,random_forest,hjorth_complexity,median_frequency,0.9024385901058127,0.9
30071,common_rows,calibration_median_iqr,logistic_regression,spectral_edge_frequency_95,svd_entropy,0.9765982962444872,0.9
30071,common_rows,calibration_median_iqr,logistic_regression,hjorth_mobility,median_frequency,0.9219645986729602,0.9
30071,common_rows,calibration_median_iqr,logistic_regression,permutation_entropy,slope_sign_change_count,0.995482733600669,0.9
30071,common_rows,calibration_median_iqr,logistic_regression,mean_frequency,median_frequency,0.9562082354292901,0.9
30071,common_rows,calibration_median_iqr,logistic_regression,hjorth_complexity,median_frequency,0.922406114627659,0.9
30071,common_rows,calibration_median_iqr,extra_trees,spectral_edge_frequency_95,svd_entropy,0.9765982962444872,0.9
30071,common_rows,calibration_median_iqr,extra_trees,hjorth_mobility,median_frequency,0.9219645986729602,0.9
30071,common_rows,calibration_median_iqr,extra_trees,permutation_entropy,slope_sign_change_count,0.995482733600669,0.9
30071,common_rows,calibration_median_iqr,extra_trees,mean_frequency,median_frequency,0.9562082354292901,0.9
30071,common_rows,calibration_median_iqr,extra_trees,hjorth_complexity,median_frequency,0.922406114627659,0.9
30071,common_rows,calibration_median_iqr,random_forest,spectral_edge_frequency_95,svd_entropy,0.9765982962444872,0.9
30071,common_rows,calibration_median_iqr,random_forest,hjorth_mobility,median_frequency,0.9219645986729602,0.9
30071,common_rows,calibration_median_iqr,random_forest,permutation_entropy,slope_sign_change_count,0.995482733600669,0.9
30071,common_rows,calibration_median_iqr,random_forest,mean_frequency,median_frequency,0.9562082354292901,0.9
30071,common_rows,calibration_median_iqr,random_forest,hjorth_complexity,median_frequency,0.922406114627659,0.9
30071,native_rows,none,logistic_regression,root_mean_square,mean_absolute_value,0.9143482878940145,0.9
30071,native_rows,none,logistic_regression,hjorth_complexity,median_frequency,0.932315830954451,0.9
30071,native_rows,none,logistic_regression,slope_sign_change_count,permutation_entropy,0.9985181800520634,0.9
30071,native_rows,none,logistic_regression,svd_entropy,spectral_edge_frequency_95,0.9641752238419404,0.9
30071,native_rows,none,extra_trees,root_mean_square,mean_absolute_value,0.9143482878940145,0.9
30071,native_rows,none,extra_trees,hjorth_complexity,median_frequency,0.932315830954451,0.9
30071,native_rows,none,extra_trees,slope_sign_change_count,permutation_entropy,0.9985181800520634,0.9
30071,native_rows,none,extra_trees,svd_entropy,spectral_edge_frequency_95,0.9641752238419404,0.9
30071,native_rows,none,random_forest,root_mean_square,mean_absolute_value,0.9143482878940145,0.9
30071,native_rows,none,random_forest,hjorth_complexity,median_frequency,0.932315830954451,0.9
30071,native_rows,none,random_forest,slope_sign_change_count,permutation_entropy,0.9985181800520634,0.9
30071,native_rows,none,random_forest,svd_entropy,spectral_edge_frequency_95,0.9641752238419404,0.9
30071,native_rows,jackknife_median,logistic_regression,spectral_edge_frequency_95,svd_entropy,0.9608188555231351,0.9
30071,native_rows,jackknife_median,logistic_regression,mean_frequency,median_frequency,0.9147420045301752,0.9
30071,native_rows,jackknife_median,logistic_regression,hjorth_mobility,svd_entropy,0.9752305248926044,0.9
30071,native_rows,jackknife_median,extra_trees,spectral_edge_frequency_95,svd_entropy,0.9608188555231351,0.9
30071,native_rows,jackknife_median,extra_trees,mean_frequency,median_frequency,0.9147420045301752,0.9
30071,native_rows,jackknife_median,extra_trees,hjorth_mobility,svd_entropy,0.9752305248926044,0.9
30071,native_rows,jackknife_median,random_forest,spectral_edge_frequency_95,svd_entropy,0.9608188555231351,0.9
30071,native_rows,jackknife_median,random_forest,mean_frequency,median_frequency,0.9147420045301752,0.9
30071,native_rows,jackknife_median,random_forest,hjorth_mobility,svd_entropy,0.9752305248926044,0.9
30071,native_rows,calibration_median,logistic_regression,permutation_entropy,slope_sign_change_count,0.9912421966208755,0.9
30071,native_rows,calibration_median,logistic_regression,spectral_edge_frequency_95,svd_entropy,0.9712198699674511,0.9
30071,native_rows,calibration_median,logistic_regression,mean_frequency,svd_entropy,0.941491620102569,0.9
30071,native_rows,calibration_median,logistic_regression,hjorth_mobility,svd_entropy,0.9755576261047574,0.9
30071,native_rows,calibration_median,logistic_regression,hjorth_complexity,median_frequency,0.9024385901058127,0.9
30071,native_rows,calibration_median,extra_trees,permutation_entropy,slope_sign_change_count,0.9912421966208755,0.9
30071,native_rows,calibration_median,extra_trees,spectral_edge_frequency_95,svd_entropy,0.9712198699674511,0.9
30071,native_rows,calibration_median,extra_trees,mean_frequency,svd_entropy,0.941491620102569,0.9
30071,native_rows,calibration_median,extra_trees,hjorth_mobility,svd_entropy,0.9755576261047574,0.9
30071,native_rows,calibration_median,extra_trees,hjorth_complexity,median_frequency,0.9024385901058127,0.9
30071,native_rows,calibration_median,random_forest,permutation_entropy,slope_sign_change_count,0.9912421966208755,0.9
30071,native_rows,calibration_median,random_forest,spectral_edge_frequency_95,svd_entropy,0.9712198699674511,0.9
30071,native_rows,calibration_median,random_forest,mean_frequency,svd_entropy,0.941491620102569,0.9
30071,native_rows,calibration_median,random_forest,hjorth_mobility,svd_entropy,0.9755576261047574,0.9
30071,native_rows,calibration_median,random_forest,hjorth_complexity,median_frequency,0.9024385901058127,0.9
30071,native_rows,calibration_median_iqr,logistic_regression,spectral_edge_frequency_95,svd_entropy,0.9765982962444872,0.9
30071,native_rows,calibration_median_iqr,logistic_regression,hjorth_mobility,median_frequency,0.9219645986729602,0.9
30071,native_rows,calibration_median_iqr,logistic_regression,permutation_entropy,slope_sign_change_count,0.995482733600669,0.9
30071,native_rows,calibration_median_iqr,logistic_regression,mean_frequency,median_frequency,0.9562082354292901,0.9
30071,native_rows,calibration_median_iqr,logistic_regression,hjorth_complexity,median_frequency,0.922406114627659,0.9
30071,native_rows,calibration_median_iqr,extra_trees,spectral_edge_frequency_95,svd_entropy,0.9765982962444872,0.9
30071,native_rows,calibration_median_iqr,extra_trees,hjorth_mobility,median_frequency,0.9219645986729602,0.9
30071,native_rows,calibration_median_iqr,extra_trees,permutation_entropy,slope_sign_change_count,0.995482733600669,0.9
30071,native_rows,calibration_median_iqr,extra_trees,mean_frequency,median_frequency,0.9562082354292901,0.9
30071,native_rows,calibration_median_iqr,extra_trees,hjorth_complexity,median_frequency,0.922406114627659,0.9
30071,native_rows,calibration_median_iqr,random_forest,spectral_edge_frequency_95,svd_entropy,0.9765982962444872,0.9
30071,native_rows,calibration_median_iqr,random_forest,hjorth_mobility,median_frequency,0.9219645986729602,0.9
30071,native_rows,calibration_median_iqr,random_forest,permutation_entropy,slope_sign_change_count,0.995482733600669,0.9
30071,native_rows,calibration_median_iqr,random_forest,mean_frequency,median_frequency,0.9562082354292901,0.9
30071,native_rows,calibration_median_iqr,random_forest,hjorth_complexity,median_frequency,0.922406114627659,0.9
30851,common_rows,none,logistic_regression,root_mean_square,mean_absolute_value,0.9206195464023458,0.9
30851,common_rows,none,logistic_regression,svd_entropy,spectral_edge_frequency_95,0.9721142671459286,0.9
30851,common_rows,none,logistic_regression,hjorth_mobility,spectral_edge_frequency_95,0.9383376833743374,0.9
30851,common_rows,none,logistic_regression,hjorth_complexity,median_frequency,0.9216329605163637,0.9
30851,common_rows,none,logistic_regression,slope_sign_change_count,permutation_entropy,0.9981675171695058,0.9
30851,common_rows,none,extra_trees,root_mean_square,mean_absolute_value,0.9206195464023458,0.9
30851,common_rows,none,extra_trees,svd_entropy,spectral_edge_frequency_95,0.9721142671459286,0.9
30851,common_rows,none,extra_trees,hjorth_mobility,spectral_edge_frequency_95,0.9383376833743374,0.9
30851,common_rows,none,extra_trees,hjorth_complexity,median_frequency,0.9216329605163637,0.9
30851,common_rows,none,extra_trees,slope_sign_change_count,permutation_entropy,0.9981675171695058,0.9
30851,common_rows,none,random_forest,root_mean_square,mean_absolute_value,0.9206195464023458,0.9
30851,common_rows,none,random_forest,svd_entropy,spectral_edge_frequency_95,0.9721142671459286,0.9
30851,common_rows,none,random_forest,hjorth_mobility,spectral_edge_frequency_95,0.9383376833743374,0.9
30851,common_rows,none,random_forest,hjorth_complexity,median_frequency,0.9216329605163637,0.9
30851,common_rows,none,random_forest,slope_sign_change_count,permutation_entropy,0.9981675171695058,0.9
30851,common_rows,jackknife_median,logistic_regression,svd_entropy,spectral_edge_frequency_95,0.9689669397594886,0.9
30851,common_rows,jackknife_median,logistic_regression,hjorth_mobility,spectral_edge_frequency_95,0.9414384557564239,0.9
30851,common_rows,jackknife_median,logistic_regression,mean_frequency,median_frequency,0.901245431710188,0.9
30851,common_rows,jackknife_median,logistic_regression,permutation_entropy,slope_sign_change_count,0.9937604931877079,0.9
30851,common_rows,jackknife_median,extra_trees,svd_entropy,spectral_edge_frequency_95,0.9689669397594886,0.9
30851,common_rows,jackknife_median,extra_trees,hjorth_mobility,spectral_edge_frequency_95,0.9414384557564239,0.9
30851,common_rows,jackknife_median,extra_trees,mean_frequency,median_frequency,0.901245431710188,0.9
30851,common_rows,jackknife_median,extra_trees,permutation_entropy,slope_sign_change_count,0.9937604931877079,0.9
30851,common_rows,jackknife_median,random_forest,svd_entropy,spectral_edge_frequency_95,0.9689669397594886,0.9
30851,common_rows,jackknife_median,random_forest,hjorth_mobility,spectral_edge_frequency_95,0.9414384557564239,0.9
30851,common_rows,jackknife_median,random_forest,mean_frequency,median_frequency,0.901245431710188,0.9
30851,common_rows,jackknife_median,random_forest,permutation_entropy,slope_sign_change_count,0.9937604931877079,0.9
30851,common_rows,calibration_median,logistic_regression,spectral_edge_frequency_95,svd_entropy,0.9742002065744969,0.9
30851,common_rows,calibration_median,logistic_regression,hjorth_mobility,svd_entropy,0.9763434009774844,0.9
30851,common_rows,calibration_median,logistic_regression,mean_frequency,svd_entropy,0.9430497026944509,0.9
30851,common_rows,calibration_median,logistic_regression,permutation_entropy,slope_sign_change_count,0.9922537542051273,0.9
30851,common_rows,calibration_median,extra_trees,spectral_edge_frequency_95,svd_entropy,0.9742002065744969,0.9
30851,common_rows,calibration_median,extra_trees,hjorth_mobility,svd_entropy,0.9763434009774844,0.9
30851,common_rows,calibration_median,extra_trees,mean_frequency,svd_entropy,0.9430497026944509,0.9
30851,common_rows,calibration_median,extra_trees,permutation_entropy,slope_sign_change_count,0.9922537542051273,0.9
30851,common_rows,calibration_median,random_forest,spectral_edge_frequency_95,svd_entropy,0.9742002065744969,0.9
30851,common_rows,calibration_median,random_forest,hjorth_mobility,svd_entropy,0.9763434009774844,0.9
30851,common_rows,calibration_median,random_forest,mean_frequency,svd_entropy,0.9430497026944509,0.9
30851,common_rows,calibration_median,random_forest,permutation_entropy,slope_sign_change_count,0.9922537542051273,0.9
30851,common_rows,calibration_median_iqr,logistic_regression,svd_entropy,spectral_edge_frequency_95,0.9732095899041782,0.9
30851,common_rows,calibration_median_iqr,logistic_regression,hjorth_mobility,spectral_edge_frequency_95,0.9464967999301889,0.9
30851,common_rows,calibration_median_iqr,logistic_regression,mean_frequency,spectral_edge_frequency_95,0.9145700841638523,0.9
30851,common_rows,calibration_median_iqr,logistic_regression,permutation_entropy,slope_sign_change_count,0.9957335037946572,0.9
30851,common_rows,calibration_median_iqr,extra_trees,svd_entropy,spectral_edge_frequency_95,0.9732095899041782,0.9
30851,common_rows,calibration_median_iqr,extra_trees,hjorth_mobility,spectral_edge_frequency_95,0.9464967999301889,0.9
30851,common_rows,calibration_median_iqr,extra_trees,mean_frequency,spectral_edge_frequency_95,0.9145700841638523,0.9
30851,common_rows,calibration_median_iqr,extra_trees,permutation_entropy,slope_sign_change_count,0.9957335037946572,0.9
30851,common_rows,calibration_median_iqr,random_forest,svd_entropy,spectral_edge_frequency_95,0.9732095899041782,0.9
30851,common_rows,calibration_median_iqr,random_forest,hjorth_mobility,spectral_edge_frequency_95,0.9464967999301889,0.9
30851,common_rows,calibration_median_iqr,random_forest,mean_frequency,spectral_edge_frequency_95,0.9145700841638523,0.9
30851,common_rows,calibration_median_iqr,random_forest,permutation_entropy,slope_sign_change_count,0.9957335037946572,0.9
30851,native_rows,none,logistic_regression,root_mean_square,mean_absolute_value,0.9166307669789637,0.9
30851,native_rows,none,logistic_regression,svd_entropy,spectral_edge_frequency_95,0.9725512216821528,0.9
30851,native_rows,none,logistic_regression,hjorth_mobility,spectral_edge_frequency_95,0.9386344862477641,0.9
30851,native_rows,none,logistic_regression,hjorth_complexity,median_frequency,0.9271570479798766,0.9
30851,native_rows,none,extra_trees,root_mean_square,mean_absolute_value,0.9166307669789637,0.9
30851,native_rows,none,extra_trees,svd_entropy,spectral_edge_frequency_95,0.9725512216821528,0.9
30851,native_rows,none,extra_trees,hjorth_mobility,spectral_edge_frequency_95,0.9386344862477641,0.9
30851,native_rows,none,extra_trees,hjorth_complexity,median_frequency,0.9271570479798766,0.9
30851,native_rows,none,random_forest,root_mean_square,mean_absolute_value,0.9166307669789637,0.9
30851,native_rows,none,random_forest,svd_entropy,spectral_edge_frequency_95,0.9725512216821528,0.9
30851,native_rows,none,random_forest,hjorth_mobility,spectral_edge_frequency_95,0.9386344862477641,0.9
30851,native_rows,none,random_forest,hjorth_complexity,median_frequency,0.9271570479798766,0.9
30851,native_rows,jackknife_median,logistic_regression,spectral_edge_frequency_95,svd_entropy,0.9620305896647237,0.9
30851,native_rows,jackknife_median,logistic_regression,mean_frequency,svd_entropy,0.9315279940906216,0.9
30851,native_rows,jackknife_median,logistic_regression,hjorth_mobility,svd_entropy,0.9743906106672058,0.9
30851,native_rows,jackknife_median,extra_trees,spectral_edge_frequency_95,svd_entropy,0.9620305896647237,0.9
30851,native_rows,jackknife_median,extra_trees,mean_frequency,svd_entropy,0.9315279940906216,0.9
30851,native_rows,jackknife_median,extra_trees,hjorth_mobility,svd_entropy,0.9743906106672058,0.9
30851,native_rows,jackknife_median,random_forest,spectral_edge_frequency_95,svd_entropy,0.9620305896647237,0.9
30851,native_rows,jackknife_median,random_forest,mean_frequency,svd_entropy,0.9315279940906216,0.9
30851,native_rows,jackknife_median,random_forest,hjorth_mobility,svd_entropy,0.9743906106672058,0.9
30851,native_rows,calibration_median,logistic_regression,spectral_edge_frequency_95,svd_entropy,0.9742002065744969,0.9
30851,native_rows,calibration_median,logistic_regression,hjorth_mobility,svd_entropy,0.9763434009774844,0.9
30851,native_rows,calibration_median,logistic_regression,mean_frequency,svd_entropy,0.9430497026944509,0.9
30851,native_rows,calibration_median,logistic_regression,permutation_entropy,slope_sign_change_count,0.9922537542051273,0.9
30851,native_rows,calibration_median,extra_trees,spectral_edge_frequency_95,svd_entropy,0.9742002065744969,0.9
30851,native_rows,calibration_median,extra_trees,hjorth_mobility,svd_entropy,0.9763434009774844,0.9
30851,native_rows,calibration_median,extra_trees,mean_frequency,svd_entropy,0.9430497026944509,0.9
30851,native_rows,calibration_median,extra_trees,permutation_entropy,slope_sign_change_count,0.9922537542051273,0.9
30851,native_rows,calibration_median,random_forest,spectral_edge_frequency_95,svd_entropy,0.9742002065744969,0.9
30851,native_rows,calibration_median,random_forest,hjorth_mobility,svd_entropy,0.9763434009774844,0.9
30851,native_rows,calibration_median,random_forest,mean_frequency,svd_entropy,0.9430497026944509,0.9
30851,native_rows,calibration_median,random_forest,permutation_entropy,slope_sign_change_count,0.9922537542051273,0.9
30851,native_rows,calibration_median_iqr,logistic_regression,svd_entropy,spectral_edge_frequency_95,0.9732095899041782,0.9
30851,native_rows,calibration_median_iqr,logistic_regression,hjorth_mobility,spectral_edge_frequency_95,0.9464967999301889,0.9
30851,native_rows,calibration_median_iqr,logistic_regression,mean_frequency,spectral_edge_frequency_95,0.9145700841638523,0.9
30851,native_rows,calibration_median_iqr,logistic_regression,permutation_entropy,slope_sign_change_count,0.9957335037946572,0.9
30851,native_rows,calibration_median_iqr,extra_trees,svd_entropy,spectral_edge_frequency_95,0.9732095899041782,0.9
30851,native_rows,calibration_median_iqr,extra_trees,hjorth_mobility,spectral_edge_frequency_95,0.9464967999301889,0.9
30851,native_rows,calibration_median_iqr,extra_trees,mean_frequency,spectral_edge_frequency_95,0.9145700841638523,0.9
30851,native_rows,calibration_median_iqr,extra_trees,permutation_entropy,slope_sign_change_count,0.9957335037946572,0.9
30851,native_rows,calibration_median_iqr,random_forest,svd_entropy,spectral_edge_frequency_95,0.9732095899041782,0.9
30851,native_rows,calibration_median_iqr,random_forest,hjorth_mobility,spectral_edge_frequency_95,0.9464967999301889,0.9
30851,native_rows,calibration_median_iqr,random_forest,mean_frequency,spectral_edge_frequency_95,0.9145700841638523,0.9
30851,native_rows,calibration_median_iqr,random_forest,permutation_entropy,slope_sign_change_count,0.9957335037946572,0.9
57091,common_rows,none,logistic_regression,root_mean_square,mean_absolute_value,0.9111574683088642,0.9
57091,common_rows,none,logistic_regression,svd_entropy,spectral_edge_frequency_95,0.9632682913535456,0.9
57091,common_rows,none,logistic_regression,slope_sign_change_count,permutation_entropy,0.9981790461195496,0.9
57091,common_rows,none,logistic_regression,median_frequency,hjorth_complexity,0.916890285417629,0.9
57091,common_rows,none,extra_trees,root_mean_square,mean_absolute_value,0.9111574683088642,0.9
57091,common_rows,none,extra_trees,svd_entropy,spectral_edge_frequency_95,0.9632682913535456,0.9
57091,common_rows,none,extra_trees,slope_sign_change_count,permutation_entropy,0.9981790461195496,0.9
57091,common_rows,none,extra_trees,median_frequency,hjorth_complexity,0.916890285417629,0.9
57091,common_rows,none,random_forest,root_mean_square,mean_absolute_value,0.9111574683088642,0.9
57091,common_rows,none,random_forest,svd_entropy,spectral_edge_frequency_95,0.9632682913535456,0.9
57091,common_rows,none,random_forest,slope_sign_change_count,permutation_entropy,0.9981790461195496,0.9
57091,common_rows,none,random_forest,median_frequency,hjorth_complexity,0.916890285417629,0.9
57091,common_rows,jackknife_median,logistic_regression,spectral_edge_frequency_95,svd_entropy,0.9667965902122159,0.9
57091,common_rows,jackknife_median,logistic_regression,hjorth_mobility,svd_entropy,0.9808637986710004,0.9
57091,common_rows,jackknife_median,logistic_regression,mean_frequency,svd_entropy,0.9396423704124864,0.9
57091,common_rows,jackknife_median,logistic_regression,permutation_entropy,slope_sign_change_count,0.9940956078409727,0.9
57091,common_rows,jackknife_median,extra_trees,spectral_edge_frequency_95,svd_entropy,0.9667965902122159,0.9
57091,common_rows,jackknife_median,extra_trees,hjorth_mobility,svd_entropy,0.9808637986710004,0.9
57091,common_rows,jackknife_median,extra_trees,mean_frequency,svd_entropy,0.9396423704124864,0.9
57091,common_rows,jackknife_median,extra_trees,permutation_entropy,slope_sign_change_count,0.9940956078409727,0.9
57091,common_rows,jackknife_median,random_forest,spectral_edge_frequency_95,svd_entropy,0.9667965902122159,0.9
57091,common_rows,jackknife_median,random_forest,hjorth_mobility,svd_entropy,0.9808637986710004,0.9
57091,common_rows,jackknife_median,random_forest,mean_frequency,svd_entropy,0.9396423704124864,0.9
57091,common_rows,jackknife_median,random_forest,permutation_entropy,slope_sign_change_count,0.9940956078409727,0.9
57091,common_rows,calibration_median,logistic_regression,permutation_entropy,slope_sign_change_count,0.9926255140893585,0.9
57091,common_rows,calibration_median,logistic_regression,spectral_edge_frequency_95,svd_entropy,0.9705915947651454,0.9
57091,common_rows,calibration_median,logistic_regression,hjorth_mobility,svd_entropy,0.9787775788148063,0.9
57091,common_rows,calibration_median,logistic_regression,mean_frequency,svd_entropy,0.9452243614998748,0.9
57091,common_rows,calibration_median,extra_trees,permutation_entropy,slope_sign_change_count,0.9926255140893585,0.9
57091,common_rows,calibration_median,extra_trees,spectral_edge_frequency_95,svd_entropy,0.9705915947651454,0.9
57091,common_rows,calibration_median,extra_trees,hjorth_mobility,svd_entropy,0.9787775788148063,0.9
57091,common_rows,calibration_median,extra_trees,mean_frequency,svd_entropy,0.9452243614998748,0.9
57091,common_rows,calibration_median,random_forest,permutation_entropy,slope_sign_change_count,0.9926255140893585,0.9
57091,common_rows,calibration_median,random_forest,spectral_edge_frequency_95,svd_entropy,0.9705915947651454,0.9
57091,common_rows,calibration_median,random_forest,hjorth_mobility,svd_entropy,0.9787775788148063,0.9
57091,common_rows,calibration_median,random_forest,mean_frequency,svd_entropy,0.9452243614998748,0.9
57091,common_rows,calibration_median_iqr,logistic_regression,svd_entropy,hjorth_mobility,0.9804069835898744,0.9
57091,common_rows,calibration_median_iqr,logistic_regression,spectral_edge_frequency_95,hjorth_mobility,0.954317949760287,0.9
57091,common_rows,calibration_median_iqr,logistic_regression,mean_frequency,hjorth_mobility,0.9859460006771168,0.9
57091,common_rows,calibration_median_iqr,logistic_regression,permutation_entropy,slope_sign_change_count,0.9961783421627672,0.9
57091,common_rows,calibration_median_iqr,extra_trees,svd_entropy,hjorth_mobility,0.9804069835898744,0.9
57091,common_rows,calibration_median_iqr,extra_trees,spectral_edge_frequency_95,hjorth_mobility,0.954317949760287,0.9
57091,common_rows,calibration_median_iqr,extra_trees,mean_frequency,hjorth_mobility,0.9859460006771168,0.9
57091,common_rows,calibration_median_iqr,extra_trees,permutation_entropy,slope_sign_change_count,0.9961783421627672,0.9
57091,common_rows,calibration_median_iqr,random_forest,svd_entropy,hjorth_mobility,0.9804069835898744,0.9
57091,common_rows,calibration_median_iqr,random_forest,spectral_edge_frequency_95,hjorth_mobility,0.954317949760287,0.9
57091,common_rows,calibration_median_iqr,random_forest,mean_frequency,hjorth_mobility,0.9859460006771168,0.9
57091,common_rows,calibration_median_iqr,random_forest,permutation_entropy,slope_sign_change_count,0.9961783421627672,0.9
57091,native_rows,none,logistic_regression,root_mean_square,mean_absolute_value,0.9072966162077161,0.9
57091,native_rows,none,logistic_regression,hjorth_complexity,median_frequency,0.9235722355495507,0.9
57091,native_rows,none,logistic_regression,svd_entropy,spectral_edge_frequency_95,0.9641673380469348,0.9
57091,native_rows,none,logistic_regression,hjorth_mobility,spectral_edge_frequency_95,0.9002369624477674,0.9
57091,native_rows,none,logistic_regression,slope_sign_change_count,permutation_entropy,0.9983451698540977,0.9
57091,native_rows,none,extra_trees,root_mean_square,mean_absolute_value,0.9072966162077161,0.9
57091,native_rows,none,extra_trees,hjorth_complexity,median_frequency,0.9235722355495507,0.9
57091,native_rows,none,extra_trees,svd_entropy,spectral_edge_frequency_95,0.9641673380469348,0.9
57091,native_rows,none,extra_trees,hjorth_mobility,spectral_edge_frequency_95,0.9002369624477674,0.9
57091,native_rows,none,extra_trees,slope_sign_change_count,permutation_entropy,0.9983451698540977,0.9
57091,native_rows,none,random_forest,root_mean_square,mean_absolute_value,0.9072966162077161,0.9
57091,native_rows,none,random_forest,hjorth_complexity,median_frequency,0.9235722355495507,0.9
57091,native_rows,none,random_forest,svd_entropy,spectral_edge_frequency_95,0.9641673380469348,0.9
57091,native_rows,none,random_forest,hjorth_mobility,spectral_edge_frequency_95,0.9002369624477674,0.9
57091,native_rows,none,random_forest,slope_sign_change_count,permutation_entropy,0.9983451698540977,0.9
57091,native_rows,jackknife_median,logistic_regression,spectral_edge_frequency_95,svd_entropy,0.9616361155639218,0.9
57091,native_rows,jackknife_median,logistic_regression,hjorth_mobility,svd_entropy,0.9782220607545699,0.9
57091,native_rows,jackknife_median,logistic_regression,mean_frequency,median_frequency,0.9032932812104216,0.9
57091,native_rows,jackknife_median,extra_trees,spectral_edge_frequency_95,svd_entropy,0.9616361155639218,0.9
57091,native_rows,jackknife_median,extra_trees,hjorth_mobility,svd_entropy,0.9782220607545699,0.9
57091,native_rows,jackknife_median,extra_trees,mean_frequency,median_frequency,0.9032932812104216,0.9
57091,native_rows,jackknife_median,random_forest,spectral_edge_frequency_95,svd_entropy,0.9616361155639218,0.9
57091,native_rows,jackknife_median,random_forest,hjorth_mobility,svd_entropy,0.9782220607545699,0.9
57091,native_rows,jackknife_median,random_forest,mean_frequency,median_frequency,0.9032932812104216,0.9
57091,native_rows,calibration_median,logistic_regression,permutation_entropy,slope_sign_change_count,0.9926255140893585,0.9
57091,native_rows,calibration_median,logistic_regression,spectral_edge_frequency_95,svd_entropy,0.9705915947651454,0.9
57091,native_rows,calibration_median,logistic_regression,hjorth_mobility,svd_entropy,0.9787775788148063,0.9
57091,native_rows,calibration_median,logistic_regression,mean_frequency,svd_entropy,0.9452243614998748,0.9
57091,native_rows,calibration_median,extra_trees,permutation_entropy,slope_sign_change_count,0.9926255140893585,0.9
57091,native_rows,calibration_median,extra_trees,spectral_edge_frequency_95,svd_entropy,0.9705915947651454,0.9
57091,native_rows,calibration_median,extra_trees,hjorth_mobility,svd_entropy,0.9787775788148063,0.9
57091,native_rows,calibration_median,extra_trees,mean_frequency,svd_entropy,0.9452243614998748,0.9
57091,native_rows,calibration_median,random_forest,permutation_entropy,slope_sign_change_count,0.9926255140893585,0.9
57091,native_rows,calibration_median,random_forest,spectral_edge_frequency_95,svd_entropy,0.9705915947651454,0.9
57091,native_rows,calibration_median,random_forest,hjorth_mobility,svd_entropy,0.9787775788148063,0.9
57091,native_rows,calibration_median,random_forest,mean_frequency,svd_entropy,0.9452243614998748,0.9
57091,native_rows,calibration_median_iqr,logistic_regression,svd_entropy,hjorth_mobility,0.9804069835898744,0.9
57091,native_rows,calibration_median_iqr,logistic_regression,spectral_edge_frequency_95,hjorth_mobility,0.954317949760287,0.9
57091,native_rows,calibration_median_iqr,logistic_regression,mean_frequency,hjorth_mobility,0.9859460006771168,0.9
57091,native_rows,calibration_median_iqr,logistic_regression,permutation_entropy,slope_sign_change_count,0.9961783421627672,0.9
57091,native_rows,calibration_median_iqr,extra_trees,svd_entropy,hjorth_mobility,0.9804069835898744,0.9
57091,native_rows,calibration_median_iqr,extra_trees,spectral_edge_frequency_95,hjorth_mobility,0.954317949760287,0.9
57091,native_rows,calibration_median_iqr,extra_trees,mean_frequency,hjorth_mobility,0.9859460006771168,0.9
57091,native_rows,calibration_median_iqr,extra_trees,permutation_entropy,slope_sign_change_count,0.9961783421627672,0.9
57091,native_rows,calibration_median_iqr,random_forest,svd_entropy,hjorth_mobility,0.9804069835898744,0.9
57091,native_rows,calibration_median_iqr,random_forest,spectral_edge_frequency_95,hjorth_mobility,0.954317949760287,0.9
57091,native_rows,calibration_median_iqr,random_forest,mean_frequency,hjorth_mobility,0.9859460006771168,0.9
57091,native_rows,calibration_median_iqr,random_forest,permutation_entropy,slope_sign_change_count,0.9961783421627672,0.9
59285,common_rows,none,logistic_regression,root_mean_square,mean_absolute_value,0.9298928262217314,0.9
59285,common_rows,none,logistic_regression,permutation_entropy,slope_sign_change_count,0.998216896384607,0.9
59285,common_rows,none,logistic_regression,svd_entropy,spectral_edge_frequency_95,0.9628670816724128,0.9
59285,common_rows,none,logistic_regression,hjorth_mobility,spectral_edge_frequency_95,0.900628643282329,0.9
59285,common_rows,none,logistic_regression,hjorth_complexity,median_frequency,0.9312783679989532,0.9
59285,common_rows,none,extra_trees,root_mean_square,mean_absolute_value,0.9298928262217314,0.9
59285,common_rows,none,extra_trees,permutation_entropy,slope_sign_change_count,0.998216896384607,0.9
59285,common_rows,none,extra_trees,svd_entropy,spectral_edge_frequency_95,0.9628670816724128,0.9
59285,common_rows,none,extra_trees,hjorth_mobility,spectral_edge_frequency_95,0.900628643282329,0.9
59285,common_rows,none,extra_trees,hjorth_complexity,median_frequency,0.9312783679989532,0.9
59285,common_rows,none,random_forest,root_mean_square,mean_absolute_value,0.9298928262217314,0.9
59285,common_rows,none,random_forest,permutation_entropy,slope_sign_change_count,0.998216896384607,0.9
59285,common_rows,none,random_forest,svd_entropy,spectral_edge_frequency_95,0.9628670816724128,0.9
59285,common_rows,none,random_forest,hjorth_mobility,spectral_edge_frequency_95,0.900628643282329,0.9
59285,common_rows,none,random_forest,hjorth_complexity,median_frequency,0.9312783679989532,0.9
59285,common_rows,jackknife_median,logistic_regression,spectral_edge_frequency_95,svd_entropy,0.9691983625185072,0.9
59285,common_rows,jackknife_median,logistic_regression,hjorth_mobility,svd_entropy,0.980870545058771,0.9
59285,common_rows,jackknife_median,logistic_regression,mean_frequency,svd_entropy,0.9424588853658324,0.9
59285,common_rows,jackknife_median,logistic_regression,permutation_entropy,slope_sign_change_count,0.9941983276303137,0.9
59285,common_rows,jackknife_median,extra_trees,spectral_edge_frequency_95,svd_entropy,0.9691983625185072,0.9
59285,common_rows,jackknife_median,extra_trees,hjorth_mobility,svd_entropy,0.980870545058771,0.9
59285,common_rows,jackknife_median,extra_trees,mean_frequency,svd_entropy,0.9424588853658324,0.9
59285,common_rows,jackknife_median,extra_trees,permutation_entropy,slope_sign_change_count,0.9941983276303137,0.9
59285,common_rows,jackknife_median,random_forest,spectral_edge_frequency_95,svd_entropy,0.9691983625185072,0.9
59285,common_rows,jackknife_median,random_forest,hjorth_mobility,svd_entropy,0.980870545058771,0.9
59285,common_rows,jackknife_median,random_forest,mean_frequency,svd_entropy,0.9424588853658324,0.9
59285,common_rows,jackknife_median,random_forest,permutation_entropy,slope_sign_change_count,0.9941983276303137,0.9
59285,common_rows,calibration_median,logistic_regression,spectral_edge_frequency_95,svd_entropy,0.9710552490855001,0.9
59285,common_rows,calibration_median,logistic_regression,hjorth_mobility,svd_entropy,0.9783952910457155,0.9
59285,common_rows,calibration_median,logistic_regression,permutation_entropy,slope_sign_change_count,0.9929556162659178,0.9
59285,common_rows,calibration_median,logistic_regression,mean_frequency,svd_entropy,0.9461640237135022,0.9
59285,common_rows,calibration_median,extra_trees,spectral_edge_frequency_95,svd_entropy,0.9710552490855001,0.9
59285,common_rows,calibration_median,extra_trees,hjorth_mobility,svd_entropy,0.9783952910457155,0.9
59285,common_rows,calibration_median,extra_trees,permutation_entropy,slope_sign_change_count,0.9929556162659178,0.9
59285,common_rows,calibration_median,extra_trees,mean_frequency,svd_entropy,0.9461640237135022,0.9
59285,common_rows,calibration_median,random_forest,spectral_edge_frequency_95,svd_entropy,0.9710552490855001,0.9
59285,common_rows,calibration_median,random_forest,hjorth_mobility,svd_entropy,0.9783952910457155,0.9
59285,common_rows,calibration_median,random_forest,permutation_entropy,slope_sign_change_count,0.9929556162659178,0.9
59285,common_rows,calibration_median,random_forest,mean_frequency,svd_entropy,0.9461640237135022,0.9
59285,common_rows,calibration_median_iqr,logistic_regression,svd_entropy,hjorth_mobility,0.9811487525872694,0.9
59285,common_rows,calibration_median_iqr,logistic_regression,spectral_edge_frequency_95,hjorth_mobility,0.9585854501868099,0.9
59285,common_rows,calibration_median_iqr,logistic_regression,mean_frequency,hjorth_mobility,0.9862079003228463,0.9
59285,common_rows,calibration_median_iqr,logistic_regression,permutation_entropy,slope_sign_change_count,0.9971682633680665,0.9
59285,common_rows,calibration_median_iqr,extra_trees,svd_entropy,hjorth_mobility,0.9811487525872694,0.9
59285,common_rows,calibration_median_iqr,extra_trees,spectral_edge_frequency_95,hjorth_mobility,0.9585854501868099,0.9
59285,common_rows,calibration_median_iqr,extra_trees,mean_frequency,hjorth_mobility,0.9862079003228463,0.9
59285,common_rows,calibration_median_iqr,extra_trees,permutation_entropy,slope_sign_change_count,0.9971682633680665,0.9
59285,common_rows,calibration_median_iqr,random_forest,svd_entropy,hjorth_mobility,0.9811487525872694,0.9
59285,common_rows,calibration_median_iqr,random_forest,spectral_edge_frequency_95,hjorth_mobility,0.9585854501868099,0.9
59285,common_rows,calibration_median_iqr,random_forest,mean_frequency,hjorth_mobility,0.9862079003228463,0.9
59285,common_rows,calibration_median_iqr,random_forest,permutation_entropy,slope_sign_change_count,0.9971682633680665,0.9
59285,native_rows,none,logistic_regression,root_mean_square,mean_absolute_value,0.926996715508182,0.9
59285,native_rows,none,logistic_regression,svd_entropy,spectral_edge_frequency_95,0.9626384766169344,0.9
59285,native_rows,none,logistic_regression,permutation_entropy,slope_sign_change_count,0.9983338775857223,0.9
59285,native_rows,none,logistic_regression,hjorth_complexity,median_frequency,0.9363096897046594,0.9
59285,native_rows,none,logistic_regression,hjorth_mobility,spectral_edge_frequency_95,0.900001543570047,0.9
59285,native_rows,none,extra_trees,root_mean_square,mean_absolute_value,0.926996715508182,0.9
59285,native_rows,none,extra_trees,svd_entropy,spectral_edge_frequency_95,0.9626384766169344,0.9
59285,native_rows,none,extra_trees,permutation_entropy,slope_sign_change_count,0.9983338775857223,0.9
59285,native_rows,none,extra_trees,hjorth_complexity,median_frequency,0.9363096897046594,0.9
59285,native_rows,none,extra_trees,hjorth_mobility,spectral_edge_frequency_95,0.900001543570047,0.9
59285,native_rows,none,random_forest,root_mean_square,mean_absolute_value,0.926996715508182,0.9
59285,native_rows,none,random_forest,svd_entropy,spectral_edge_frequency_95,0.9626384766169344,0.9
59285,native_rows,none,random_forest,permutation_entropy,slope_sign_change_count,0.9983338775857223,0.9
59285,native_rows,none,random_forest,hjorth_complexity,median_frequency,0.9363096897046594,0.9
59285,native_rows,none,random_forest,hjorth_mobility,spectral_edge_frequency_95,0.900001543570047,0.9
59285,native_rows,jackknife_median,logistic_regression,spectral_edge_frequency_95,svd_entropy,0.9651200403951619,0.9
59285,native_rows,jackknife_median,logistic_regression,hjorth_mobility,svd_entropy,0.978049552838357,0.9
59285,native_rows,jackknife_median,logistic_regression,mean_frequency,svd_entropy,0.9360530728405405,0.9
59285,native_rows,jackknife_median,extra_trees,spectral_edge_frequency_95,svd_entropy,0.9651200403951619,0.9
59285,native_rows,jackknife_median,extra_trees,hjorth_mobility,svd_entropy,0.978049552838357,0.9
59285,native_rows,jackknife_median,extra_trees,mean_frequency,svd_entropy,0.9360530728405405,0.9
59285,native_rows,jackknife_median,random_forest,spectral_edge_frequency_95,svd_entropy,0.9651200403951619,0.9
59285,native_rows,jackknife_median,random_forest,hjorth_mobility,svd_entropy,0.978049552838357,0.9
59285,native_rows,jackknife_median,random_forest,mean_frequency,svd_entropy,0.9360530728405405,0.9
59285,native_rows,calibration_median,logistic_regression,spectral_edge_frequency_95,svd_entropy,0.9710552490855001,0.9
59285,native_rows,calibration_median,logistic_regression,hjorth_mobility,svd_entropy,0.9783952910457155,0.9
59285,native_rows,calibration_median,logistic_regression,permutation_entropy,slope_sign_change_count,0.9929556162659178,0.9
59285,native_rows,calibration_median,logistic_regression,mean_frequency,svd_entropy,0.9461640237135022,0.9
59285,native_rows,calibration_median,extra_trees,spectral_edge_frequency_95,svd_entropy,0.9710552490855001,0.9
59285,native_rows,calibration_median,extra_trees,hjorth_mobility,svd_entropy,0.9783952910457155,0.9
59285,native_rows,calibration_median,extra_trees,permutation_entropy,slope_sign_change_count,0.9929556162659178,0.9
59285,native_rows,calibration_median,extra_trees,mean_frequency,svd_entropy,0.9461640237135022,0.9
59285,native_rows,calibration_median,random_forest,spectral_edge_frequency_95,svd_entropy,0.9710552490855001,0.9
59285,native_rows,calibration_median,random_forest,hjorth_mobility,svd_entropy,0.9783952910457155,0.9
59285,native_rows,calibration_median,random_forest,permutation_entropy,slope_sign_change_count,0.9929556162659178,0.9
59285,native_rows,calibration_median,random_forest,mean_frequency,svd_entropy,0.9461640237135022,0.9
59285,native_rows,calibration_median_iqr,logistic_regression,svd_entropy,hjorth_mobility,0.9811487525872694,0.9
59285,native_rows,calibration_median_iqr,logistic_regression,spectral_edge_frequency_95,hjorth_mobility,0.9585854501868099,0.9
59285,native_rows,calibration_median_iqr,logistic_regression,mean_frequency,hjorth_mobility,0.9862079003228463,0.9
59285,native_rows,calibration_median_iqr,logistic_regression,permutation_entropy,slope_sign_change_count,0.9971682633680665,0.9
59285,native_rows,calibration_median_iqr,extra_trees,svd_entropy,hjorth_mobility,0.9811487525872694,0.9
59285,native_rows,calibration_median_iqr,extra_trees,spectral_edge_frequency_95,hjorth_mobility,0.9585854501868099,0.9
59285,native_rows,calibration_median_iqr,extra_trees,mean_frequency,hjorth_mobility,0.9862079003228463,0.9
59285,native_rows,calibration_median_iqr,extra_trees,permutation_entropy,slope_sign_change_count,0.9971682633680665,0.9
59285,native_rows,calibration_median_iqr,random_forest,svd_entropy,hjorth_mobility,0.9811487525872694,0.9
59285,native_rows,calibration_median_iqr,random_forest,spectral_edge_frequency_95,hjorth_mobility,0.9585854501868099,0.9
59285,native_rows,calibration_median_iqr,random_forest,mean_frequency,hjorth_mobility,0.9862079003228463,0.9
59285,native_rows,calibration_median_iqr,random_forest,permutation_entropy,slope_sign_change_count,0.9971682633680665,0.9
70447,common_rows,none,logistic_regression,root_mean_square,mean_absolute_value,0.929331469941349,0.9
70447,common_rows,none,logistic_regression,svd_entropy,spectral_edge_frequency_95,0.9664902702775194,0.9
70447,common_rows,none,logistic_regression,median_frequency,hjorth_complexity,0.9224624713897432,0.9
70447,common_rows,none,logistic_regression,hjorth_mobility,spectral_edge_frequency_95,0.9095219516665475,0.9
70447,common_rows,none,extra_trees,root_mean_square,mean_absolute_value,0.929331469941349,0.9
70447,common_rows,none,extra_trees,svd_entropy,spectral_edge_frequency_95,0.9664902702775194,0.9
70447,common_rows,none,extra_trees,median_frequency,hjorth_complexity,0.9224624713897432,0.9
70447,common_rows,none,extra_trees,hjorth_mobility,spectral_edge_frequency_95,0.9095219516665475,0.9
70447,common_rows,none,random_forest,root_mean_square,mean_absolute_value,0.929331469941349,0.9
70447,common_rows,none,random_forest,svd_entropy,spectral_edge_frequency_95,0.9664902702775194,0.9
70447,common_rows,none,random_forest,median_frequency,hjorth_complexity,0.9224624713897432,0.9
70447,common_rows,none,random_forest,hjorth_mobility,spectral_edge_frequency_95,0.9095219516665475,0.9
70447,common_rows,jackknife_median,logistic_regression,spectral_edge_frequency_95,svd_entropy,0.9655166945318647,0.9
70447,common_rows,jackknife_median,logistic_regression,mean_frequency,median_frequency,0.9413835741363279,0.9
70447,common_rows,jackknife_median,logistic_regression,hjorth_mobility,median_frequency,0.904887280058651,0.9
70447,common_rows,jackknife_median,extra_trees,spectral_edge_frequency_95,svd_entropy,0.9655166945318647,0.9
70447,common_rows,jackknife_median,extra_trees,mean_frequency,median_frequency,0.9413835741363279,0.9
70447,common_rows,jackknife_median,extra_trees,hjorth_mobility,median_frequency,0.904887280058651,0.9
70447,common_rows,jackknife_median,random_forest,spectral_edge_frequency_95,svd_entropy,0.9655166945318647,0.9
70447,common_rows,jackknife_median,random_forest,mean_frequency,median_frequency,0.9413835741363279,0.9
70447,common_rows,jackknife_median,random_forest,hjorth_mobility,median_frequency,0.904887280058651,0.9
70447,common_rows,calibration_median,logistic_regression,permutation_entropy,slope_sign_change_count,0.9924017852620665,0.9
70447,common_rows,calibration_median,logistic_regression,hjorth_mobility,svd_entropy,0.9750212453508332,0.9
70447,common_rows,calibration_median,logistic_regression,spectral_edge_frequency_95,svd_entropy,0.9703874789893426,0.9
70447,common_rows,calibration_median,logistic_regression,mean_frequency,svd_entropy,0.9409780908018024,0.9
70447,common_rows,calibration_median,extra_trees,permutation_entropy,slope_sign_change_count,0.9924017852620665,0.9
70447,common_rows,calibration_median,extra_trees,hjorth_mobility,svd_entropy,0.9750212453508332,0.9
70447,common_rows,calibration_median,extra_trees,spectral_edge_frequency_95,svd_entropy,0.9703874789893426,0.9
70447,common_rows,calibration_median,extra_trees,mean_frequency,svd_entropy,0.9409780908018024,0.9
70447,common_rows,calibration_median,random_forest,permutation_entropy,slope_sign_change_count,0.9924017852620665,0.9
70447,common_rows,calibration_median,random_forest,hjorth_mobility,svd_entropy,0.9750212453508332,0.9
70447,common_rows,calibration_median,random_forest,spectral_edge_frequency_95,svd_entropy,0.9703874789893426,0.9
70447,common_rows,calibration_median,random_forest,mean_frequency,svd_entropy,0.9409780908018024,0.9
70447,common_rows,calibration_median_iqr,logistic_regression,svd_entropy,hjorth_mobility,0.977659077498033,0.9
70447,common_rows,calibration_median_iqr,logistic_regression,mean_frequency,median_frequency,0.9314402358558043,0.9
70447,common_rows,calibration_median_iqr,logistic_regression,spectral_edge_frequency_95,hjorth_mobility,0.9451977572240898,0.9
70447,common_rows,calibration_median_iqr,logistic_regression,permutation_entropy,slope_sign_change_count,0.9955938466885078,0.9
70447,common_rows,calibration_median_iqr,extra_trees,svd_entropy,hjorth_mobility,0.977659077498033,0.9
70447,common_rows,calibration_median_iqr,extra_trees,mean_frequency,median_frequency,0.9314402358558043,0.9
70447,common_rows,calibration_median_iqr,extra_trees,spectral_edge_frequency_95,hjorth_mobility,0.9451977572240898,0.9
70447,common_rows,calibration_median_iqr,extra_trees,permutation_entropy,slope_sign_change_count,0.9955938466885078,0.9
70447,common_rows,calibration_median_iqr,random_forest,svd_entropy,hjorth_mobility,0.977659077498033,0.9
70447,common_rows,calibration_median_iqr,random_forest,mean_frequency,median_frequency,0.9314402358558043,0.9
70447,common_rows,calibration_median_iqr,random_forest,spectral_edge_frequency_95,hjorth_mobility,0.9451977572240898,0.9
70447,common_rows,calibration_median_iqr,random_forest,permutation_entropy,slope_sign_change_count,0.9955938466885078,0.9
70447,native_rows,none,logistic_regression,root_mean_square,mean_absolute_value,0.9244523941998174,0.9
70447,native_rows,none,logistic_regression,svd_entropy,spectral_edge_frequency_95,0.9667670178244575,0.9
70447,native_rows,none,logistic_regression,hjorth_complexity,median_frequency,0.9295188558616561,0.9
70447,native_rows,none,logistic_regression,hjorth_mobility,spectral_edge_frequency_95,0.9095111331367558,0.9
70447,native_rows,none,logistic_regression,permutation_entropy,slope_sign_change_count,0.998201609164836,0.9
70447,native_rows,none,extra_trees,root_mean_square,mean_absolute_value,0.9244523941998174,0.9
70447,native_rows,none,extra_trees,svd_entropy,spectral_edge_frequency_95,0.9667670178244575,0.9
70447,native_rows,none,extra_trees,hjorth_complexity,median_frequency,0.9295188558616561,0.9
70447,native_rows,none,extra_trees,hjorth_mobility,spectral_edge_frequency_95,0.9095111331367558,0.9
70447,native_rows,none,extra_trees,permutation_entropy,slope_sign_change_count,0.998201609164836,0.9
70447,native_rows,none,random_forest,root_mean_square,mean_absolute_value,0.9244523941998174,0.9
70447,native_rows,none,random_forest,svd_entropy,spectral_edge_frequency_95,0.9667670178244575,0.9
70447,native_rows,none,random_forest,hjorth_complexity,median_frequency,0.9295188558616561,0.9
70447,native_rows,none,random_forest,hjorth_mobility,spectral_edge_frequency_95,0.9095111331367558,0.9
70447,native_rows,none,random_forest,permutation_entropy,slope_sign_change_count,0.998201609164836,0.9
70447,native_rows,jackknife_median,logistic_regression,spectral_edge_frequency_95,svd_entropy,0.9614380794254875,0.9
70447,native_rows,jackknife_median,logistic_regression,mean_frequency,median_frequency,0.9389908488778365,0.9
70447,native_rows,jackknife_median,logistic_regression,hjorth_mobility,svd_entropy,0.9741171981267269,0.9
70447,native_rows,jackknife_median,extra_trees,spectral_edge_frequency_95,svd_entropy,0.9614380794254875,0.9
70447,native_rows,jackknife_median,extra_trees,mean_frequency,median_frequency,0.9389908488778365,0.9
70447,native_rows,jackknife_median,extra_trees,hjorth_mobility,svd_entropy,0.9741171981267269,0.9
70447,native_rows,jackknife_median,random_forest,spectral_edge_frequency_95,svd_entropy,0.9614380794254875,0.9
70447,native_rows,jackknife_median,random_forest,mean_frequency,median_frequency,0.9389908488778365,0.9
70447,native_rows,jackknife_median,random_forest,hjorth_mobility,svd_entropy,0.9741171981267269,0.9
70447,native_rows,calibration_median,logistic_regression,permutation_entropy,slope_sign_change_count,0.9924017852620665,0.9
70447,native_rows,calibration_median,logistic_regression,hjorth_mobility,svd_entropy,0.9750212453508332,0.9
70447,native_rows,calibration_median,logistic_regression,spectral_edge_frequency_95,svd_entropy,0.9703874789893426,0.9
70447,native_rows,calibration_median,logistic_regression,mean_frequency,svd_entropy,0.9409780908018024,0.9
70447,native_rows,calibration_median,extra_trees,permutation_entropy,slope_sign_change_count,0.9924017852620665,0.9
70447,native_rows,calibration_median,extra_trees,hjorth_mobility,svd_entropy,0.9750212453508332,0.9
70447,native_rows,calibration_median,extra_trees,spectral_edge_frequency_95,svd_entropy,0.9703874789893426,0.9
70447,native_rows,calibration_median,extra_trees,mean_frequency,svd_entropy,0.9409780908018024,0.9
70447,native_rows,calibration_median,random_forest,permutation_entropy,slope_sign_change_count,0.9924017852620665,0.9
70447,native_rows,calibration_median,random_forest,hjorth_mobility,svd_entropy,0.9750212453508332,0.9
70447,native_rows,calibration_median,random_forest,spectral_edge_frequency_95,svd_entropy,0.9703874789893426,0.9
70447,native_rows,calibration_median,random_forest,mean_frequency,svd_entropy,0.9409780908018024,0.9
70447,native_rows,calibration_median_iqr,logistic_regression,svd_entropy,hjorth_mobility,0.977659077498033,0.9
70447,native_rows,calibration_median_iqr,logistic_regression,mean_frequency,median_frequency,0.9314402358558043,0.9
70447,native_rows,calibration_median_iqr,logistic_regression,spectral_edge_frequency_95,hjorth_mobility,0.9451977572240898,0.9
70447,native_rows,calibration_median_iqr,logistic_regression,permutation_entropy,slope_sign_change_count,0.9955938466885078,0.9
70447,native_rows,calibration_median_iqr,extra_trees,svd_entropy,hjorth_mobility,0.977659077498033,0.9
70447,native_rows,calibration_median_iqr,extra_trees,mean_frequency,median_frequency,0.9314402358558043,0.9
70447,native_rows,calibration_median_iqr,extra_trees,spectral_edge_frequency_95,hjorth_mobility,0.9451977572240898,0.9
70447,native_rows,calibration_median_iqr,extra_trees,permutation_entropy,slope_sign_change_count,0.9955938466885078,0.9
70447,native_rows,calibration_median_iqr,random_forest,svd_entropy,hjorth_mobility,0.977659077498033,0.9
70447,native_rows,calibration_median_iqr,random_forest,mean_frequency,median_frequency,0.9314402358558043,0.9
70447,native_rows,calibration_median_iqr,random_forest,spectral_edge_frequency_95,hjorth_mobility,0.9451977572240898,0.9
70447,native_rows,calibration_median_iqr,random_forest,permutation_entropy,slope_sign_change_count,0.9955938466885078,0.9
80436,common_rows,none,logistic_regression,root_mean_square,mean_absolute_value,0.9255764889994063,0.9
80436,common_rows,none,logistic_regression,svd_entropy,spectral_edge_frequency_95,0.9603346322058326,0.9
80436,common_rows,none,logistic_regression,permutation_entropy,slope_sign_change_count,0.9982192955808056,0.9
80436,common_rows,none,logistic_regression,hjorth_complexity,median_frequency,0.9172698456585925,0.9
80436,common_rows,none,extra_trees,root_mean_square,mean_absolute_value,0.9255764889994063,0.9
80436,common_rows,none,extra_trees,svd_entropy,spectral_edge_frequency_95,0.9603346322058326,0.9
80436,common_rows,none,extra_trees,permutation_entropy,slope_sign_change_count,0.9982192955808056,0.9
80436,common_rows,none,extra_trees,hjorth_complexity,median_frequency,0.9172698456585925,0.9
80436,common_rows,none,random_forest,root_mean_square,mean_absolute_value,0.9255764889994063,0.9
80436,common_rows,none,random_forest,svd_entropy,spectral_edge_frequency_95,0.9603346322058326,0.9
80436,common_rows,none,random_forest,permutation_entropy,slope_sign_change_count,0.9982192955808056,0.9
80436,common_rows,none,random_forest,hjorth_complexity,median_frequency,0.9172698456585925,0.9
80436,common_rows,jackknife_median,logistic_regression,spectral_edge_frequency_95,svd_entropy,0.9652516451476663,0.9
80436,common_rows,jackknife_median,logistic_regression,hjorth_mobility,svd_entropy,0.97852350934402,0.9
80436,common_rows,jackknife_median,logistic_regression,permutation_entropy,slope_sign_change_count,0.9939678707439475,0.9
80436,common_rows,jackknife_median,logistic_regression,mean_frequency,svd_entropy,0.9353035228847564,0.9
80436,common_rows,jackknife_median,extra_trees,spectral_edge_frequency_95,svd_entropy,0.9652516451476663,0.9
80436,common_rows,jackknife_median,extra_trees,hjorth_mobility,svd_entropy,0.97852350934402,0.9
80436,common_rows,jackknife_median,extra_trees,permutation_entropy,slope_sign_change_count,0.9939678707439475,0.9
80436,common_rows,jackknife_median,extra_trees,mean_frequency,svd_entropy,0.9353035228847564,0.9
80436,common_rows,jackknife_median,random_forest,spectral_edge_frequency_95,svd_entropy,0.9652516451476663,0.9
80436,common_rows,jackknife_median,random_forest,hjorth_mobility,svd_entropy,0.97852350934402,0.9
80436,common_rows,jackknife_median,random_forest,permutation_entropy,slope_sign_change_count,0.9939678707439475,0.9
80436,common_rows,jackknife_median,random_forest,mean_frequency,svd_entropy,0.9353035228847564,0.9
80436,common_rows,calibration_median,logistic_regression,permutation_entropy,slope_sign_change_count,0.9926761925060187,0.9
80436,common_rows,calibration_median,logistic_regression,spectral_edge_frequency_95,svd_entropy,0.9694640800590236,0.9
80436,common_rows,calibration_median,logistic_regression,hjorth_mobility,svd_entropy,0.9782160017789551,0.9
80436,common_rows,calibration_median,logistic_regression,mean_frequency,svd_entropy,0.9447400142465339,0.9
80436,common_rows,calibration_median,extra_trees,permutation_entropy,slope_sign_change_count,0.9926761925060187,0.9
80436,common_rows,calibration_median,extra_trees,spectral_edge_frequency_95,svd_entropy,0.9694640800590236,0.9
80436,common_rows,calibration_median,extra_trees,hjorth_mobility,svd_entropy,0.9782160017789551,0.9
80436,common_rows,calibration_median,extra_trees,mean_frequency,svd_entropy,0.9447400142465339,0.9
80436,common_rows,calibration_median,random_forest,permutation_entropy,slope_sign_change_count,0.9926761925060187,0.9
80436,common_rows,calibration_median,random_forest,spectral_edge_frequency_95,svd_entropy,0.9694640800590236,0.9
80436,common_rows,calibration_median,random_forest,hjorth_mobility,svd_entropy,0.9782160017789551,0.9
80436,common_rows,calibration_median,random_forest,mean_frequency,svd_entropy,0.9447400142465339,0.9
80436,common_rows,calibration_median_iqr,logistic_regression,hjorth_mobility,spectral_edge_frequency_95,0.9491520689877153,0.9
80436,common_rows,calibration_median_iqr,logistic_regression,permutation_entropy,slope_sign_change_count,0.9960267533770388,0.9
80436,common_rows,calibration_median_iqr,logistic_regression,svd_entropy,spectral_edge_frequency_95,0.9741602237011234,0.9
80436,common_rows,calibration_median_iqr,logistic_regression,mean_frequency,spectral_edge_frequency_95,0.916553903640399,0.9
80436,common_rows,calibration_median_iqr,extra_trees,hjorth_mobility,spectral_edge_frequency_95,0.9491520689877153,0.9
80436,common_rows,calibration_median_iqr,extra_trees,permutation_entropy,slope_sign_change_count,0.9960267533770388,0.9
80436,common_rows,calibration_median_iqr,extra_trees,svd_entropy,spectral_edge_frequency_95,0.9741602237011234,0.9
80436,common_rows,calibration_median_iqr,extra_trees,mean_frequency,spectral_edge_frequency_95,0.916553903640399,0.9
80436,common_rows,calibration_median_iqr,random_forest,hjorth_mobility,spectral_edge_frequency_95,0.9491520689877153,0.9
80436,common_rows,calibration_median_iqr,random_forest,permutation_entropy,slope_sign_change_count,0.9960267533770388,0.9
80436,common_rows,calibration_median_iqr,random_forest,svd_entropy,spectral_edge_frequency_95,0.9741602237011234,0.9
80436,common_rows,calibration_median_iqr,random_forest,mean_frequency,spectral_edge_frequency_95,0.916553903640399,0.9
80436,native_rows,none,logistic_regression,root_mean_square,mean_absolute_value,0.9233116906426654,0.9
80436,native_rows,none,logistic_regression,svd_entropy,spectral_edge_frequency_95,0.9604251349985384,0.9
80436,native_rows,none,logistic_regression,slope_sign_change_count,permutation_entropy,0.9984062142241009,0.9
80436,native_rows,none,logistic_regression,hjorth_complexity,median_frequency,0.9237725859378161,0.9
80436,native_rows,none,extra_trees,root_mean_square,mean_absolute_value,0.9233116906426654,0.9
80436,native_rows,none,extra_trees,svd_entropy,spectral_edge_frequency_95,0.9604251349985384,0.9
80436,native_rows,none,extra_trees,slope_sign_change_count,permutation_entropy,0.9984062142241009,0.9
80436,native_rows,none,extra_trees,hjorth_complexity,median_frequency,0.9237725859378161,0.9
80436,native_rows,none,random_forest,root_mean_square,mean_absolute_value,0.9233116906426654,0.9
80436,native_rows,none,random_forest,svd_entropy,spectral_edge_frequency_95,0.9604251349985384,0.9
80436,native_rows,none,random_forest,slope_sign_change_count,permutation_entropy,0.9984062142241009,0.9
80436,native_rows,none,random_forest,hjorth_complexity,median_frequency,0.9237725859378161,0.9
80436,native_rows,jackknife_median,logistic_regression,spectral_edge_frequency_95,svd_entropy,0.960426443897677,0.9
80436,native_rows,jackknife_median,logistic_regression,mean_frequency,svd_entropy,0.929307093378639,0.9
80436,native_rows,jackknife_median,logistic_regression,hjorth_mobility,svd_entropy,0.975867598665802,0.9
80436,native_rows,jackknife_median,extra_trees,spectral_edge_frequency_95,svd_entropy,0.960426443897677,0.9
80436,native_rows,jackknife_median,extra_trees,mean_frequency,svd_entropy,0.929307093378639,0.9
80436,native_rows,jackknife_median,extra_trees,hjorth_mobility,svd_entropy,0.975867598665802,0.9
80436,native_rows,jackknife_median,random_forest,spectral_edge_frequency_95,svd_entropy,0.960426443897677,0.9
80436,native_rows,jackknife_median,random_forest,mean_frequency,svd_entropy,0.929307093378639,0.9
80436,native_rows,jackknife_median,random_forest,hjorth_mobility,svd_entropy,0.975867598665802,0.9
80436,native_rows,calibration_median,logistic_regression,permutation_entropy,slope_sign_change_count,0.9926761925060187,0.9
80436,native_rows,calibration_median,logistic_regression,spectral_edge_frequency_95,svd_entropy,0.9694640800590236,0.9
80436,native_rows,calibration_median,logistic_regression,hjorth_mobility,svd_entropy,0.9782160017789551,0.9
80436,native_rows,calibration_median,logistic_regression,mean_frequency,svd_entropy,0.9447400142465339,0.9
80436,native_rows,calibration_median,extra_trees,permutation_entropy,slope_sign_change_count,0.9926761925060187,0.9
80436,native_rows,calibration_median,extra_trees,spectral_edge_frequency_95,svd_entropy,0.9694640800590236,0.9
80436,native_rows,calibration_median,extra_trees,hjorth_mobility,svd_entropy,0.9782160017789551,0.9
80436,native_rows,calibration_median,extra_trees,mean_frequency,svd_entropy,0.9447400142465339,0.9
80436,native_rows,calibration_median,random_forest,permutation_entropy,slope_sign_change_count,0.9926761925060187,0.9
80436,native_rows,calibration_median,random_forest,spectral_edge_frequency_95,svd_entropy,0.9694640800590236,0.9
80436,native_rows,calibration_median,random_forest,hjorth_mobility,svd_entropy,0.9782160017789551,0.9
80436,native_rows,calibration_median,random_forest,mean_frequency,svd_entropy,0.9447400142465339,0.9
80436,native_rows,calibration_median_iqr,logistic_regression,hjorth_mobility,spectral_edge_frequency_95,0.9491520689877153,0.9
80436,native_rows,calibration_median_iqr,logistic_regression,permutation_entropy,slope_sign_change_count,0.9960267533770388,0.9
80436,native_rows,calibration_median_iqr,logistic_regression,svd_entropy,spectral_edge_frequency_95,0.9741602237011234,0.9
80436,native_rows,calibration_median_iqr,logistic_regression,mean_frequency,spectral_edge_frequency_95,0.916553903640399,0.9
80436,native_rows,calibration_median_iqr,extra_trees,hjorth_mobility,spectral_edge_frequency_95,0.9491520689877153,0.9
80436,native_rows,calibration_median_iqr,extra_trees,permutation_entropy,slope_sign_change_count,0.9960267533770388,0.9
80436,native_rows,calibration_median_iqr,extra_trees,svd_entropy,spectral_edge_frequency_95,0.9741602237011234,0.9
80436,native_rows,calibration_median_iqr,extra_trees,mean_frequency,spectral_edge_frequency_95,0.916553903640399,0.9
80436,native_rows,calibration_median_iqr,random_forest,hjorth_mobility,spectral_edge_frequency_95,0.9491520689877153,0.9
80436,native_rows,calibration_median_iqr,random_forest,permutation_entropy,slope_sign_change_count,0.9960267533770388,0.9
80436,native_rows,calibration_median_iqr,random_forest,svd_entropy,spectral_edge_frequency_95,0.9741602237011234,0.9
80436,native_rows,calibration_median_iqr,random_forest,mean_frequency,spectral_edge_frequency_95,0.916553903640399,0.9
88503,common_rows,none,logistic_regression,svd_entropy,spectral_edge_frequency_95,0.9601065190575957,0.9
88503,common_rows,none,logistic_regression,root_mean_square,mean_absolute_value,0.9199984580630826,0.9
88503,common_rows,none,logistic_regression,permutation_entropy,slope_sign_change_count,0.9981347304970336,0.9
88503,common_rows,none,logistic_regression,median_frequency,hjorth_complexity,0.9239323676247592,0.9
88503,common_rows,none,extra_trees,svd_entropy,spectral_edge_frequency_95,0.9601065190575957,0.9
88503,common_rows,none,extra_trees,root_mean_square,mean_absolute_value,0.9199984580630826,0.9
88503,common_rows,none,extra_trees,permutation_entropy,slope_sign_change_count,0.9981347304970336,0.9
88503,common_rows,none,extra_trees,median_frequency,hjorth_complexity,0.9239323676247592,0.9
88503,common_rows,none,random_forest,svd_entropy,spectral_edge_frequency_95,0.9601065190575957,0.9
88503,common_rows,none,random_forest,root_mean_square,mean_absolute_value,0.9199984580630826,0.9
88503,common_rows,none,random_forest,permutation_entropy,slope_sign_change_count,0.9981347304970336,0.9
88503,common_rows,none,random_forest,median_frequency,hjorth_complexity,0.9239323676247592,0.9
88503,common_rows,jackknife_median,logistic_regression,spectral_edge_frequency_95,svd_entropy,0.9686500405427949,0.9
88503,common_rows,jackknife_median,logistic_regression,root_mean_square,mean_absolute_value,0.9146102028324175,0.9
88503,common_rows,jackknife_median,logistic_regression,permutation_entropy,slope_sign_change_count,0.9938482206306547,0.9
88503,common_rows,jackknife_median,logistic_regression,hjorth_mobility,svd_entropy,0.9783404456498154,0.9
88503,common_rows,jackknife_median,logistic_regression,mean_frequency,svd_entropy,0.9350172110380388,0.9
88503,common_rows,jackknife_median,extra_trees,spectral_edge_frequency_95,svd_entropy,0.9686500405427949,0.9
88503,common_rows,jackknife_median,extra_trees,root_mean_square,mean_absolute_value,0.9146102028324175,0.9
88503,common_rows,jackknife_median,extra_trees,permutation_entropy,slope_sign_change_count,0.9938482206306547,0.9
88503,common_rows,jackknife_median,extra_trees,hjorth_mobility,svd_entropy,0.9783404456498154,0.9
88503,common_rows,jackknife_median,extra_trees,mean_frequency,svd_entropy,0.9350172110380388,0.9
88503,common_rows,jackknife_median,random_forest,spectral_edge_frequency_95,svd_entropy,0.9686500405427949,0.9
88503,common_rows,jackknife_median,random_forest,root_mean_square,mean_absolute_value,0.9146102028324175,0.9
88503,common_rows,jackknife_median,random_forest,permutation_entropy,slope_sign_change_count,0.9938482206306547,0.9
88503,common_rows,jackknife_median,random_forest,hjorth_mobility,svd_entropy,0.9783404456498154,0.9
88503,common_rows,jackknife_median,random_forest,mean_frequency,svd_entropy,0.9350172110380388,0.9
88503,common_rows,calibration_median,logistic_regression,spectral_edge_frequency_95,svd_entropy,0.9730225921845091,0.9
88503,common_rows,calibration_median,logistic_regression,permutation_entropy,slope_sign_change_count,0.9917956702698959,0.9
88503,common_rows,calibration_median,logistic_regression,hjorth_mobility,svd_entropy,0.9764796378325044,0.9
88503,common_rows,calibration_median,logistic_regression,mean_frequency,svd_entropy,0.9426508656379858,0.9
88503,common_rows,calibration_median,extra_trees,spectral_edge_frequency_95,svd_entropy,0.9730225921845091,0.9
88503,common_rows,calibration_median,extra_trees,permutation_entropy,slope_sign_change_count,0.9917956702698959,0.9
88503,common_rows,calibration_median,extra_trees,hjorth_mobility,svd_entropy,0.9764796378325044,0.9
88503,common_rows,calibration_median,extra_trees,mean_frequency,svd_entropy,0.9426508656379858,0.9
88503,common_rows,calibration_median,random_forest,spectral_edge_frequency_95,svd_entropy,0.9730225921845091,0.9
88503,common_rows,calibration_median,random_forest,permutation_entropy,slope_sign_change_count,0.9917956702698959,0.9
88503,common_rows,calibration_median,random_forest,hjorth_mobility,svd_entropy,0.9764796378325044,0.9
88503,common_rows,calibration_median,random_forest,mean_frequency,svd_entropy,0.9426508656379858,0.9
88503,common_rows,calibration_median_iqr,logistic_regression,svd_entropy,spectral_edge_frequency_95,0.9747207258747509,0.9
88503,common_rows,calibration_median_iqr,logistic_regression,hjorth_mobility,spectral_edge_frequency_95,0.9477371128626845,0.9
88503,common_rows,calibration_median_iqr,logistic_regression,mean_frequency,spectral_edge_frequency_95,0.9144907255825624,0.9
88503,common_rows,calibration_median_iqr,logistic_regression,permutation_entropy,slope_sign_change_count,0.9957500576695583,0.9
88503,common_rows,calibration_median_iqr,extra_trees,svd_entropy,spectral_edge_frequency_95,0.9747207258747509,0.9
88503,common_rows,calibration_median_iqr,extra_trees,hjorth_mobility,spectral_edge_frequency_95,0.9477371128626845,0.9
88503,common_rows,calibration_median_iqr,extra_trees,mean_frequency,spectral_edge_frequency_95,0.9144907255825624,0.9
88503,common_rows,calibration_median_iqr,extra_trees,permutation_entropy,slope_sign_change_count,0.9957500576695583,0.9
88503,common_rows,calibration_median_iqr,random_forest,svd_entropy,spectral_edge_frequency_95,0.9747207258747509,0.9
88503,common_rows,calibration_median_iqr,random_forest,hjorth_mobility,spectral_edge_frequency_95,0.9477371128626845,0.9
88503,common_rows,calibration_median_iqr,random_forest,mean_frequency,spectral_edge_frequency_95,0.9144907255825624,0.9
88503,common_rows,calibration_median_iqr,random_forest,permutation_entropy,slope_sign_change_count,0.9957500576695583,0.9
88503,native_rows,none,logistic_regression,root_mean_square,mean_absolute_value,0.9157544562629824,0.9
88503,native_rows,none,logistic_regression,svd_entropy,spectral_edge_frequency_95,0.9602765782426683,0.9
88503,native_rows,none,logistic_regression,median_frequency,hjorth_complexity,0.93054011446841,0.9
88503,native_rows,none,logistic_regression,slope_sign_change_count,permutation_entropy,0.9983079946910239,0.9
88503,native_rows,none,extra_trees,root_mean_square,mean_absolute_value,0.9157544562629824,0.9
88503,native_rows,none,extra_trees,svd_entropy,spectral_edge_frequency_95,0.9602765782426683,0.9
88503,native_rows,none,extra_trees,median_frequency,hjorth_complexity,0.93054011446841,0.9
88503,native_rows,none,extra_trees,slope_sign_change_count,permutation_entropy,0.9983079946910239,0.9
88503,native_rows,none,random_forest,root_mean_square,mean_absolute_value,0.9157544562629824,0.9
88503,native_rows,none,random_forest,svd_entropy,spectral_edge_frequency_95,0.9602765782426683,0.9
88503,native_rows,none,random_forest,median_frequency,hjorth_complexity,0.93054011446841,0.9
88503,native_rows,none,random_forest,slope_sign_change_count,permutation_entropy,0.9983079946910239,0.9
88503,native_rows,jackknife_median,logistic_regression,spectral_edge_frequency_95,svd_entropy,0.9632605008204823,0.9
88503,native_rows,jackknife_median,logistic_regression,root_mean_square,mean_absolute_value,0.915937840356088,0.9
88503,native_rows,jackknife_median,logistic_regression,mean_frequency,svd_entropy,0.9282969835950514,0.9
88503,native_rows,jackknife_median,logistic_regression,hjorth_mobility,svd_entropy,0.9754685875217263,0.9
88503,native_rows,jackknife_median,extra_trees,spectral_edge_frequency_95,svd_entropy,0.9632605008204823,0.9
88503,native_rows,jackknife_median,extra_trees,root_mean_square,mean_absolute_value,0.915937840356088,0.9
88503,native_rows,jackknife_median,extra_trees,mean_frequency,svd_entropy,0.9282969835950514,0.9
88503,native_rows,jackknife_median,extra_trees,hjorth_mobility,svd_entropy,0.9754685875217263,0.9
88503,native_rows,jackknife_median,random_forest,spectral_edge_frequency_95,svd_entropy,0.9632605008204823,0.9
88503,native_rows,jackknife_median,random_forest,root_mean_square,mean_absolute_value,0.915937840356088,0.9
88503,native_rows,jackknife_median,random_forest,mean_frequency,svd_entropy,0.9282969835950514,0.9
88503,native_rows,jackknife_median,random_forest,hjorth_mobility,svd_entropy,0.9754685875217263,0.9
88503,native_rows,calibration_median,logistic_regression,spectral_edge_frequency_95,svd_entropy,0.9730225921845091,0.9
88503,native_rows,calibration_median,logistic_regression,permutation_entropy,slope_sign_change_count,0.9917956702698959,0.9
88503,native_rows,calibration_median,logistic_regression,hjorth_mobility,svd_entropy,0.9764796378325044,0.9
88503,native_rows,calibration_median,logistic_regression,mean_frequency,svd_entropy,0.9426508656379858,0.9
88503,native_rows,calibration_median,extra_trees,spectral_edge_frequency_95,svd_entropy,0.9730225921845091,0.9
88503,native_rows,calibration_median,extra_trees,permutation_entropy,slope_sign_change_count,0.9917956702698959,0.9
88503,native_rows,calibration_median,extra_trees,hjorth_mobility,svd_entropy,0.9764796378325044,0.9
88503,native_rows,calibration_median,extra_trees,mean_frequency,svd_entropy,0.9426508656379858,0.9
88503,native_rows,calibration_median,random_forest,spectral_edge_frequency_95,svd_entropy,0.9730225921845091,0.9
88503,native_rows,calibration_median,random_forest,permutation_entropy,slope_sign_change_count,0.9917956702698959,0.9
88503,native_rows,calibration_median,random_forest,hjorth_mobility,svd_entropy,0.9764796378325044,0.9
88503,native_rows,calibration_median,random_forest,mean_frequency,svd_entropy,0.9426508656379858,0.9
88503,native_rows,calibration_median_iqr,logistic_regression,svd_entropy,spectral_edge_frequency_95,0.9747207258747509,0.9
88503,native_rows,calibration_median_iqr,logistic_regression,hjorth_mobility,spectral_edge_frequency_95,0.9477371128626845,0.9
88503,native_rows,calibration_median_iqr,logistic_regression,mean_frequency,spectral_edge_frequency_95,0.9144907255825624,0.9
88503,native_rows,calibration_median_iqr,logistic_regression,permutation_entropy,slope_sign_change_count,0.9957500576695583,0.9
88503,native_rows,calibration_median_iqr,extra_trees,svd_entropy,spectral_edge_frequency_95,0.9747207258747509,0.9
88503,native_rows,calibration_median_iqr,extra_trees,hjorth_mobility,spectral_edge_frequency_95,0.9477371128626845,0.9
88503,native_rows,calibration_median_iqr,extra_trees,mean_frequency,spectral_edge_frequency_95,0.9144907255825624,0.9
88503,native_rows,calibration_median_iqr,extra_trees,permutation_entropy,slope_sign_change_count,0.9957500576695583,0.9
88503,native_rows,calibration_median_iqr,random_forest,svd_entropy,spectral_edge_frequency_95,0.9747207258747509,0.9
88503,native_rows,calibration_median_iqr,random_forest,hjorth_mobility,spectral_edge_frequency_95,0.9477371128626845,0.9
88503,native_rows,calibration_median_iqr,random_forest,mean_frequency,spectral_edge_frequency_95,0.9144907255825624,0.9
88503,native_rows,calibration_median_iqr,random_forest,permutation_entropy,slope_sign_change_count,0.9957500576695583,0.9
90396,common_rows,none,logistic_regression,svd_entropy,spectral_edge_frequency_95,0.9638925100582892,0.9
90396,common_rows,none,logistic_regression,root_mean_square,mean_absolute_value,0.9193821120365081,0.9
90396,common_rows,none,logistic_regression,permutation_entropy,slope_sign_change_count,0.99821353276891,0.9
90396,common_rows,none,logistic_regression,hjorth_complexity,median_frequency,0.931482622137102,0.9
90396,common_rows,none,logistic_regression,hjorth_mobility,spectral_edge_frequency_95,0.9051549498071656,0.9
90396,common_rows,none,extra_trees,svd_entropy,spectral_edge_frequency_95,0.9638925100582892,0.9
90396,common_rows,none,extra_trees,root_mean_square,mean_absolute_value,0.9193821120365081,0.9
90396,common_rows,none,extra_trees,permutation_entropy,slope_sign_change_count,0.99821353276891,0.9
90396,common_rows,none,extra_trees,hjorth_complexity,median_frequency,0.931482622137102,0.9
90396,common_rows,none,extra_trees,hjorth_mobility,spectral_edge_frequency_95,0.9051549498071656,0.9
90396,common_rows,none,random_forest,svd_entropy,spectral_edge_frequency_95,0.9638925100582892,0.9
90396,common_rows,none,random_forest,root_mean_square,mean_absolute_value,0.9193821120365081,0.9
90396,common_rows,none,random_forest,permutation_entropy,slope_sign_change_count,0.99821353276891,0.9
90396,common_rows,none,random_forest,hjorth_complexity,median_frequency,0.931482622137102,0.9
90396,common_rows,none,random_forest,hjorth_mobility,spectral_edge_frequency_95,0.9051549498071656,0.9
90396,common_rows,jackknife_median,logistic_regression,spectral_edge_frequency_95,svd_entropy,0.9670090054476453,0.9
90396,common_rows,jackknife_median,logistic_regression,hjorth_mobility,svd_entropy,0.9778284066993136,0.9
90396,common_rows,jackknife_median,logistic_regression,mean_frequency,svd_entropy,0.9343374760086848,0.9
90396,common_rows,jackknife_median,logistic_regression,permutation_entropy,slope_sign_change_count,0.993779221011611,0.9
90396,common_rows,jackknife_median,extra_trees,spectral_edge_frequency_95,svd_entropy,0.9670090054476453,0.9
90396,common_rows,jackknife_median,extra_trees,hjorth_mobility,svd_entropy,0.9778284066993136,0.9
90396,common_rows,jackknife_median,extra_trees,mean_frequency,svd_entropy,0.9343374760086848,0.9
90396,common_rows,jackknife_median,extra_trees,permutation_entropy,slope_sign_change_count,0.993779221011611,0.9
90396,common_rows,jackknife_median,random_forest,spectral_edge_frequency_95,svd_entropy,0.9670090054476453,0.9
90396,common_rows,jackknife_median,random_forest,hjorth_mobility,svd_entropy,0.9778284066993136,0.9
90396,common_rows,jackknife_median,random_forest,mean_frequency,svd_entropy,0.9343374760086848,0.9
90396,common_rows,jackknife_median,random_forest,permutation_entropy,slope_sign_change_count,0.993779221011611,0.9
90396,common_rows,calibration_median,logistic_regression,hjorth_mobility,svd_entropy,0.9761321183903047,0.9
90396,common_rows,calibration_median,logistic_regression,permutation_entropy,slope_sign_change_count,0.9919552588047177,0.9
90396,common_rows,calibration_median,logistic_regression,mean_frequency,svd_entropy,0.9421198002808837,0.9
90396,common_rows,calibration_median,logistic_regression,spectral_edge_frequency_95,svd_entropy,0.970284013896441,0.9
90396,common_rows,calibration_median,extra_trees,hjorth_mobility,svd_entropy,0.9761321183903047,0.9
90396,common_rows,calibration_median,extra_trees,permutation_entropy,slope_sign_change_count,0.9919552588047177,0.9
90396,common_rows,calibration_median,extra_trees,mean_frequency,svd_entropy,0.9421198002808837,0.9
90396,common_rows,calibration_median,extra_trees,spectral_edge_frequency_95,svd_entropy,0.970284013896441,0.9
90396,common_rows,calibration_median,random_forest,hjorth_mobility,svd_entropy,0.9761321183903047,0.9
90396,common_rows,calibration_median,random_forest,permutation_entropy,slope_sign_change_count,0.9919552588047177,0.9
90396,common_rows,calibration_median,random_forest,mean_frequency,svd_entropy,0.9421198002808837,0.9
90396,common_rows,calibration_median,random_forest,spectral_edge_frequency_95,svd_entropy,0.970284013896441,0.9
90396,common_rows,calibration_median_iqr,logistic_regression,hjorth_mobility,spectral_edge_frequency_95,0.9475907671538882,0.9
90396,common_rows,calibration_median_iqr,logistic_regression,svd_entropy,spectral_edge_frequency_95,0.9743327555830176,0.9
90396,common_rows,calibration_median_iqr,logistic_regression,mean_frequency,median_frequency,0.9184466713039938,0.9
90396,common_rows,calibration_median_iqr,logistic_regression,permutation_entropy,slope_sign_change_count,0.9959100674304696,0.9
90396,common_rows,calibration_median_iqr,extra_trees,hjorth_mobility,spectral_edge_frequency_95,0.9475907671538882,0.9
90396,common_rows,calibration_median_iqr,extra_trees,svd_entropy,spectral_edge_frequency_95,0.9743327555830176,0.9
90396,common_rows,calibration_median_iqr,extra_trees,mean_frequency,median_frequency,0.9184466713039938,0.9
90396,common_rows,calibration_median_iqr,extra_trees,permutation_entropy,slope_sign_change_count,0.9959100674304696,0.9
90396,common_rows,calibration_median_iqr,random_forest,hjorth_mobility,spectral_edge_frequency_95,0.9475907671538882,0.9
90396,common_rows,calibration_median_iqr,random_forest,svd_entropy,spectral_edge_frequency_95,0.9743327555830176,0.9
90396,common_rows,calibration_median_iqr,random_forest,mean_frequency,median_frequency,0.9184466713039938,0.9
90396,common_rows,calibration_median_iqr,random_forest,permutation_entropy,slope_sign_change_count,0.9959100674304696,0.9
90396,native_rows,none,logistic_regression,root_mean_square,mean_absolute_value,0.9196803225492146,0.9
90396,native_rows,none,logistic_regression,svd_entropy,spectral_edge_frequency_95,0.9642385182154724,0.9
90396,native_rows,none,logistic_regression,slope_sign_change_count,permutation_entropy,0.9984055680153154,0.9
90396,native_rows,none,logistic_regression,hjorth_mobility,spectral_edge_frequency_95,0.9058853461334119,0.9
90396,native_rows,none,extra_trees,root_mean_square,mean_absolute_value,0.9196803225492146,0.9
90396,native_rows,none,extra_trees,svd_entropy,spectral_edge_frequency_95,0.9642385182154724,0.9
90396,native_rows,none,extra_trees,slope_sign_change_count,permutation_entropy,0.9984055680153154,0.9
90396,native_rows,none,extra_trees,hjorth_mobility,spectral_edge_frequency_95,0.9058853461334119,0.9
90396,native_rows,none,random_forest,root_mean_square,mean_absolute_value,0.9196803225492146,0.9
90396,native_rows,none,random_forest,svd_entropy,spectral_edge_frequency_95,0.9642385182154724,0.9
90396,native_rows,none,random_forest,slope_sign_change_count,permutation_entropy,0.9984055680153154,0.9
90396,native_rows,none,random_forest,hjorth_mobility,spectral_edge_frequency_95,0.9058853461334119,0.9
90396,native_rows,jackknife_median,logistic_regression,spectral_edge_frequency_95,svd_entropy,0.9621102156565989,0.9
90396,native_rows,jackknife_median,logistic_regression,mean_frequency,svd_entropy,0.928041837235299,0.9
90396,native_rows,jackknife_median,logistic_regression,hjorth_mobility,svd_entropy,0.9751424294714596,0.9
90396,native_rows,jackknife_median,extra_trees,spectral_edge_frequency_95,svd_entropy,0.9621102156565989,0.9
90396,native_rows,jackknife_median,extra_trees,mean_frequency,svd_entropy,0.928041837235299,0.9
90396,native_rows,jackknife_median,extra_trees,hjorth_mobility,svd_entropy,0.9751424294714596,0.9
90396,native_rows,jackknife_median,random_forest,spectral_edge_frequency_95,svd_entropy,0.9621102156565989,0.9
90396,native_rows,jackknife_median,random_forest,mean_frequency,svd_entropy,0.928041837235299,0.9
90396,native_rows,jackknife_median,random_forest,hjorth_mobility,svd_entropy,0.9751424294714596,0.9
90396,native_rows,calibration_median,logistic_regression,hjorth_mobility,svd_entropy,0.9761321183903047,0.9
90396,native_rows,calibration_median,logistic_regression,permutation_entropy,slope_sign_change_count,0.9919552588047177,0.9
90396,native_rows,calibration_median,logistic_regression,mean_frequency,svd_entropy,0.9421198002808837,0.9
90396,native_rows,calibration_median,logistic_regression,spectral_edge_frequency_95,svd_entropy,0.970284013896441,0.9
90396,native_rows,calibration_median,extra_trees,hjorth_mobility,svd_entropy,0.9761321183903047,0.9
90396,native_rows,calibration_median,extra_trees,permutation_entropy,slope_sign_change_count,0.9919552588047177,0.9
90396,native_rows,calibration_median,extra_trees,mean_frequency,svd_entropy,0.9421198002808837,0.9
90396,native_rows,calibration_median,extra_trees,spectral_edge_frequency_95,svd_entropy,0.970284013896441,0.9
90396,native_rows,calibration_median,random_forest,hjorth_mobility,svd_entropy,0.9761321183903047,0.9
90396,native_rows,calibration_median,random_forest,permutation_entropy,slope_sign_change_count,0.9919552588047177,0.9
90396,native_rows,calibration_median,random_forest,mean_frequency,svd_entropy,0.9421198002808837,0.9
90396,native_rows,calibration_median,random_forest,spectral_edge_frequency_95,svd_entropy,0.970284013896441,0.9
90396,native_rows,calibration_median_iqr,logistic_regression,hjorth_mobility,spectral_edge_frequency_95,0.9475907671538882,0.9
90396,native_rows,calibration_median_iqr,logistic_regression,svd_entropy,spectral_edge_frequency_95,0.9743327555830176,0.9
90396,native_rows,calibration_median_iqr,logistic_regression,mean_frequency,median_frequency,0.9184466713039938,0.9
90396,native_rows,calibration_median_iqr,logistic_regression,permutation_entropy,slope_sign_change_count,0.9959100674304696,0.9
90396,native_rows,calibration_median_iqr,extra_trees,hjorth_mobility,spectral_edge_frequency_95,0.9475907671538882,0.9
90396,native_rows,calibration_median_iqr,extra_trees,svd_entropy,spectral_edge_frequency_95,0.9743327555830176,0.9
90396,native_rows,calibration_median_iqr,extra_trees,mean_frequency,median_frequency,0.9184466713039938,0.9
90396,native_rows,calibration_median_iqr,extra_trees,permutation_entropy,slope_sign_change_count,0.9959100674304696,0.9
90396,native_rows,calibration_median_iqr,random_forest,hjorth_mobility,spectral_edge_frequency_95,0.9475907671538882,0.9
90396,native_rows,calibration_median_iqr,random_forest,svd_entropy,spectral_edge_frequency_95,0.9743327555830176,0.9
90396,native_rows,calibration_median_iqr,random_forest,mean_frequency,median_frequency,0.9184466713039938,0.9
90396,native_rows,calibration_median_iqr,random_forest,permutation_entropy,slope_sign_change_count,0.9959100674304696,0.9
96305,common_rows,none,logistic_regression,root_mean_square,mean_absolute_value,0.9208182401353544,0.9
96305,common_rows,none,logistic_regression,median_frequency,hjorth_complexity,0.9199531595600992,0.9
96305,common_rows,none,logistic_regression,svd_entropy,spectral_edge_frequency_95,0.9655285428638953,0.9
96305,common_rows,none,logistic_regression,permutation_entropy,slope_sign_change_count,0.9982455123432742,0.9
96305,common_rows,none,logistic_regression,hjorth_mobility,spectral_edge_frequency_95,0.9042225676386259,0.9
96305,common_rows,none,extra_trees,root_mean_square,mean_absolute_value,0.9208182401353544,0.9
96305,common_rows,none,extra_trees,median_frequency,hjorth_complexity,0.9199531595600992,0.9
96305,common_rows,none,extra_trees,svd_entropy,spectral_edge_frequency_95,0.9655285428638953,0.9
96305,common_rows,none,extra_trees,permutation_entropy,slope_sign_change_count,0.9982455123432742,0.9
96305,common_rows,none,extra_trees,hjorth_mobility,spectral_edge_frequency_95,0.9042225676386259,0.9
96305,common_rows,none,random_forest,root_mean_square,mean_absolute_value,0.9208182401353544,0.9
96305,common_rows,none,random_forest,median_frequency,hjorth_complexity,0.9199531595600992,0.9
96305,common_rows,none,random_forest,svd_entropy,spectral_edge_frequency_95,0.9655285428638953,0.9
96305,common_rows,none,random_forest,permutation_entropy,slope_sign_change_count,0.9982455123432742,0.9
96305,common_rows,none,random_forest,hjorth_mobility,spectral_edge_frequency_95,0.9042225676386259,0.9
96305,common_rows,jackknife_median,logistic_regression,spectral_edge_frequency_95,svd_entropy,0.9654790668894171,0.9
96305,common_rows,jackknife_median,logistic_regression,hjorth_mobility,svd_entropy,0.9786102380043489,0.9
96305,common_rows,jackknife_median,logistic_regression,mean_frequency,svd_entropy,0.9371673577210919,0.9
96305,common_rows,jackknife_median,extra_trees,spectral_edge_frequency_95,svd_entropy,0.9654790668894171,0.9
96305,common_rows,jackknife_median,extra_trees,hjorth_mobility,svd_entropy,0.9786102380043489,0.9
96305,common_rows,jackknife_median,extra_trees,mean_frequency,svd_entropy,0.9371673577210919,0.9
96305,common_rows,jackknife_median,random_forest,spectral_edge_frequency_95,svd_entropy,0.9654790668894171,0.9
96305,common_rows,jackknife_median,random_forest,hjorth_mobility,svd_entropy,0.9786102380043489,0.9
96305,common_rows,jackknife_median,random_forest,mean_frequency,svd_entropy,0.9371673577210919,0.9
96305,common_rows,calibration_median,logistic_regression,spectral_edge_frequency_95,svd_entropy,0.9698476608368761,0.9
96305,common_rows,calibration_median,logistic_regression,hjorth_mobility,svd_entropy,0.9769687927685837,0.9
96305,common_rows,calibration_median,logistic_regression,mean_frequency,svd_entropy,0.9433967606533792,0.9
96305,common_rows,calibration_median,extra_trees,spectral_edge_frequency_95,svd_entropy,0.9698476608368761,0.9
96305,common_rows,calibration_median,extra_trees,hjorth_mobility,svd_entropy,0.9769687927685837,0.9
96305,common_rows,calibration_median,extra_trees,mean_frequency,svd_entropy,0.9433967606533792,0.9
96305,common_rows,calibration_median,random_forest,spectral_edge_frequency_95,svd_entropy,0.9698476608368761,0.9
96305,common_rows,calibration_median,random_forest,hjorth_mobility,svd_entropy,0.9769687927685837,0.9
96305,common_rows,calibration_median,random_forest,mean_frequency,svd_entropy,0.9433967606533792,0.9
96305,common_rows,calibration_median_iqr,logistic_regression,spectral_edge_frequency_95,hjorth_mobility,0.9493451231172122,0.9
96305,common_rows,calibration_median_iqr,logistic_regression,svd_entropy,hjorth_mobility,0.9782941366764025,0.9
96305,common_rows,calibration_median_iqr,logistic_regression,mean_frequency,median_frequency,0.9121996512964147,0.9
96305,common_rows,calibration_median_iqr,logistic_regression,permutation_entropy,slope_sign_change_count,0.9962256871907599,0.9
96305,common_rows,calibration_median_iqr,extra_trees,spectral_edge_frequency_95,hjorth_mobility,0.9493451231172122,0.9
96305,common_rows,calibration_median_iqr,extra_trees,svd_entropy,hjorth_mobility,0.9782941366764025,0.9
96305,common_rows,calibration_median_iqr,extra_trees,mean_frequency,median_frequency,0.9121996512964147,0.9
96305,common_rows,calibration_median_iqr,extra_trees,permutation_entropy,slope_sign_change_count,0.9962256871907599,0.9
96305,common_rows,calibration_median_iqr,random_forest,spectral_edge_frequency_95,hjorth_mobility,0.9493451231172122,0.9
96305,common_rows,calibration_median_iqr,random_forest,svd_entropy,hjorth_mobility,0.9782941366764025,0.9
96305,common_rows,calibration_median_iqr,random_forest,mean_frequency,median_frequency,0.9121996512964147,0.9
96305,common_rows,calibration_median_iqr,random_forest,permutation_entropy,slope_sign_change_count,0.9962256871907599,0.9
96305,native_rows,none,logistic_regression,root_mean_square,mean_absolute_value,0.9182917255209525,0.9
96305,native_rows,none,logistic_regression,svd_entropy,spectral_edge_frequency_95,0.9663088980481809,0.9
96305,native_rows,none,logistic_regression,hjorth_complexity,median_frequency,0.9266327495838892,0.9
96305,native_rows,none,logistic_regression,hjorth_mobility,spectral_edge_frequency_95,0.9060981448998242,0.9
96305,native_rows,none,extra_trees,root_mean_square,mean_absolute_value,0.9182917255209525,0.9
96305,native_rows,none,extra_trees,svd_entropy,spectral_edge_frequency_95,0.9663088980481809,0.9
96305,native_rows,none,extra_trees,hjorth_complexity,median_frequency,0.9266327495838892,0.9
96305,native_rows,none,extra_trees,hjorth_mobility,spectral_edge_frequency_95,0.9060981448998242,0.9
96305,native_rows,none,random_forest,root_mean_square,mean_absolute_value,0.9182917255209525,0.9
96305,native_rows,none,random_forest,svd_entropy,spectral_edge_frequency_95,0.9663088980481809,0.9
96305,native_rows,none,random_forest,hjorth_complexity,median_frequency,0.9266327495838892,0.9
96305,native_rows,none,random_forest,hjorth_mobility,spectral_edge_frequency_95,0.9060981448998242,0.9
96305,native_rows,jackknife_median,logistic_regression,spectral_edge_frequency_95,svd_entropy,0.9603032840282475,0.9
96305,native_rows,jackknife_median,logistic_regression,hjorth_mobility,svd_entropy,0.9756872495523148,0.9
96305,native_rows,jackknife_median,logistic_regression,mean_frequency,svd_entropy,0.929874275139328,0.9
96305,native_rows,jackknife_median,extra_trees,spectral_edge_frequency_95,svd_entropy,0.9603032840282475,0.9
96305,native_rows,jackknife_median,extra_trees,hjorth_mobility,svd_entropy,0.9756872495523148,0.9
96305,native_rows,jackknife_median,extra_trees,mean_frequency,svd_entropy,0.929874275139328,0.9
96305,native_rows,jackknife_median,random_forest,spectral_edge_frequency_95,svd_entropy,0.9603032840282475,0.9
96305,native_rows,jackknife_median,random_forest,hjorth_mobility,svd_entropy,0.9756872495523148,0.9
96305,native_rows,jackknife_median,random_forest,mean_frequency,svd_entropy,0.929874275139328,0.9
96305,native_rows,calibration_median,logistic_regression,spectral_edge_frequency_95,svd_entropy,0.9698476608368761,0.9
96305,native_rows,calibration_median,logistic_regression,hjorth_mobility,svd_entropy,0.9769687927685837,0.9
96305,native_rows,calibration_median,logistic_regression,mean_frequency,svd_entropy,0.9433967606533792,0.9
96305,native_rows,calibration_median,extra_trees,spectral_edge_frequency_95,svd_entropy,0.9698476608368761,0.9
96305,native_rows,calibration_median,extra_trees,hjorth_mobility,svd_entropy,0.9769687927685837,0.9
96305,native_rows,calibration_median,extra_trees,mean_frequency,svd_entropy,0.9433967606533792,0.9
96305,native_rows,calibration_median,random_forest,spectral_edge_frequency_95,svd_entropy,0.9698476608368761,0.9
96305,native_rows,calibration_median,random_forest,hjorth_mobility,svd_entropy,0.9769687927685837,0.9
96305,native_rows,calibration_median,random_forest,mean_frequency,svd_entropy,0.9433967606533792,0.9
96305,native_rows,calibration_median_iqr,logistic_regression,spectral_edge_frequency_95,hjorth_mobility,0.9493451231172122,0.9
96305,native_rows,calibration_median_iqr,logistic_regression,svd_entropy,hjorth_mobility,0.9782941366764025,0.9
96305,native_rows,calibration_median_iqr,logistic_regression,mean_frequency,median_frequency,0.9121996512964147,0.9
96305,native_rows,calibration_median_iqr,logistic_regression,permutation_entropy,slope_sign_change_count,0.9962256871907599,0.9
96305,native_rows,calibration_median_iqr,extra_trees,spectral_edge_frequency_95,hjorth_mobility,0.9493451231172122,0.9
96305,native_rows,calibration_median_iqr,extra_trees,svd_entropy,hjorth_mobility,0.9782941366764025,0.9
96305,native_rows,calibration_median_iqr,extra_trees,mean_frequency,median_frequency,0.9121996512964147,0.9
96305,native_rows,calibration_median_iqr,extra_trees,permutation_entropy,slope_sign_change_count,0.9962256871907599,0.9
96305,native_rows,calibration_median_iqr,random_forest,spectral_edge_frequency_95,hjorth_mobility,0.9493451231172122,0.9
96305,native_rows,calibration_median_iqr,random_forest,svd_entropy,hjorth_mobility,0.9782941366764025,0.9
96305,native_rows,calibration_median_iqr,random_forest,mean_frequency,median_frequency,0.9121996512964147,0.9
96305,native_rows,calibration_median_iqr,random_forest,permutation_entropy,slope_sign_change_count,0.9962256871907599,0.9
96879,common_rows,none,logistic_regression,root_mean_square,mean_absolute_value,0.9067512045861124,0.9
96879,common_rows,none,logistic_regression,hjorth_complexity,median_frequency,0.920770500921718,0.9
96879,common_rows,none,logistic_regression,slope_sign_change_count,permutation_entropy,0.9982601663845049,0.9
96879,common_rows,none,logistic_regression,hjorth_mobility,spectral_edge_frequency_95,0.9047994327521995,0.9
96879,common_rows,none,extra_trees,root_mean_square,mean_absolute_value,0.9067512045861124,0.9
96879,common_rows,none,extra_trees,hjorth_complexity,median_frequency,0.920770500921718,0.9
96879,common_rows,none,extra_trees,slope_sign_change_count,permutation_entropy,0.9982601663845049,0.9
96879,common_rows,none,extra_trees,hjorth_mobility,spectral_edge_frequency_95,0.9047994327521995,0.9
96879,common_rows,none,random_forest,root_mean_square,mean_absolute_value,0.9067512045861124,0.9
96879,common_rows,none,random_forest,hjorth_complexity,median_frequency,0.920770500921718,0.9
96879,common_rows,none,random_forest,slope_sign_change_count,permutation_entropy,0.9982601663845049,0.9
96879,common_rows,none,random_forest,hjorth_mobility,spectral_edge_frequency_95,0.9047994327521995,0.9
96879,common_rows,jackknife_median,logistic_regression,spectral_edge_frequency_95,svd_entropy,0.967084734851843,0.9
96879,common_rows,jackknife_median,logistic_regression,hjorth_mobility,svd_entropy,0.9800535405375855,0.9
96879,common_rows,jackknife_median,logistic_regression,mean_frequency,svd_entropy,0.9376829585959743,0.9
96879,common_rows,jackknife_median,logistic_regression,permutation_entropy,slope_sign_change_count,0.9941426928966977,0.9
96879,common_rows,jackknife_median,extra_trees,spectral_edge_frequency_95,svd_entropy,0.967084734851843,0.9
96879,common_rows,jackknife_median,extra_trees,hjorth_mobility,svd_entropy,0.9800535405375855,0.9
96879,common_rows,jackknife_median,extra_trees,mean_frequency,svd_entropy,0.9376829585959743,0.9
96879,common_rows,jackknife_median,extra_trees,permutation_entropy,slope_sign_change_count,0.9941426928966977,0.9
96879,common_rows,jackknife_median,random_forest,spectral_edge_frequency_95,svd_entropy,0.967084734851843,0.9
96879,common_rows,jackknife_median,random_forest,hjorth_mobility,svd_entropy,0.9800535405375855,0.9
96879,common_rows,jackknife_median,random_forest,mean_frequency,svd_entropy,0.9376829585959743,0.9
96879,common_rows,jackknife_median,random_forest,permutation_entropy,slope_sign_change_count,0.9941426928966977,0.9
96879,common_rows,calibration_median,logistic_regression,mean_frequency,svd_entropy,0.9445758150245498,0.9
96879,common_rows,calibration_median,logistic_regression,hjorth_mobility,svd_entropy,0.9779693732537582,0.9
96879,common_rows,calibration_median,logistic_regression,permutation_entropy,slope_sign_change_count,0.9924564760673092,0.9
96879,common_rows,calibration_median,logistic_regression,spectral_edge_frequency_95,svd_entropy,0.9710893362911456,0.9
96879,common_rows,calibration_median,extra_trees,mean_frequency,svd_entropy,0.9445758150245498,0.9
96879,common_rows,calibration_median,extra_trees,hjorth_mobility,svd_entropy,0.9779693732537582,0.9
96879,common_rows,calibration_median,extra_trees,permutation_entropy,slope_sign_change_count,0.9924564760673092,0.9
96879,common_rows,calibration_median,extra_trees,spectral_edge_frequency_95,svd_entropy,0.9710893362911456,0.9
96879,common_rows,calibration_median,random_forest,mean_frequency,svd_entropy,0.9445758150245498,0.9
96879,common_rows,calibration_median,random_forest,hjorth_mobility,svd_entropy,0.9779693732537582,0.9
96879,common_rows,calibration_median,random_forest,permutation_entropy,slope_sign_change_count,0.9924564760673092,0.9
96879,common_rows,calibration_median,random_forest,spectral_edge_frequency_95,svd_entropy,0.9710893362911456,0.9
96879,common_rows,calibration_median_iqr,logistic_regression,svd_entropy,hjorth_mobility,0.9815034861810418,0.9
96879,common_rows,calibration_median_iqr,logistic_regression,spectral_edge_frequency_95,hjorth_mobility,0.9519881908946568,0.9
96879,common_rows,calibration_median_iqr,logistic_regression,permutation_entropy,slope_sign_change_count,0.9957247971542543,0.9
96879,common_rows,calibration_median_iqr,logistic_regression,mean_frequency,hjorth_mobility,0.9858053342384028,0.9
96879,common_rows,calibration_median_iqr,extra_trees,svd_entropy,hjorth_mobility,0.9815034861810418,0.9
96879,common_rows,calibration_median_iqr,extra_trees,spectral_edge_frequency_95,hjorth_mobility,0.9519881908946568,0.9
96879,common_rows,calibration_median_iqr,extra_trees,permutation_entropy,slope_sign_change_count,0.9957247971542543,0.9
96879,common_rows,calibration_median_iqr,extra_trees,mean_frequency,hjorth_mobility,0.9858053342384028,0.9
96879,common_rows,calibration_median_iqr,random_forest,svd_entropy,hjorth_mobility,0.9815034861810418,0.9
96879,common_rows,calibration_median_iqr,random_forest,spectral_edge_frequency_95,hjorth_mobility,0.9519881908946568,0.9
96879,common_rows,calibration_median_iqr,random_forest,permutation_entropy,slope_sign_change_count,0.9957247971542543,0.9
96879,common_rows,calibration_median_iqr,random_forest,mean_frequency,hjorth_mobility,0.9858053342384028,0.9
96879,native_rows,none,logistic_regression,root_mean_square,mean_absolute_value,0.9024179352853161,0.9
96879,native_rows,none,logistic_regression,hjorth_complexity,median_frequency,0.927087852311816,0.9
96879,native_rows,none,logistic_regression,svd_entropy,spectral_edge_frequency_95,0.9651205371764405,0.9
96879,native_rows,none,logistic_regression,hjorth_mobility,spectral_edge_frequency_95,0.9068157303804596,0.9
96879,native_rows,none,extra_trees,root_mean_square,mean_absolute_value,0.9024179352853161,0.9
96879,native_rows,none,extra_trees,hjorth_complexity,median_frequency,0.927087852311816,0.9
96879,native_rows,none,extra_trees,svd_entropy,spectral_edge_frequency_95,0.9651205371764405,0.9
96879,native_rows,none,extra_trees,hjorth_mobility,spectral_edge_frequency_95,0.9068157303804596,0.9
96879,native_rows,none,random_forest,root_mean_square,mean_absolute_value,0.9024179352853161,0.9
96879,native_rows,none,random_forest,hjorth_complexity,median_frequency,0.927087852311816,0.9
96879,native_rows,none,random_forest,svd_entropy,spectral_edge_frequency_95,0.9651205371764405,0.9
96879,native_rows,none,random_forest,hjorth_mobility,spectral_edge_frequency_95,0.9068157303804596,0.9
96879,native_rows,jackknife_median,logistic_regression,spectral_edge_frequency_95,svd_entropy,0.9620525495562084,0.9
96879,native_rows,jackknife_median,logistic_regression,mean_frequency,median_frequency,0.9017716195227069,0.9
96879,native_rows,jackknife_median,logistic_regression,hjorth_mobility,svd_entropy,0.9772090226114976,0.9
96879,native_rows,jackknife_median,extra_trees,spectral_edge_frequency_95,svd_entropy,0.9620525495562084,0.9
96879,native_rows,jackknife_median,extra_trees,mean_frequency,median_frequency,0.9017716195227069,0.9
96879,native_rows,jackknife_median,extra_trees,hjorth_mobility,svd_entropy,0.9772090226114976,0.9
96879,native_rows,jackknife_median,random_forest,spectral_edge_frequency_95,svd_entropy,0.9620525495562084,0.9
96879,native_rows,jackknife_median,random_forest,mean_frequency,median_frequency,0.9017716195227069,0.9
96879,native_rows,jackknife_median,random_forest,hjorth_mobility,svd_entropy,0.9772090226114976,0.9
96879,native_rows,calibration_median,logistic_regression,mean_frequency,svd_entropy,0.9445758150245498,0.9
96879,native_rows,calibration_median,logistic_regression,hjorth_mobility,svd_entropy,0.9779693732537582,0.9
96879,native_rows,calibration_median,logistic_regression,permutation_entropy,slope_sign_change_count,0.9924564760673092,0.9
96879,native_rows,calibration_median,logistic_regression,spectral_edge_frequency_95,svd_entropy,0.9710893362911456,0.9
96879,native_rows,calibration_median,extra_trees,mean_frequency,svd_entropy,0.9445758150245498,0.9
96879,native_rows,calibration_median,extra_trees,hjorth_mobility,svd_entropy,0.9779693732537582,0.9
96879,native_rows,calibration_median,extra_trees,permutation_entropy,slope_sign_change_count,0.9924564760673092,0.9
96879,native_rows,calibration_median,extra_trees,spectral_edge_frequency_95,svd_entropy,0.9710893362911456,0.9
96879,native_rows,calibration_median,random_forest,mean_frequency,svd_entropy,0.9445758150245498,0.9
96879,native_rows,calibration_median,random_forest,hjorth_mobility,svd_entropy,0.9779693732537582,0.9
96879,native_rows,calibration_median,random_forest,permutation_entropy,slope_sign_change_count,0.9924564760673092,0.9
96879,native_rows,calibration_median,random_forest,spectral_edge_frequency_95,svd_entropy,0.9710893362911456,0.9
96879,native_rows,calibration_median_iqr,logistic_regression,svd_entropy,hjorth_mobility,0.9815034861810418,0.9
96879,native_rows,calibration_median_iqr,logistic_regression,spectral_edge_frequency_95,hjorth_mobility,0.9519881908946568,0.9
96879,native_rows,calibration_median_iqr,logistic_regression,permutation_entropy,slope_sign_change_count,0.9957247971542543,0.9
96879,native_rows,calibration_median_iqr,logistic_regression,mean_frequency,hjorth_mobility,0.9858053342384028,0.9
96879,native_rows,calibration_median_iqr,extra_trees,svd_entropy,hjorth_mobility,0.9815034861810418,0.9
96879,native_rows,calibration_median_iqr,extra_trees,spectral_edge_frequency_95,hjorth_mobility,0.9519881908946568,0.9
96879,native_rows,calibration_median_iqr,extra_trees,permutation_entropy,slope_sign_change_count,0.9957247971542543,0.9
96879,native_rows,calibration_median_iqr,extra_trees,mean_frequency,hjorth_mobility,0.9858053342384028,0.9
96879,native_rows,calibration_median_iqr,random_forest,svd_entropy,hjorth_mobility,0.9815034861810418,0.9
96879,native_rows,calibration_median_iqr,random_forest,spectral_edge_frequency_95,hjorth_mobility,0.9519881908946568,0.9
96879,native_rows,calibration_median_iqr,random_forest,permutation_entropy,slope_sign_change_count,0.9957247971542543,0.9
96879,native_rows,calibration_median_iqr,random_forest,mean_frequency,hjorth_mobility,0.9858053342384028,0.9
